# Blender 5.2.2 LTS
# www.blender.org
mtllib Oak_Leav.mtl
o Oak_Leav
v 50.023682 -0.000563 -0.000011
v 50.025417 0.072397 0.000835
v 50.000000 -0.000273 0.023683
v 50.001732 0.072745 0.024525
v 50.000000 0.000273 -0.023691
v 50.001732 0.072891 -0.022853
v 49.978046 0.073240 0.000838
v 49.976318 0.000563 0.000003
v 50.001732 0.072745 0.024525
v 50.000000 -0.000273 0.023683
v 50.027069 0.268366 0.000726
v 50.028694 0.268875 -0.000191
v 50.002506 0.275387 0.026715
v 50.009254 0.283066 0.027174
v 50.002506 0.276908 -0.024802
v 50.009254 0.288337 -0.024096
v 49.989815 0.302529 0.003269
v 49.977940 0.283930 0.001186
v 50.009254 0.283066 0.027174
v 50.002506 0.275387 0.026715
v 50.043385 0.302849 0.003569
v 50.051548 0.311634 0.004483
v 50.033085 0.310258 0.018222
v 50.041599 0.319057 0.019370
v 50.033085 0.313403 -0.009009
v 50.041599 0.322883 -0.007774
v 50.031651 0.330305 0.007114
v 50.022785 0.320812 0.005644
v 50.041599 0.319057 0.019370
v 50.033085 0.310258 0.018222
v 50.075703 0.339239 0.008629
v 50.085091 0.347992 0.010130
v 50.068104 0.345043 0.020834
v 50.077656 0.353624 0.022518
v 50.068104 0.348982 -0.000739
v 50.077656 0.358132 0.001056
v 50.070221 0.363765 0.013444
v 50.060501 0.354786 0.011467
v 50.077656 0.353624 0.022518
v 50.068104 0.345043 0.020834
v 50.110485 0.373408 0.021141
v 50.122257 0.382735 0.019181
v 50.107117 0.384672 0.025406
v 50.116756 0.388892 0.009787
v 50.107117 0.376778 0.009578
v 50.116756 0.372139 0.015459
v 50.111256 0.378295 0.006065
v 50.103748 0.388042 0.013843
v 50.116756 0.388892 0.009787
v 50.107117 0.384672 0.025406
v 50.153641 0.370900 -0.008648
v 50.164680 0.367319 -0.017204
v 50.149654 0.375044 -0.016120
v 50.160336 0.370974 -0.024729
v 50.149654 0.362705 -0.011066
v 50.160336 0.359086 -0.018691
v 50.155987 0.362741 -0.026216
v 50.145672 0.366849 -0.018538
v 50.160336 0.370974 -0.024729
v 50.149654 0.375044 -0.016120
v 50.194626 0.353571 -0.041792
v 50.205082 0.348125 -0.049787
v 50.191055 0.355826 -0.048040
v 50.201427 0.349994 -0.056114
v 50.191055 0.346938 -0.042143
v 50.201427 0.341529 -0.049623
v 50.197773 0.343398 -0.055951
v 50.187481 0.349193 -0.048391
v 50.201427 0.349994 -0.056114
v 50.191055 0.355826 -0.048040
v 50.112713 0.374160 0.015900
v 50.122921 0.382211 0.017785
v 50.107117 0.378658 0.026017
v 50.117496 0.386628 0.028031
v 50.107117 0.382792 0.008967
v 50.117496 0.391125 0.011074
v 50.112076 0.395541 0.021320
v 50.101521 0.387290 0.019083
v 50.117496 0.386628 0.028031
v 50.107117 0.378658 0.026017
v 50.153236 0.405852 0.024421
v 50.164356 0.413164 0.026582
v 50.149193 0.409282 0.032810
v 50.160473 0.416513 0.035078
v 50.149193 0.413390 0.019389
v 50.160473 0.420913 0.021750
v 50.156586 0.424262 0.030246
v 50.145149 0.416820 0.027778
v 50.160473 0.416513 0.035078
v 50.149193 0.409282 0.032810
v 50.197334 0.434382 0.034104
v 50.209175 0.440788 0.036844
v 50.194424 0.436533 0.041171
v 50.206375 0.442548 0.044061
v 50.194424 0.441029 0.030882
v 50.206375 0.447682 0.034076
v 50.203575 0.449442 0.041294
v 50.191513 0.443180 0.037949
v 50.206375 0.442548 0.044061
v 50.194424 0.436533 0.041171
v 50.025124 0.275986 0.000954
v 50.026150 0.345010 0.002475
v 50.002506 0.275855 0.023574
v 50.003529 0.344766 0.025094
v 50.002506 0.276440 -0.021661
v 50.003529 0.345478 -0.020140
v 49.980907 0.345234 0.002479
v 49.979885 0.276309 0.000958
v 50.003529 0.344766 0.025094
v 50.002506 0.275855 0.023574
v 50.025719 0.537620 0.001143
v 50.025486 0.550550 -0.007024
v 50.003201 0.543809 0.022795
v 50.002972 0.563670 0.011285
v 50.003201 0.531090 -0.020409
v 50.002972 0.536580 -0.024694
v 49.980461 0.549701 -0.006385
v 49.980682 0.537279 0.001243
v 50.002972 0.563670 0.011285
v 50.003201 0.543809 0.022795
v 50.015495 0.585587 -0.034376
v 50.015053 0.597808 -0.044093
v 50.001793 0.593582 -0.023237
v 50.001350 0.606121 -0.033188
v 50.001793 0.577024 -0.045084
v 50.001350 0.588850 -0.054476
v 49.987652 0.597164 -0.043571
v 49.988091 0.585019 -0.033945
v 50.001350 0.606121 -0.033188
v 50.001793 0.593582 -0.023237
v 50.010731 0.632701 -0.073969
v 50.010109 0.644575 -0.084695
v 49.999771 0.639668 -0.065492
v 49.999153 0.651680 -0.076331
v 49.999771 0.625126 -0.081907
v 49.999153 0.636811 -0.092451
v 49.988197 0.643916 -0.084087
v 49.988815 0.632092 -0.073430
v 49.999153 0.651680 -0.076331
v 49.999771 0.639668 -0.065492
v 50.005787 0.678218 -0.117421
v 50.004913 0.689581 -0.129071
v 49.997025 0.684128 -0.110925
v 49.996155 0.695586 -0.122658
v 49.997025 0.671688 -0.123296
v 49.996155 0.682897 -0.134774
v 49.987396 0.688903 -0.128361
v 49.988262 0.677599 -0.116799
v 49.996155 0.695586 -0.122658
v 49.997025 0.684128 -0.110925
v 50.000488 0.721420 -0.164269
v 49.999573 0.732071 -0.176712
v 49.993484 0.726449 -0.159359
v 49.992565 0.737200 -0.171907
v 49.993484 0.715879 -0.168593
v 49.992565 0.726436 -0.180914
v 49.985558 0.731566 -0.176109
v 49.986477 0.720908 -0.163683
v 49.992565 0.737200 -0.171907
v 49.993484 0.726449 -0.159359
v 49.995491 0.761765 -0.214173
v 49.994587 0.771451 -0.227430
v 49.989883 0.766056 -0.210540
v 49.988983 0.775843 -0.223919
v 49.989883 0.757099 -0.217311
v 49.988983 0.766703 -0.230441
v 49.983376 0.771095 -0.226931
v 49.984280 0.761391 -0.213678
v 49.988983 0.775843 -0.223919
v 49.989883 0.766056 -0.210540
v 50.023350 0.537650 0.001191
v 50.022339 0.588172 0.000881
v 50.003201 0.537668 0.021340
v 50.002193 0.587712 0.021029
v 50.003201 0.537231 -0.018954
v 50.002193 0.587695 -0.019267
v 49.982052 0.587235 0.000881
v 49.983055 0.537248 0.001195
v 50.002193 0.587712 0.021029
v 50.003201 0.537668 0.021340
v 50.020252 0.737754 -0.000531
v 49.999439 0.756504 0.000696
v 50.000935 0.728466 0.020950
v 49.989296 0.736494 0.021130
v 50.000935 0.728359 -0.021966
v 49.989296 0.738750 -0.021727
v 49.979153 0.718739 -0.001293
v 49.981617 0.719071 -0.000484
v 49.989296 0.736494 0.021130
v 50.000935 0.728466 0.020950
v 49.955780 0.766109 0.007531
v 49.942715 0.771878 0.013307
v 49.950111 0.753307 0.014197
v 49.937080 0.757893 0.016935
v 49.950111 0.761499 -0.006146
v 49.937080 0.770416 -0.001067
v 49.931450 0.756431 0.002561
v 49.944443 0.748697 0.000520
v 49.937080 0.757893 0.016935
v 49.950111 0.753307 0.014197
v 49.900745 0.787504 0.022279
v 49.885811 0.792444 0.024944
v 49.897453 0.776143 0.026020
v 49.883102 0.780970 0.028804
v 49.897453 0.784634 0.010667
v 49.883102 0.789163 0.013291
v 49.880390 0.777689 0.017151
v 49.894165 0.773273 0.014408
v 49.883102 0.780970 0.028804
v 49.897453 0.776143 0.026020
v 49.843952 0.795699 0.029985
v 49.839096 0.793796 0.041182
v 49.840130 0.787895 0.025440
v 49.832954 0.787055 0.037573
v 49.840130 0.801568 0.023122
v 49.832954 0.800901 0.038356
v 49.826817 0.794160 0.034747
v 49.836308 0.793765 0.018577
v 49.832954 0.787055 0.037573
v 49.840130 0.787895 0.025440
v 49.821133 0.789996 0.080478
v 49.816998 0.788158 0.094711
v 49.816055 0.784891 0.078231
v 49.811802 0.783049 0.092767
v 49.816055 0.795484 0.079484
v 49.811802 0.793608 0.094281
v 49.806606 0.788498 0.092337
v 49.810978 0.790379 0.077237
v 49.811802 0.783049 0.092767
v 49.816055 0.784891 0.078231
v 49.809708 0.780634 0.136799
v 49.809780 0.777323 0.150962
v 49.805450 0.776513 0.135660
v 49.805519 0.773132 0.150134
v 49.805450 0.784865 0.137414
v 49.805519 0.781408 0.152212
v 49.801258 0.777217 0.151384
v 49.801189 0.780744 0.136275
v 49.805519 0.773132 0.150134
v 49.805450 0.776513 0.135660
v 49.841434 0.801553 0.025291
v 49.825943 0.803779 0.022135
v 49.840130 0.793703 0.031223
v 49.825005 0.799339 0.030961
v 49.840130 0.795760 0.017339
v 49.825005 0.794994 0.017615
v 49.824066 0.790554 0.026440
v 49.838829 0.787910 0.023271
v 49.825005 0.799339 0.030961
v 49.840130 0.793703 0.031223
v 49.782600 0.801622 0.013896
v 49.768761 0.800835 0.009450
v 49.781368 0.805975 0.020422
v 49.766865 0.806484 0.014696
v 49.781368 0.794992 0.018087
v 49.766865 0.795257 0.014772
v 49.764969 0.800906 0.020018
v 49.780136 0.799344 0.024612
v 49.766865 0.806484 0.014696
v 49.781368 0.805975 0.020422
v 49.725605 0.795513 -0.000131
v 49.711044 0.791637 0.000353
v 49.724735 0.801766 0.000566
v 49.710133 0.797230 -0.002515
v 49.724735 0.794697 0.006108
v 49.710133 0.794385 0.006006
v 49.709217 0.799979 0.003138
v 49.723866 0.800950 0.006804
v 49.710133 0.797230 -0.002515
v 49.724735 0.801766 0.000566
v 50.020367 0.728435 -0.000508
v 50.020229 0.776458 -0.001489
v 50.000935 0.728787 0.018921
v 50.000793 0.776887 0.017939
v 50.000935 0.728038 -0.019937
v 50.000793 0.775880 -0.020913
v 49.981361 0.776309 -0.001485
v 49.981503 0.728390 -0.000507
v 50.000793 0.776887 0.017939
v 50.000935 0.728787 0.018921
v 50.020691 0.904626 -0.005193
v 50.027321 0.914228 -0.003372
v 50.001343 0.904550 0.016049
v 50.011024 0.906858 0.019115
v 50.011024 0.937519 -0.007550
v 50.001343 0.916551 -0.022771
v 49.994728 0.930150 0.014937
v 49.981998 0.916476 -0.001529
v 50.001343 0.904550 0.016049
v 50.011024 0.906858 0.019115
v 50.049553 0.945739 0.036065
v 50.057861 0.955389 0.049532
v 50.039932 0.940266 0.046925
v 50.047962 0.948517 0.059294
v 50.047962 0.967203 0.047815
v 50.039932 0.957635 0.033538
v 50.038067 0.960331 0.057577
v 50.030312 0.952161 0.044398
v 50.039932 0.940266 0.046925
v 50.047962 0.948517 0.059294
v 50.080929 0.977741 0.087976
v 50.091969 0.984504 0.098961
v 50.073898 0.972908 0.096981
v 50.085545 0.979949 0.108546
v 50.085545 0.995091 0.099687
v 50.073898 0.987961 0.087970
v 50.079121 0.990537 0.109272
v 50.066868 0.983128 0.096975
v 50.073898 0.972908 0.096981
v 50.085545 0.979949 0.108546
v 50.125294 1.004061 0.138908
v 50.120827 1.002834 0.159158
v 50.118496 0.997384 0.141230
v 50.114105 0.996050 0.156921
v 50.114105 1.009879 0.157974
v 50.118496 1.011119 0.139307
v 50.107388 1.003094 0.155738
v 50.111698 1.004442 0.141629
v 50.118496 0.997384 0.141230
v 50.114105 0.996050 0.156921
v 50.109459 0.995467 0.207587
v 50.108650 0.991332 0.224095
v 50.104156 0.990377 0.205893
v 50.103317 0.986233 0.222531
v 50.103317 0.996482 0.225486
v 50.104156 1.000800 0.208161
v 50.097984 0.991382 0.223921
v 50.098854 0.995710 0.206467
v 50.104156 0.990377 0.205893
v 50.103317 0.986233 0.222531
v 50.103527 0.975015 0.272411
v 50.100101 0.968234 0.288116
v 50.099316 0.971280 0.270235
v 50.095947 0.964761 0.285455
v 50.095947 0.972516 0.289016
v 50.099316 0.979246 0.273294
v 50.091789 0.969043 0.286354
v 50.095108 0.975511 0.271118
v 50.099316 0.971280 0.270235
v 50.095947 0.964761 0.285455
v 50.124390 1.002942 0.136695
v 50.133404 1.008132 0.152012
v 50.118496 0.997662 0.142683
v 50.127159 1.002206 0.156951
v 50.127159 1.015746 0.153252
v 50.118496 1.010841 0.137854
v 50.120914 1.009820 0.158191
v 50.112598 1.005561 0.143842
v 50.118496 0.997662 0.142683
v 50.127159 1.002206 0.156951
v 50.159367 1.018296 0.194547
v 50.169434 1.019449 0.216560
v 50.154522 1.013071 0.198049
v 50.164249 1.013730 0.218424
v 50.164249 1.024943 0.219008
v 50.154522 1.024215 0.196677
v 50.159065 1.019224 0.220872
v 50.149677 1.018990 0.200179
v 50.154522 1.013071 0.198049
v 50.164249 1.013730 0.218424
v 50.202911 1.019995 0.247677
v 50.219116 1.025413 0.242105
v 50.202141 1.025213 0.250950
v 50.216927 1.030621 0.239535
v 50.216927 1.022128 0.237315
v 50.202141 1.023186 0.242409
v 50.214737 1.027337 0.234745
v 50.201370 1.028403 0.245682
v 50.202141 1.025213 0.250950
v 50.216927 1.030621 0.239535
v 50.259373 1.030654 0.213590
v 50.271282 1.032245 0.201326
v 50.257221 1.034176 0.211588
v 50.268848 1.035677 0.199508
v 50.268848 1.029221 0.198888
v 50.257221 1.027743 0.210772
v 50.266411 1.032653 0.197069
v 50.255074 1.031265 0.208770
v 50.257221 1.034176 0.211588
v 50.268848 1.035677 0.199508
v 50.304508 1.032524 0.167303
v 50.317131 1.030537 0.157472
v 50.302845 1.034813 0.164968
v 50.315563 1.032374 0.154709
v 50.315563 1.027435 0.156297
v 50.302845 1.029676 0.165695
v 50.313999 1.029271 0.153533
v 50.301182 1.031965 0.163360
v 50.302845 1.034813 0.164968
v 50.315563 1.032374 0.154709
v 50.204887 1.023625 0.243306
v 50.216496 1.024665 0.257856
v 50.202141 1.019872 0.247416
v 50.212940 1.020256 0.260396
v 50.212940 1.029034 0.260465
v 50.202141 1.028526 0.245943
v 50.209385 1.024625 0.263005
v 50.199390 1.024774 0.250053
v 50.202141 1.019872 0.247416
v 50.212940 1.020256 0.260396
v 50.242012 1.021883 0.301337
v 50.250103 1.019970 0.316682
v 50.239182 1.018493 0.302568
v 50.247166 1.016550 0.317524
v 50.247166 1.022954 0.318552
v 50.239182 1.024943 0.303247
v 50.244228 1.019534 0.319395
v 50.236347 1.021552 0.304478
v 50.239182 1.018493 0.302568
v 50.247166 1.016550 0.317524
v 50.266541 1.010555 0.362515
v 50.269802 1.006055 0.378494
v 50.264034 1.007875 0.362538
v 50.267235 1.003465 0.378091
v 50.267235 1.008425 0.379615
v 50.264034 1.012909 0.363796
v 50.264671 1.005834 0.379212
v 50.261532 1.010229 0.363819
v 50.264034 1.007875 0.362538
v 50.267235 1.003465 0.378091
v 50.019958 0.910091 -0.003357
v 50.021542 0.949179 -0.003813
v 50.001343 0.910700 0.015257
v 50.002949 0.950238 0.014802
v 50.002949 0.950110 -0.022435
v 50.001343 0.910402 -0.021979
v 49.984356 0.951169 -0.003820
v 49.982731 0.911011 -0.003365
v 50.001343 0.910700 0.015257
v 50.002949 0.950238 0.014802
v 50.026951 1.056090 -0.000196
v 50.032013 1.064988 -0.001276
v 50.007771 1.063409 0.018919
v 50.015182 1.081708 0.013693
v 50.015182 1.067960 -0.023520
v 50.007771 1.058800 -0.020484
v 49.998348 1.084680 -0.008551
v 49.988586 1.066119 -0.001369
v 50.007771 1.063409 0.018919
v 50.015182 1.081708 0.013693
v 50.048676 1.106858 -0.017196
v 50.057766 1.118804 -0.021482
v 50.041401 1.114422 -0.010580
v 50.050735 1.126789 -0.015102
v 50.050735 1.120648 -0.031536
v 50.041401 1.108531 -0.027106
v 50.043705 1.128632 -0.025155
v 50.034126 1.116096 -0.020489
v 50.041401 1.114422 -0.010580
v 50.050735 1.126789 -0.015102
v 50.085056 1.153192 -0.035492
v 50.095146 1.164066 -0.040405
v 50.079643 1.160153 -0.030938
v 50.089859 1.171308 -0.036154
v 50.089859 1.165096 -0.048739
v 50.079643 1.154371 -0.043727
v 50.084568 1.172338 -0.044488
v 50.074230 1.161331 -0.039172
v 50.079643 1.160153 -0.030938
v 50.089859 1.171308 -0.036154
v 50.126007 1.196185 -0.056422
v 50.128136 1.199761 -0.071412
v 50.120979 1.202375 -0.055717
v 50.122501 1.205406 -0.070717
v 50.122501 1.194089 -0.070983
v 50.120979 1.192691 -0.061579
v 50.116871 1.199734 -0.070287
v 50.115952 1.198880 -0.060874
v 50.120979 1.202375 -0.055717
v 50.122501 1.205406 -0.070717
v 50.119728 1.196612 -0.119356
v 50.117615 1.195166 -0.134733
v 50.115475 1.200889 -0.119221
v 50.113396 1.199478 -0.134620
v 50.113396 1.191007 -0.133589
v 50.115475 1.192364 -0.118841
v 50.109177 1.195319 -0.133476
v 50.111221 1.196641 -0.118705
v 50.115475 1.200889 -0.119221
v 50.113396 1.199478 -0.134620
v 50.110229 1.187413 -0.177395
v 50.108025 1.183282 -0.191518
v 50.106853 1.190847 -0.177714
v 50.104649 1.186685 -0.192089
v 50.104649 1.180191 -0.189983
v 50.106853 1.184212 -0.176110
v 50.101273 1.183595 -0.190553
v 50.103477 1.187647 -0.176429
v 50.106853 1.190847 -0.177714
v 50.104649 1.186685 -0.192089
v 50.125015 1.194175 -0.056656
v 50.135693 1.203436 -0.062169
v 50.120979 1.200397 -0.053820
v 50.131767 1.209870 -0.059677
v 50.131767 1.203709 -0.069064
v 50.120979 1.194668 -0.063476
v 50.127838 1.210144 -0.066572
v 50.116947 1.200890 -0.060641
v 50.120979 1.200397 -0.053820
v 50.131767 1.209870 -0.059677
v 50.167553 1.228800 -0.080183
v 50.178558 1.238679 -0.091699
v 50.164211 1.234098 -0.079130
v 50.174820 1.243786 -0.091163
v 50.174820 1.236427 -0.096314
v 50.164211 1.227745 -0.085480
v 50.171082 1.241534 -0.095778
v 50.160870 1.233042 -0.084427
v 50.164211 1.234098 -0.079130
v 50.174820 1.243786 -0.091163
v 50.210495 1.254589 -0.110094
v 50.224216 1.259506 -0.104525
v 50.209332 1.255935 -0.105458
v 50.221897 1.256631 -0.101208
v 50.221897 1.263495 -0.102692
v 50.209332 1.259139 -0.111707
v 50.219574 1.260620 -0.099374
v 50.208168 1.260485 -0.107071
v 50.209332 1.255935 -0.105458
v 50.221897 1.256631 -0.101208
v 50.255379 1.264193 -0.075547
v 50.266029 1.265453 -0.065754
v 50.253723 1.261913 -0.073199
v 50.264229 1.263019 -0.063683
v 50.264229 1.268191 -0.064105
v 50.253723 1.267047 -0.073943
v 50.262428 1.265757 -0.062034
v 50.252068 1.264766 -0.071595
v 50.253723 1.261913 -0.073199
v 50.264229 1.263019 -0.063683
v 50.295139 1.265847 -0.036573
v 50.304909 1.264670 -0.026707
v 50.293678 1.263664 -0.035261
v 50.303417 1.262377 -0.025643
v 50.303417 1.266466 -0.024930
v 50.293678 1.267803 -0.034942
v 50.301926 1.264174 -0.023866
v 50.292217 1.265620 -0.033630
v 50.293678 1.263664 -0.035261
v 50.303417 1.262377 -0.025643
v 50.211128 1.255223 -0.106648
v 50.223068 1.261655 -0.113341
v 50.209332 1.259789 -0.105889
v 50.220928 1.266136 -0.113423
v 50.220928 1.260557 -0.117687
v 50.209332 1.255284 -0.111276
v 50.218792 1.265038 -0.117768
v 50.207535 1.259851 -0.110517
v 50.209332 1.259789 -0.105889
v 50.220928 1.266136 -0.113423
v 50.256470 1.275952 -0.135075
v 50.267948 1.279975 -0.142735
v 50.254917 1.279227 -0.135644
v 50.266396 1.283185 -0.143595
v 50.266396 1.278434 -0.145679
v 50.254917 1.274683 -0.138147
v 50.264839 1.281644 -0.146539
v 50.253365 1.277958 -0.138716
v 50.254917 1.279227 -0.135644
v 50.266396 1.283185 -0.143595
v 50.301296 1.288212 -0.165449
v 50.312977 1.289751 -0.172788
v 50.300152 1.290651 -0.166612
v 50.311874 1.292031 -0.174270
v 50.311874 1.287913 -0.174792
v 50.300152 1.286629 -0.167639
v 50.310772 1.290193 -0.176275
v 50.299004 1.289068 -0.168802
v 50.300152 1.290651 -0.166612
v 50.311874 1.292031 -0.174270
v 50.026188 1.060358 -0.000812
v 50.028080 1.097994 0.000651
v 50.007771 1.060382 0.017635
v 50.009674 1.098291 0.019106
v 50.009674 1.099638 -0.017732
v 50.007771 1.061827 -0.019200
v 49.991268 1.099935 0.000722
v 49.989353 1.061851 -0.000753
v 50.007771 1.060382 0.017635
v 50.009674 1.098291 0.019106
v 50.030827 1.210352 0.001120
v 50.018597 1.224096 -0.015422
v 50.012211 1.210940 0.021316
v 50.003067 1.231228 0.006091
v 50.003067 1.201752 -0.019220
v 50.012211 1.199174 -0.015711
v 49.987541 1.208885 0.002292
v 49.993599 1.199762 0.004485
v 50.012211 1.210940 0.021316
v 50.003067 1.231228 0.006091
v 49.979122 1.244932 -0.042645
v 49.968803 1.252917 -0.054256
v 49.972000 1.248493 -0.033133
v 49.961758 1.257191 -0.044982
v 49.961758 1.242727 -0.054912
v 49.972000 1.234897 -0.044221
v 49.964878 1.238459 -0.034708
v 49.954716 1.247001 -0.045639
v 49.961758 1.257191 -0.044982
v 49.972000 1.248493 -0.033133
v 49.936050 1.272664 -0.087270
v 49.924927 1.278666 -0.098953
v 49.930656 1.276551 -0.079902
v 49.919643 1.282883 -0.091685
v 49.919643 1.270324 -0.097951
v 49.930656 1.264345 -0.086831
v 49.925262 1.268233 -0.079463
v 49.914364 1.274540 -0.090683
v 49.919643 1.282883 -0.091685
v 49.930656 1.276551 -0.079902
v 49.891239 1.291244 -0.130000
v 49.890728 1.293286 -0.143077
v 49.886150 1.296040 -0.126443
v 49.885242 1.298887 -0.143330
v 49.885242 1.287848 -0.144442
v 49.886150 1.285316 -0.129287
v 49.881062 1.290112 -0.125731
v 49.879753 1.293449 -0.144695
v 49.885242 1.298887 -0.143330
v 49.886150 1.296040 -0.126443
v 49.895603 1.295049 -0.191767
v 49.896587 1.294622 -0.207873
v 49.891338 1.299317 -0.191908
v 49.892330 1.298865 -0.208393
v 49.892330 1.290348 -0.207876
v 49.891338 1.290783 -0.191950
v 49.887077 1.295051 -0.192091
v 49.888073 1.294590 -0.208396
v 49.892330 1.298865 -0.208393
v 49.891338 1.299317 -0.191908
v 49.900024 1.289515 -0.253896
v 49.902367 1.286427 -0.269040
v 49.896641 1.292813 -0.254880
v 49.898998 1.289618 -0.270376
v 49.898998 1.282975 -0.268805
v 49.896641 1.286075 -0.253781
v 49.893253 1.289373 -0.254765
v 49.895634 1.286166 -0.270142
v 49.898998 1.289618 -0.270376
v 49.896641 1.292813 -0.254880
v 49.890175 1.292063 -0.131523
v 49.878284 1.295776 -0.142888
v 49.886150 1.295928 -0.125877
v 49.874371 1.299951 -0.137387
v 49.874371 1.289224 -0.140705
v 49.886150 1.285428 -0.129854
v 49.882122 1.289292 -0.124207
v 49.870453 1.293399 -0.135204
v 49.874371 1.299951 -0.137387
v 49.886150 1.295928 -0.125877
v 49.842003 1.302556 -0.174143
v 49.829399 1.303908 -0.184675
v 49.839043 1.306365 -0.170012
v 49.826550 1.308005 -0.180745
v 49.826550 1.299073 -0.181701
v 49.839043 1.297529 -0.171630
v 49.836082 1.301339 -0.167499
v 49.823700 1.303169 -0.177771
v 49.826550 1.308005 -0.180745
v 49.839043 1.306365 -0.170012
v 49.792828 1.303828 -0.214005
v 49.780956 1.302053 -0.224275
v 49.790478 1.307613 -0.211559
v 49.778561 1.306084 -0.222315
v 49.778561 1.299024 -0.220972
v 49.790478 1.300447 -0.211026
v 49.788132 1.304232 -0.208579
v 49.776169 1.303054 -0.219011
v 49.778561 1.306084 -0.222315
v 49.790478 1.307613 -0.211559
v 50.030064 1.205253 0.002806
v 50.029186 1.235661 0.003449
v 50.012211 1.204760 0.020651
v 50.011353 1.234495 0.021280
v 50.011353 1.235220 -0.014414
v 50.012211 1.205354 -0.015046
v 49.994362 1.204861 0.002799
v 49.993519 1.234054 0.003417
v 50.011353 1.234495 0.021280
v 50.012211 1.204760 0.020651
v 50.025486 1.321237 0.002472
v 50.020569 1.337216 0.010640
v 50.007492 1.315084 0.019876
v 50.003201 1.323697 0.024058
v 50.003201 1.341009 -0.008026
v 50.007492 1.321668 -0.015981
v 49.989498 1.315516 0.001422
v 49.985828 1.327491 0.005392
v 50.003201 1.323697 0.024058
v 50.007492 1.315084 0.019876
v 49.995602 1.372359 0.030548
v 49.990704 1.385163 0.038034
v 49.988922 1.367105 0.035672
v 49.984051 1.379654 0.042922
v 49.984051 1.386834 0.030862
v 49.988922 1.373847 0.023362
v 49.982239 1.368593 0.028486
v 49.977394 1.381325 0.035749
v 49.984051 1.379654 0.042922
v 49.988922 1.367105 0.035672
v 49.974632 1.420581 0.060609
v 49.969501 1.432399 0.068665
v 49.969341 1.415920 0.064258
v 49.964230 1.427611 0.072169
v 49.964230 1.434038 0.062962
v 49.969341 1.422111 0.054891
v 49.964050 1.417450 0.058540
v 49.958954 1.429250 0.066467
v 49.964230 1.427611 0.072169
v 49.969341 1.415920 0.064258
v 49.953384 1.463278 0.091635
v 49.958603 1.467327 0.097574
v 49.948887 1.460528 0.095268
v 49.955364 1.466983 0.103089
v 49.955364 1.472624 0.096005
v 49.948887 1.466771 0.088709
v 49.944386 1.464021 0.092342
v 49.952129 1.472281 0.101519
v 49.955364 1.466983 0.103089
v 49.948887 1.460528 0.095268
v 49.992165 1.492633 0.116357
v 50.002720 1.499707 0.122490
v 49.989773 1.492066 0.120512
v 50.000507 1.499501 0.126775
v 50.000507 1.503893 0.121549
v 49.989773 1.496748 0.115544
v 49.987385 1.496180 0.119700
v 49.998295 1.503687 0.125834
v 50.000507 1.499501 0.126775
v 49.989773 1.492066 0.120512
v 50.034515 1.519595 0.139229
v 50.045853 1.525572 0.144235
v 50.032902 1.519527 0.142738
v 50.044350 1.525574 0.147793
v 50.044350 1.529072 0.143599
v 50.032902 1.523039 0.138555
v 50.031288 1.522971 0.142064
v 50.042850 1.529074 0.147157
v 50.044350 1.525574 0.147793
v 50.032902 1.519527 0.142738
v 49.953079 1.464916 0.092972
v 49.947750 1.475684 0.101608
v 49.948887 1.460895 0.095536
v 49.943565 1.471568 0.104037
v 49.943565 1.477274 0.097100
v 49.948887 1.466404 0.088441
v 49.944691 1.462383 0.091005
v 49.939384 1.473157 0.099529
v 49.943565 1.471568 0.104037
v 49.948887 1.460895 0.095536
v 49.931049 1.505117 0.127510
v 49.925571 1.514781 0.136631
v 49.927719 1.501691 0.129246
v 49.922256 1.511288 0.138249
v 49.927719 1.506539 0.123942
v 49.922256 1.516290 0.133089
v 49.918938 1.512797 0.134707
v 49.924393 1.503113 0.125678
v 49.922256 1.511288 0.138249
v 49.927719 1.501691 0.129246
v 49.908745 1.540989 0.163852
v 49.903175 1.549294 0.173542
v 49.906105 1.538094 0.164938
v 49.900543 1.546346 0.174495
v 49.906105 1.542354 0.161078
v 49.900543 1.550760 0.170813
v 49.897915 1.547812 0.171766
v 49.903465 1.539459 0.162164
v 49.900543 1.546346 0.174495
v 49.906105 1.538094 0.164938
v 50.024235 1.319160 0.001918
v 50.022640 1.347834 0.000834
v 50.007492 1.319010 0.018697
v 50.005901 1.347624 0.017618
v 50.007492 1.317743 -0.014803
v 50.005901 1.346306 -0.015881
v 49.989159 1.346097 0.000903
v 49.990749 1.317593 0.001977
v 50.005901 1.347624 0.017618
v 50.007492 1.319010 0.018697
v 50.021458 1.422068 -0.001916
v 50.028023 1.430721 -0.000959
v 50.005493 1.424507 0.015498
v 50.014988 1.432180 0.018842
v 50.005493 1.429920 -0.017650
v 50.014988 1.447961 -0.010808
v 50.001957 1.449419 0.008993
v 49.989529 1.432358 -0.000236
v 50.014988 1.432180 0.018842
v 50.005493 1.424507 0.015498
v 50.051636 1.469259 0.020448
v 50.061989 1.480298 0.026505
v 50.046135 1.469818 0.028690
v 50.056599 1.480619 0.034833
v 50.046135 1.476399 0.016293
v 50.056599 1.487731 0.022733
v 50.051212 1.488052 0.031062
v 50.040634 1.476958 0.024535
v 50.056599 1.480619 0.034833
v 50.046135 1.469818 0.028690
v 50.091850 1.511582 0.045908
v 50.102459 1.521547 0.052512
v 50.087631 1.511593 0.052634
v 50.098282 1.521402 0.059264
v 50.087631 1.517761 0.043252
v 50.098282 1.527841 0.050065
v 50.094109 1.527696 0.056817
v 50.083416 1.517772 0.049978
v 50.098282 1.521402 0.059264
v 50.087631 1.511593 0.052634
v 50.133373 1.550203 0.072953
v 50.139462 1.556268 0.083606
v 50.129684 1.548223 0.077798
v 50.135178 1.552146 0.085985
v 50.129684 1.555391 0.072264
v 50.135178 1.561002 0.084096
v 50.130894 1.556880 0.086474
v 50.125996 1.553411 0.077108
v 50.135178 1.552146 0.085985
v 50.129684 1.548223 0.077798
v 50.153717 1.562612 0.129684
v 50.159054 1.564659 0.143819
v 50.150558 1.559517 0.131614
v 50.155857 1.561407 0.145405
v 50.150558 1.566211 0.130277
v 50.155857 1.568188 0.144619
v 50.152660 1.564936 0.146204
v 50.147396 1.563116 0.132208
v 50.155857 1.561407 0.145405
v 50.150558 1.559517 0.131614
v 50.173862 1.567918 0.184671
v 50.179115 1.568084 0.198343
v 50.171310 1.565227 0.185751
v 50.176571 1.565342 0.199292
v 50.171310 1.570684 0.185540
v 50.176571 1.570803 0.199360
v 50.174023 1.568060 0.200308
v 50.168758 1.567993 0.186620
v 50.176571 1.565342 0.199292
v 50.171310 1.565227 0.185751
v 50.132954 1.549384 0.073131
v 50.143864 1.558378 0.080256
v 50.129684 1.549036 0.078565
v 50.140629 1.557884 0.085698
v 50.129684 1.554578 0.071496
v 50.140629 1.563647 0.078808
v 50.137390 1.563153 0.084250
v 50.126415 1.554230 0.076930
v 50.140629 1.557884 0.085698
v 50.129684 1.549036 0.078565
v 50.175220 1.583185 0.102357
v 50.186089 1.591038 0.109902
v 50.172668 1.582552 0.106706
v 50.183556 1.590263 0.114237
v 50.172668 1.587494 0.101488
v 50.183556 1.595386 0.109199
v 50.181023 1.594611 0.113534
v 50.170116 1.586861 0.105838
v 50.183556 1.590263 0.114237
v 50.172668 1.582552 0.106706
v 50.217255 1.612370 0.133092
v 50.228004 1.618841 0.141129
v 50.215256 1.611495 0.136522
v 50.226017 1.617797 0.144519
v 50.215256 1.615900 0.132829
v 50.226017 1.622387 0.141058
v 50.224033 1.621343 0.144448
v 50.213261 1.615026 0.136259
v 50.226017 1.617797 0.144519
v 50.215256 1.611495 0.136522
v 50.020569 1.426772 -0.001064
v 50.021542 1.450908 -0.002057
v 50.005493 1.427641 0.014001
v 50.006474 1.452228 0.012980
v 50.005493 1.426785 -0.016153
v 50.006474 1.450773 -0.017151
v 49.991402 1.452094 -0.002114
v 49.990417 1.427655 -0.001089
v 50.006474 1.452228 0.012980
v 50.005493 1.427641 0.014001
v 50.023079 1.516977 -0.002554
v 50.027302 1.526030 -0.009727
v 50.009026 1.525553 0.009339
v 50.014023 1.541172 -0.007096
v 50.009026 1.513798 -0.016868
v 50.014023 1.516479 -0.021769
v 50.000748 1.531622 -0.019138
v 49.994972 1.522374 -0.004975
v 50.014023 1.541172 -0.007096
v 50.009026 1.525553 0.009339
v 50.038258 1.546796 -0.045614
v 50.046295 1.553082 -0.055190
v 50.033451 1.553074 -0.044882
v 50.041828 1.559643 -0.055110
v 50.033451 1.543766 -0.051161
v 50.041828 1.550109 -0.061040
v 50.037357 1.556671 -0.060960
v 50.028648 1.550044 -0.050429
v 50.041828 1.559643 -0.055110
v 50.033451 1.553074 -0.044882
v 50.069515 1.569754 -0.086285
v 50.077122 1.574616 -0.097382
v 50.065720 1.574835 -0.086611
v 50.073261 1.579630 -0.097933
v 50.065720 1.566657 -0.090325
v 50.073261 1.571233 -0.101124
v 50.069401 1.576247 -0.101674
v 50.061920 1.571738 -0.090651
v 50.073261 1.579630 -0.097933
v 50.065720 1.574835 -0.086611
v 50.095634 1.586085 -0.133725
v 50.088909 1.585236 -0.147472
v 50.092083 1.589610 -0.133301
v 50.085762 1.588881 -0.146055
v 50.085762 1.581794 -0.145616
v 50.092083 1.582556 -0.134114
v 50.082611 1.585439 -0.144199
v 50.088535 1.586081 -0.133690
v 50.085762 1.588881 -0.146055
v 50.092083 1.589610 -0.133301
v 50.072002 1.580410 -0.181993
v 50.067215 1.577794 -0.193937
v 50.069473 1.583288 -0.181495
v 50.064644 1.580666 -0.193716
v 50.064644 1.575371 -0.192377
v 50.069473 1.577925 -0.180459
v 50.062069 1.578244 -0.192156
v 50.066944 1.580803 -0.179962
v 50.064644 1.580666 -0.193716
v 50.069473 1.583288 -0.181495
v 50.056049 1.566808 -0.227943
v 50.053749 1.561813 -0.239150
v 50.053921 1.569026 -0.228268
v 50.051594 1.563926 -0.239797
v 50.051594 1.559989 -0.237904
v 50.053921 1.564953 -0.226686
v 50.049435 1.562101 -0.238551
v 50.051796 1.567170 -0.227011
v 50.051594 1.563926 -0.239797
v 50.053921 1.569026 -0.228268
v 50.095325 1.585678 -0.132209
v 50.101036 1.588750 -0.144508
v 50.092083 1.589552 -0.132771
v 50.097713 1.592548 -0.145110
v 50.097713 1.585515 -0.146588
v 50.092083 1.582614 -0.134644
v 50.094391 1.589313 -0.147189
v 50.088844 1.586488 -0.135206
v 50.097713 1.592548 -0.145110
v 50.092083 1.589552 -0.132771
v 50.113590 1.594803 -0.181837
v 50.113209 1.597281 -0.198859
v 50.110752 1.597710 -0.181849
v 50.110355 1.600088 -0.198143
v 50.110355 1.594384 -0.198860
v 50.110752 1.592024 -0.182692
v 50.107506 1.597191 -0.198144
v 50.107910 1.594931 -0.182704
v 50.110355 1.600088 -0.198143
v 50.110752 1.597710 -0.181849
v 50.123600 1.597959 -0.230539
v 50.131668 1.596552 -0.235069
v 50.122112 1.599669 -0.232871
v 50.130936 1.594903 -0.237775
v 50.130936 1.593939 -0.233277
v 50.122112 1.595257 -0.231571
v 50.130199 1.592290 -0.235983
v 50.120625 1.596968 -0.233903
v 50.130936 1.594903 -0.237775
v 50.122112 1.599669 -0.232871
v 50.168571 1.580677 -0.236901
v 50.179314 1.575042 -0.239401
v 50.167763 1.580140 -0.239039
v 50.178436 1.574391 -0.241479
v 50.178436 1.573096 -0.238421
v 50.167763 1.578630 -0.236082
v 50.177563 1.572445 -0.240500
v 50.166958 1.578093 -0.238220
v 50.178436 1.574391 -0.241479
v 50.167763 1.580140 -0.239039
v 50.208870 1.556736 -0.245051
v 50.218670 1.550119 -0.245664
v 50.208145 1.555820 -0.246524
v 50.217911 1.549052 -0.247010
v 50.217911 1.549008 -0.244354
v 50.208145 1.555444 -0.243894
v 50.217148 1.547942 -0.245701
v 50.207424 1.554528 -0.245367
v 50.217911 1.549052 -0.247010
v 50.208145 1.555820 -0.246524
v 50.124104 1.597506 -0.231184
v 50.129082 1.597059 -0.243525
v 50.122112 1.599709 -0.232314
v 50.127022 1.599238 -0.244577
v 50.127022 1.594754 -0.244262
v 50.122112 1.595218 -0.232128
v 50.124962 1.596933 -0.245315
v 50.120117 1.597420 -0.233259
v 50.122112 1.599709 -0.232314
v 50.127022 1.599238 -0.244577
v 50.141224 1.593157 -0.279212
v 50.143360 1.591400 -0.291757
v 50.139606 1.594756 -0.279796
v 50.141716 1.593005 -0.292235
v 50.141716 1.589727 -0.291704
v 50.139606 1.591463 -0.279375
v 50.140068 1.591331 -0.292181
v 50.137989 1.593062 -0.279959
v 50.139606 1.594756 -0.279796
v 50.141716 1.593005 -0.292235
v 50.149765 1.583914 -0.326374
v 50.153332 1.580357 -0.337323
v 50.148483 1.585097 -0.327074
v 50.152077 1.581459 -0.338180
v 50.152077 1.578962 -0.337273
v 50.148483 1.582540 -0.326356
v 50.150818 1.580064 -0.338130
v 50.147205 1.583723 -0.327056
v 50.148483 1.585097 -0.327074
v 50.152077 1.581459 -0.338180
v 50.022408 1.518862 -0.003762
v 50.024349 1.541769 -0.003712
v 50.009026 1.519712 0.009642
v 50.011002 1.542906 0.009704
v 50.011002 1.543130 -0.017107
v 50.009026 1.519638 -0.017171
v 49.997654 1.544266 -0.003691
v 49.995644 1.520488 -0.003767
v 50.009026 1.519712 0.009642
v 50.011002 1.542906 0.009704
v 50.027512 1.613436 -0.002676
v 50.012260 1.630728 -0.006437
v 50.014526 1.609206 0.011446
v 50.003525 1.623067 0.009407
v 50.003525 1.617260 -0.017765
v 50.014526 1.607817 -0.016304
v 49.994789 1.609599 -0.001922
v 50.001537 1.603587 -0.002183
v 50.014526 1.609206 0.011446
v 50.003525 1.623067 0.009407
v 49.971321 1.652252 -0.015147
v 49.960125 1.661520 -0.021032
v 49.967419 1.650849 -0.008376
v 49.956169 1.661154 -0.014157
v 49.956169 1.655149 -0.023645
v 49.967419 1.646280 -0.018633
v 49.952217 1.654783 -0.016769
v 49.963516 1.644877 -0.011862
v 49.967419 1.650849 -0.008376
v 49.956169 1.661154 -0.014157
v 49.924828 1.686921 -0.035513
v 49.911903 1.695186 -0.038283
v 49.922165 1.685499 -0.029925
v 49.909515 1.693064 -0.032793
v 49.909515 1.690120 -0.041279
v 49.922165 1.681765 -0.038095
v 49.907127 1.687998 -0.035789
v 49.919498 1.680343 -0.032507
v 49.922165 1.685499 -0.029925
v 49.909515 1.693064 -0.032793
v 49.875771 1.713588 -0.048927
v 49.875729 1.721086 -0.059354
v 49.872681 1.714903 -0.045195
v 49.872177 1.723860 -0.057135
v 49.872177 1.718167 -0.061378
v 49.872681 1.709826 -0.050159
v 49.868629 1.720941 -0.059158
v 49.869591 1.711142 -0.046426
v 49.872681 1.714903 -0.045195
v 49.872177 1.723860 -0.057135
v 49.871262 1.743485 -0.093974
v 49.869236 1.750115 -0.106255
v 49.868553 1.745681 -0.092311
v 49.866547 1.752352 -0.104618
v 49.866547 1.747459 -0.107044
v 49.868553 1.740938 -0.095020
v 49.863857 1.749695 -0.105408
v 49.865845 1.743133 -0.093357
v 49.868553 1.745681 -0.092311
v 49.866547 1.752352 -0.104618
v 49.859486 1.765198 -0.142043
v 49.855022 1.768790 -0.154265
v 49.857395 1.767048 -0.140720
v 49.852985 1.770706 -0.152953
v 49.852985 1.766478 -0.154055
v 49.857395 1.762929 -0.142178
v 49.850945 1.768394 -0.152742
v 49.855301 1.764778 -0.140856
v 49.857395 1.767048 -0.140720
v 49.852985 1.770706 -0.152953
v 49.874664 1.714842 -0.049360
v 49.862354 1.721151 -0.054444
v 49.872681 1.714384 -0.044705
v 49.860348 1.721225 -0.049777
v 49.860348 1.716551 -0.055236
v 49.872681 1.710346 -0.050649
v 49.858337 1.716625 -0.050569
v 49.870697 1.709887 -0.045994
v 49.872681 1.714384 -0.044705
v 49.860348 1.721225 -0.049777
v 49.828022 1.737153 -0.071858
v 49.817471 1.746426 -0.080185
v 49.826069 1.737676 -0.068332
v 49.815159 1.747162 -0.076922
v 49.815159 1.743206 -0.081093
v 49.826069 1.733632 -0.072418
v 49.812851 1.743942 -0.077829
v 49.824116 1.734155 -0.068891
v 49.826069 1.737676 -0.068332
v 49.815159 1.747162 -0.076922
v 49.785358 1.753007 -0.102475
v 49.777397 1.745183 -0.107957
v 49.784004 1.755838 -0.101971
v 49.775406 1.747380 -0.109101
v 49.775406 1.744634 -0.105543
v 49.784004 1.751890 -0.099825
v 49.773415 1.746831 -0.106686
v 49.782654 1.754721 -0.099322
v 49.784004 1.755838 -0.101971
v 49.775406 1.747380 -0.109101
v 49.760468 1.716090 -0.127090
v 49.755840 1.705346 -0.132075
v 49.758968 1.717513 -0.128207
v 49.754272 1.706509 -0.133379
v 49.754272 1.705182 -0.130336
v 49.758968 1.715928 -0.125289
v 49.752705 1.706345 -0.131640
v 49.757473 1.717351 -0.126405
v 49.758968 1.717513 -0.128207
v 49.754272 1.706509 -0.133379
v 49.743950 1.674418 -0.148218
v 49.740444 1.664771 -0.155016
v 49.742683 1.675477 -0.149117
v 49.739166 1.665859 -0.155858
v 49.739166 1.664259 -0.153737
v 49.742683 1.674041 -0.146882
v 49.737888 1.665348 -0.154580
v 49.741421 1.675100 -0.147780
v 49.742683 1.675477 -0.149117
v 49.739166 1.665859 -0.155858
v 49.785358 1.754363 -0.102620
v 49.775692 1.758347 -0.111073
v 49.784004 1.756023 -0.100273
v 49.774090 1.759842 -0.108772
v 49.774090 1.755674 -0.110453
v 49.784004 1.751706 -0.101524
v 49.772484 1.757169 -0.108152
v 49.782650 1.753365 -0.099177
v 49.784004 1.756023 -0.100273
v 49.774090 1.759842 -0.108772
v 49.749603 1.767593 -0.138482
v 49.742641 1.770706 -0.149100
v 49.748264 1.768885 -0.137049
v 49.741207 1.772089 -0.147860
v 49.741207 1.768885 -0.148730
v 49.748264 1.765716 -0.138040
v 49.739773 1.770268 -0.147489
v 49.746925 1.767007 -0.136608
v 49.748264 1.768885 -0.137049
v 49.741207 1.772089 -0.147860
v 49.721165 1.776988 -0.179800
v 49.712826 1.777670 -0.189406
v 49.720135 1.778194 -0.178796
v 49.711849 1.778964 -0.188456
v 49.711849 1.776309 -0.188556
v 49.720135 1.775561 -0.179148
v 49.710873 1.777602 -0.187606
v 49.719101 1.776767 -0.178144
v 49.720135 1.778194 -0.178796
v 49.711849 1.778964 -0.188456
v 50.027527 1.608213 -0.002446
v 50.027851 1.626013 -0.000879
v 50.014526 1.607792 0.010554
v 50.014851 1.624853 0.012073
v 50.014851 1.627429 -0.013806
v 50.014526 1.609231 -0.015413
v 50.001846 1.626270 -0.000854
v 50.001526 1.608810 -0.002413
v 50.014526 1.607792 0.010554
v 50.014851 1.624853 0.012073
v 50.026943 1.673241 0.001137
v 50.031059 1.680869 0.005986
v 50.013741 1.670562 0.014607
v 50.019245 1.674004 0.019264
v 50.019245 1.695526 0.003051
v 50.013741 1.680853 -0.010296
v 50.007431 1.688661 0.016329
v 50.000534 1.678173 0.003175
v 50.013741 1.670562 0.014607
v 50.019245 1.674004 0.019264
v 50.041698 1.704096 0.039487
v 50.047398 1.710805 0.049820
v 50.037601 1.701458 0.043561
v 50.043297 1.707864 0.053678
v 50.043297 1.715606 0.049123
v 50.037601 1.708833 0.038434
v 50.039200 1.712665 0.052981
v 50.033504 1.706196 0.042508
v 50.037601 1.701458 0.043561
v 50.043297 1.707864 0.053678
v 50.061478 1.727609 0.082076
v 50.066093 1.732635 0.093353
v 50.058132 1.724910 0.084782
v 50.062706 1.729752 0.095810
v 50.062706 1.736416 0.093121
v 50.058132 1.731415 0.081729
v 50.059319 1.733533 0.095577
v 50.054783 1.728716 0.084435
v 50.058132 1.724910 0.084782
v 50.062706 1.729752 0.095810
v 50.076992 1.744550 0.127240
v 50.080585 1.747989 0.138895
v 50.074245 1.742062 0.128909
v 50.077816 1.745405 0.140371
v 50.077816 1.750964 0.138907
v 50.074245 1.747546 0.127183
v 50.075047 1.748380 0.140383
v 50.071499 1.745058 0.128852
v 50.074245 1.742062 0.128909
v 50.077816 1.745405 0.140371
v 50.088577 1.755516 0.173405
v 50.090359 1.757402 0.185365
v 50.086319 1.753330 0.174238
v 50.088078 1.755161 0.185954
v 50.088078 1.759720 0.185352
v 50.086319 1.757855 0.173418
v 50.084061 1.755669 0.174251
v 50.085796 1.757478 0.185941
v 50.088078 1.755161 0.185954
v 50.086319 1.753330 0.174238
v 50.095699 1.760934 0.219207
v 50.098568 1.761528 0.230341
v 50.093906 1.759131 0.219760
v 50.096794 1.759707 0.230902
v 50.093906 1.762800 0.219479
v 50.096794 1.763384 0.230774
v 50.095024 1.761563 0.231334
v 50.092117 1.760997 0.220032
v 50.096794 1.759707 0.230902
v 50.093906 1.759131 0.219760
v 50.026009 1.676421 0.002193
v 50.024586 1.693852 0.003432
v 50.013741 1.675062 0.014427
v 50.012348 1.691967 0.015624
v 50.012348 1.693543 -0.008902
v 50.013741 1.676353 -0.010116
v 50.001472 1.674994 0.002118
v 50.000111 1.691658 0.003291
v 50.012348 1.691967 0.015624
v 50.013741 1.675062 0.014427
v 50.021618 1.737192 0.003854
v 50.027660 1.744720 0.003403
v 50.010395 1.741410 0.015402
v 50.018890 1.753935 0.014141
v 50.010395 1.740065 -0.008100
v 50.018890 1.751097 -0.009228
v 50.010124 1.760311 0.001510
v 49.999172 1.744283 0.003448
v 50.018890 1.753935 0.014141
v 50.010395 1.741410 0.015402
v 50.050720 1.780523 -0.001882
v 50.060101 1.790728 -0.003760
v 50.047318 1.784195 0.002026
v 50.056793 1.794649 -0.000014
v 50.056793 1.792748 -0.008793
v 50.047318 1.782619 -0.006818
v 50.043911 1.786290 -0.002910
v 50.053490 1.796668 -0.005047
v 50.056793 1.794649 -0.000014
v 50.047318 1.784195 0.002026
v 50.087242 1.819877 -0.011054
v 50.096722 1.829219 -0.013760
v 50.084656 1.823252 -0.008276
v 50.094162 1.832729 -0.011122
v 50.094162 1.830508 -0.017957
v 50.084656 1.821295 -0.015190
v 50.091606 1.834018 -0.015319
v 50.082066 1.824671 -0.012412
v 50.084656 1.823252 -0.008276
v 50.094162 1.832729 -0.011122
v 50.123867 1.855560 -0.023439
v 50.133224 1.864002 -0.027008
v 50.121849 1.858545 -0.021559
v 50.131218 1.867082 -0.025272
v 50.131218 1.864655 -0.030483
v 50.121849 1.856359 -0.026876
v 50.119831 1.859345 -0.024996
v 50.129211 1.867735 -0.028747
v 50.131218 1.867082 -0.025272
v 50.121849 1.858545 -0.021559
v 50.159908 1.887603 -0.039116
v 50.168823 1.895232 -0.043824
v 50.158298 1.890178 -0.037955
v 50.167194 1.897858 -0.042812
v 50.167194 1.895304 -0.046637
v 50.158298 1.887862 -0.041928
v 50.165562 1.897930 -0.045625
v 50.156689 1.890437 -0.040767
v 50.167194 1.897858 -0.042812
v 50.158298 1.890178 -0.037955
v 50.194828 1.915923 -0.057684
v 50.204163 1.922242 -0.061872
v 50.193634 1.918102 -0.056914
v 50.203030 1.924469 -0.061144
v 50.193634 1.916082 -0.059990
v 50.203030 1.922431 -0.064207
v 50.201900 1.924657 -0.063479
v 50.192436 1.918261 -0.059220
v 50.203030 1.924469 -0.061144
v 50.193634 1.918102 -0.056914
v 50.021141 1.741102 0.003631
v 50.020348 1.754777 0.002403
v 50.010395 1.741322 0.014388
v 50.009609 1.755488 0.013147
v 50.009609 1.752956 -0.008209
v 50.010395 1.740152 -0.007086
v 49.999649 1.740373 0.003671
v 49.998875 1.753667 0.002535
v 50.009609 1.755488 0.013147
v 50.010395 1.741322 0.014388
v 50.020409 1.791870 -0.001145
v 50.020374 1.801009 -0.009913
v 50.009941 1.796310 0.008338
v 50.009907 1.809038 -0.003193
v 50.009907 1.792742 -0.016340
v 50.009941 1.787787 -0.010787
v 49.999439 1.800772 -0.009620
v 49.999474 1.792227 -0.001304
v 50.009941 1.796310 0.008338
v 50.009907 1.809038 -0.003193
v 50.010113 1.822898 -0.037889
v 50.008057 1.830147 -0.047402
v 50.006557 1.825342 -0.035202
v 50.004543 1.832584 -0.044656
v 50.004543 1.826812 -0.048937
v 50.006557 1.819783 -0.039756
v 50.003002 1.822227 -0.037069
v 50.001030 1.829249 -0.046191
v 50.004543 1.832584 -0.044656
v 50.006557 1.825342 -0.035202
v 49.997612 1.849115 -0.074079
v 49.992496 1.855519 -0.082520
v 49.994938 1.850808 -0.071525
v 49.989967 1.857013 -0.079711
v 49.989967 1.852397 -0.083137
v 49.994938 1.846168 -0.074920
v 49.987434 1.853891 -0.080328
v 49.992268 1.847861 -0.072366
v 49.989967 1.857013 -0.079711
v 49.994938 1.850808 -0.071525
v 49.977093 1.871215 -0.107152
v 49.967999 1.877405 -0.103151
v 49.975540 1.870934 -0.104353
v 49.966667 1.874832 -0.101760
v 49.975540 1.868634 -0.108272
v 49.966667 1.876577 -0.105956
v 49.965340 1.874004 -0.104565
v 49.973988 1.868354 -0.105473
v 49.966667 1.874832 -0.101760
v 49.975540 1.870934 -0.104353
v 49.940655 1.891807 -0.097993
v 49.930717 1.895644 -0.098098
v 49.939945 1.889863 -0.096640
v 49.930172 1.894006 -0.096331
v 49.930172 1.893964 -0.099826
v 49.939945 1.890634 -0.100050
v 49.939236 1.888690 -0.098697
v 49.929626 1.892325 -0.098058
v 49.930172 1.894006 -0.096331
v 49.939945 1.889863 -0.096640
v 49.902138 1.903201 -0.094842
v 49.892738 1.904853 -0.092171
v 49.901711 1.901289 -0.094575
v 49.892273 1.902969 -0.092551
v 49.892273 1.905342 -0.094030
v 49.901711 1.903028 -0.096765
v 49.891811 1.903458 -0.094409
v 49.901279 1.901116 -0.096497
v 49.901711 1.901289 -0.094575
v 49.892273 1.902969 -0.092551
v 49.977684 1.870147 -0.107061
v 49.974258 1.874082 -0.116536
v 49.975540 1.871854 -0.105310
v 49.972061 1.876002 -0.115101
v 49.972061 1.871689 -0.116697
v 49.975540 1.867715 -0.107315
v 49.973396 1.869421 -0.105564
v 49.969864 1.873610 -0.115261
v 49.972061 1.876002 -0.115101
v 49.975540 1.871854 -0.105310
v 49.961838 1.883510 -0.144241
v 49.952091 1.888458 -0.152959
v 49.960327 1.884782 -0.142545
v 49.950935 1.889278 -0.150778
v 49.950935 1.886142 -0.152701
v 49.960327 1.881404 -0.144005
v 49.949780 1.886961 -0.150519
v 49.958817 1.882676 -0.142309
v 49.950935 1.889278 -0.150778
v 49.960327 1.884782 -0.142545
v 49.939465 1.891322 -0.176276
v 49.942375 1.889086 -0.185507
v 49.938026 1.892748 -0.176468
v 49.941002 1.890386 -0.186248
v 49.938026 1.889887 -0.176175
v 49.941002 1.887591 -0.185569
v 49.939621 1.888891 -0.186310
v 49.936592 1.891313 -0.176366
v 49.941002 1.890386 -0.186248
v 49.938026 1.892748 -0.176468
v 49.952271 1.880926 -0.211413
v 49.957321 1.877662 -0.219048
v 49.951324 1.881737 -0.212253
v 49.956432 1.878361 -0.220040
v 49.956432 1.876450 -0.219109
v 49.951324 1.879760 -0.211473
v 49.950378 1.880571 -0.212314
v 49.955547 1.877149 -0.220101
v 49.956432 1.878361 -0.220040
v 49.951324 1.881737 -0.212253
v 49.970734 1.865797 -0.240740
v 49.973965 1.860962 -0.248141
v 49.969948 1.866356 -0.241461
v 49.973152 1.861516 -0.248838
v 49.973152 1.860114 -0.247870
v 49.969948 1.864898 -0.240582
v 49.972343 1.860668 -0.248566
v 49.969162 1.865457 -0.241304
v 49.969948 1.866356 -0.241461
v 49.973152 1.861516 -0.248838
v 49.939362 1.891353 -0.176859
v 49.934101 1.892260 -0.185687
v 49.938026 1.892753 -0.176227
v 49.932850 1.893657 -0.184899
v 49.932850 1.890785 -0.185060
v 49.938026 1.889883 -0.176415
v 49.936695 1.891282 -0.175784
v 49.931599 1.892181 -0.184272
v 49.932850 1.893657 -0.184899
v 49.938026 1.892753 -0.176227
v 49.920723 1.891596 -0.210945
v 49.917511 1.890497 -0.219918
v 49.919746 1.892688 -0.210615
v 49.916500 1.891598 -0.219762
v 49.916500 1.889500 -0.219427
v 49.919746 1.890570 -0.210445
v 49.915489 1.890600 -0.219271
v 49.918770 1.891662 -0.210114
v 49.916500 1.891598 -0.219762
v 49.919746 1.892688 -0.210615
v 49.906975 1.885106 -0.244937
v 49.902431 1.882575 -0.252599
v 49.906216 1.886030 -0.244786
v 49.901707 1.883527 -0.252475
v 49.906216 1.884386 -0.244339
v 49.901707 1.881926 -0.251891
v 49.900978 1.882878 -0.251767
v 49.905460 1.885310 -0.244187
v 49.901707 1.883527 -0.252475
v 49.906216 1.886030 -0.244786
v 50.019501 1.791248 -0.001146
v 50.021126 1.803529 -0.002662
v 50.009941 1.792982 0.008323
v 50.011654 1.806263 0.006658
v 50.011654 1.803819 -0.012371
v 50.009941 1.791116 -0.010771
v 50.000385 1.792850 -0.001303
v 50.002186 1.806553 -0.003051
v 50.011654 1.806263 0.006658
v 50.009941 1.792982 0.008323
v 50.026104 1.843107 -0.003951
v 50.019253 1.856269 0.002475
v 50.016911 1.839728 0.004898
v 50.011349 1.847454 0.008309
v 50.011349 1.856364 -0.008096
v 50.016911 1.843325 -0.013420
v 50.003445 1.847548 -0.002262
v 50.007717 1.839945 -0.004572
v 50.016911 1.839728 0.004898
v 50.011349 1.847454 0.008309
v 49.993355 1.880638 0.013849
v 49.985443 1.889884 0.016539
v 49.990463 1.877426 0.016524
v 49.982738 1.886634 0.019357
v 49.982738 1.888580 0.012439
v 49.990463 1.879821 0.009749
v 49.987576 1.876608 0.012424
v 49.980034 1.885331 0.015258
v 49.982738 1.886634 0.019357
v 49.990463 1.877426 0.016524
v 49.961655 1.913395 0.026080
v 49.953609 1.920973 0.030174
v 49.959526 1.910397 0.027813
v 49.951515 1.917816 0.031650
v 49.951515 1.920735 0.026697
v 49.959526 1.912924 0.022650
v 49.949425 1.917578 0.028174
v 49.957397 1.909926 0.024383
v 49.951515 1.917816 0.031650
v 49.959526 1.910397 0.027813
v 49.930111 1.940961 0.044135
v 49.919785 1.943080 0.038577
v 49.928993 1.938610 0.046019
v 49.918621 1.944456 0.041237
v 49.928993 1.939419 0.041547
v 49.918621 1.940242 0.039534
v 49.917454 1.941618 0.042193
v 49.927876 1.937068 0.043431
v 49.918621 1.944456 0.041237
v 49.928993 1.938610 0.046019
v 49.892891 1.948188 0.021037
v 49.884457 1.949663 0.014439
v 49.891865 1.949433 0.022910
v 49.883293 1.951122 0.016062
v 49.883293 1.947693 0.015380
v 49.891865 1.946098 0.021864
v 49.890839 1.947342 0.023737
v 49.882133 1.949152 0.017003
v 49.883293 1.951122 0.016062
v 49.891865 1.949433 0.022910
v 49.862915 1.952426 -0.007367
v 49.857037 1.952725 -0.015708
v 49.861832 1.953751 -0.006378
v 49.855854 1.954110 -0.014932
v 49.855854 1.951314 -0.014984
v 49.861832 1.950963 -0.006599
v 49.854675 1.952698 -0.014208
v 49.860744 1.952287 -0.005610
v 49.861832 1.953751 -0.006378
v 49.855854 1.954110 -0.014932
v 49.930698 1.940194 0.044779
v 49.923119 1.946250 0.050518
v 49.928993 1.937531 0.045540
v 49.921398 1.943540 0.051031
v 49.921398 1.946834 0.047822
v 49.928993 1.940498 0.042026
v 49.927288 1.937836 0.042787
v 49.919674 1.944124 0.048335
v 49.921398 1.943540 0.051031
v 49.928993 1.937531 0.045540
v 49.902695 1.961468 0.069980
v 49.890972 1.965779 0.078296
v 49.901386 1.959220 0.069930
v 49.889912 1.963511 0.077588
v 49.889912 1.966924 0.076214
v 49.901386 1.962277 0.067882
v 49.888851 1.964657 0.075507
v 49.900078 1.960029 0.067832
v 49.889912 1.963511 0.077588
v 49.901386 1.959220 0.069930
v 49.880829 1.977029 0.100053
v 49.887623 1.982269 0.105312
v 49.879452 1.976121 0.101243
v 49.886551 1.981936 0.107008
v 49.879452 1.978431 0.099528
v 49.886551 1.983963 0.104967
v 49.885479 1.983629 0.106662
v 49.878075 1.977522 0.100717
v 49.886551 1.981936 0.107008
v 49.879452 1.976121 0.101243
v 49.905621 2.001065 0.120742
v 49.909763 2.009198 0.125615
v 49.904694 2.000915 0.121914
v 49.908772 2.009030 0.126730
v 49.908772 2.010034 0.124857
v 49.904694 2.002082 0.120138
v 49.903763 2.001931 0.121311
v 49.907776 2.009866 0.125973
v 49.908772 2.009030 0.126730
v 49.904694 2.000915 0.121914
v 49.922806 2.031824 0.137033
v 49.928974 2.038473 0.139870
v 49.922123 2.031922 0.138020
v 49.928360 2.038718 0.140877
v 49.928360 2.039330 0.139288
v 49.922123 2.032646 0.136478
v 49.927746 2.039575 0.140295
v 49.921440 2.032744 0.137465
v 49.922123 2.031922 0.138020
v 49.928360 2.038718 0.140877
v 49.880772 1.977540 0.100894
v 49.874016 1.981006 0.108756
v 49.879452 1.975999 0.101047
v 49.872940 1.979310 0.108435
v 49.872940 1.981961 0.107319
v 49.879452 1.978552 0.099723
v 49.878132 1.977012 0.099876
v 49.871864 1.980266 0.106998
v 49.872940 1.979310 0.108435
v 49.879452 1.975999 0.101047
v 49.851719 1.988253 0.126987
v 49.842754 1.990378 0.131250
v 49.851120 1.986927 0.126607
v 49.842316 1.989001 0.130837
v 49.842316 1.990917 0.129917
v 49.851120 1.988874 0.125756
v 49.841877 1.989541 0.129504
v 49.850525 1.987548 0.125376
v 49.842316 1.989001 0.130837
v 49.851120 1.986927 0.126607
v 49.818119 1.993488 0.144177
v 49.810863 1.993535 0.150037
v 49.817619 1.992570 0.143579
v 49.810295 1.992701 0.149379
v 49.817619 1.994264 0.143403
v 49.810295 1.994404 0.149427
v 49.809727 1.993571 0.148768
v 49.817120 1.993346 0.142806
v 49.810295 1.992701 0.149379
v 49.817619 1.992570 0.143579
v 50.025333 1.840208 -0.004328
v 50.027210 1.849788 -0.003559
v 50.016911 1.841095 0.004253
v 50.018833 1.850253 0.005098
v 50.018833 1.852457 -0.011808
v 50.016911 1.841957 -0.012775
v 50.008488 1.842844 -0.004194
v 50.010456 1.852921 -0.003151
v 50.018833 1.850253 0.005098
v 50.016911 1.841095 0.004253
v 50.028877 1.879044 0.000772
v 50.028519 1.889201 0.003409
v 50.021214 1.877557 0.008290
v 50.020882 1.886605 0.010648
v 50.020882 1.890556 -0.004162
v 50.021214 1.880539 -0.006744
v 50.013245 1.887959 0.003077
v 50.013550 1.879052 0.000774
v 50.021214 1.877557 0.008290
v 50.020882 1.886605 0.010648
v 50.024544 1.916864 0.006872
v 50.022507 1.924190 0.006540
v 50.017685 1.915388 0.013827
v 50.015835 1.922681 0.013670
v 50.015835 1.921556 -0.000256
v 50.017685 1.915692 -0.000141
v 50.010826 1.914216 0.006814
v 50.009167 1.920046 0.006875
v 50.015835 1.922681 0.013670
v 50.017685 1.915388 0.013827
v 50.018715 1.941009 0.004324
v 50.018696 1.946841 0.003193
v 50.012371 1.941634 0.010656
v 50.012348 1.948578 0.009311
v 50.012348 1.945691 -0.003063
v 50.012371 1.939683 -0.001899
v 50.006004 1.947428 0.003056
v 50.006027 1.940308 0.004433
v 50.012348 1.948578 0.009311
v 50.012371 1.941634 0.010656
v 50.025417 0.072397 0.000835
v 50.026268 0.144454 0.000449
v 50.001732 0.072745 0.024525
v 50.002583 0.144605 0.024138
v 50.001732 0.072891 -0.022853
v 50.002583 0.144569 -0.023240
v 49.978893 0.144720 0.000449
v 49.978046 0.073240 0.000838
v 50.002583 0.144605 0.024138
v 50.001732 0.072745 0.024525
v 50.025124 0.275986 0.000954
v 50.002506 0.275855 0.023574
v 50.002506 0.276440 -0.021661
v 49.979885 0.276309 0.000958
v 50.002506 0.275855 0.023574
v 50.028694 0.268875 -0.000191
v 50.033218 0.279540 0.000988
v 50.009254 0.283066 0.027174
v 50.017979 0.291186 0.023563
v 50.017979 0.296410 -0.018004
v 50.009254 0.288337 -0.024096
v 50.002739 0.308056 0.004572
v 49.989815 0.302529 0.003269
v 50.009254 0.283066 0.027174
v 50.017979 0.291186 0.023563
v 50.043385 0.302849 0.003569
v 50.033085 0.310258 0.018222
v 50.033085 0.313403 -0.009009
v 50.022785 0.320812 0.005644
v 50.033085 0.310258 0.018222
v 50.051548 0.311634 0.004483
v 50.059570 0.321194 0.005756
v 50.041599 0.319057 0.019370
v 50.050549 0.328055 0.019757
v 50.050549 0.332090 -0.005397
v 50.041599 0.322883 -0.007774
v 50.041527 0.338950 0.008604
v 50.031651 0.330305 0.007114
v 50.050549 0.328055 0.019757
v 50.041599 0.319057 0.019370
v 50.075703 0.339239 0.008629
v 50.068104 0.345043 0.020834
v 50.068104 0.348982 -0.000739
v 50.060501 0.354786 0.011467
v 50.068104 0.345043 0.020834
v 50.085091 0.347992 0.010130
v 50.094318 0.357147 0.012042
v 50.077656 0.353624 0.022518
v 50.087616 0.362360 0.023685
v 50.087616 0.366897 0.003816
v 50.077656 0.358132 0.001056
v 50.070221 0.363765 0.013444
v 50.080914 0.372110 0.015459
v 50.087616 0.362360 0.023685
v 50.077656 0.353624 0.022518
v 50.110485 0.373408 0.021141
v 50.107117 0.384672 0.025406
v 50.107117 0.376778 0.009578
v 50.103748 0.388042 0.013843
v 50.107117 0.384672 0.025406
v 50.122257 0.382735 0.019181
v 50.128490 0.379862 0.011384
v 50.116756 0.388892 0.009787
v 50.122150 0.384673 0.002748
v 50.122150 0.370012 0.010555
v 50.116756 0.372139 0.015459
v 50.111256 0.378295 0.006065
v 50.115807 0.374822 0.001920
v 50.122150 0.384673 0.002748
v 50.116756 0.388892 0.009787
v 50.135605 0.375310 0.003711
v 50.130562 0.379975 -0.004792
v 50.130562 0.365863 0.001518
v 50.125519 0.370528 -0.006985
v 50.130562 0.379975 -0.004792
v 50.153641 0.370900 -0.008648
v 50.149654 0.375044 -0.016120
v 50.149654 0.362705 -0.011066
v 50.145672 0.366849 -0.018538
v 50.149654 0.375044 -0.016120
v 50.164680 0.367319 -0.017204
v 50.174999 0.362908 -0.025857
v 50.160336 0.370974 -0.024729
v 50.170902 0.365968 -0.032972
v 50.170902 0.355221 -0.026806
v 50.160336 0.359086 -0.018691
v 50.155987 0.362741 -0.026216
v 50.166805 0.358281 -0.033921
v 50.170902 0.365968 -0.032972
v 50.160336 0.370974 -0.024729
v 50.194626 0.353571 -0.041792
v 50.191055 0.355826 -0.048040
v 50.191055 0.346938 -0.042143
v 50.187481 0.349193 -0.048391
v 50.191055 0.355826 -0.048040
v 50.205082 0.348125 -0.049787
v 50.215206 0.341722 -0.057754
v 50.201427 0.349994 -0.056114
v 50.211796 0.343395 -0.063644
v 50.211796 0.335605 -0.057514
v 50.201427 0.341529 -0.049623
v 50.197773 0.343398 -0.055951
v 50.208382 0.337277 -0.063403
v 50.211796 0.343395 -0.063644
v 50.201427 0.349994 -0.056114
v 50.234634 0.330253 -0.072711
v 50.231518 0.331864 -0.078102
v 50.231518 0.324628 -0.072588
v 50.228401 0.326239 -0.077979
v 50.231518 0.331864 -0.078102
v 50.122921 0.382211 0.017785
v 50.133148 0.390526 0.019948
v 50.117496 0.386628 0.028031
v 50.128284 0.394552 0.029592
v 50.117496 0.391125 0.011074
v 50.128284 0.399068 0.013926
v 50.123417 0.403094 0.023571
v 50.112076 0.395541 0.021320
v 50.128284 0.394552 0.029592
v 50.117496 0.386628 0.028031
v 50.153236 0.405852 0.024421
v 50.149193 0.409282 0.032810
v 50.149193 0.413390 0.019389
v 50.145149 0.416820 0.027778
v 50.149193 0.409282 0.032810
v 50.164356 0.413164 0.026582
v 50.175610 0.420648 0.028961
v 50.160473 0.416513 0.035078
v 50.172112 0.423536 0.036992
v 50.172112 0.428080 0.024766
v 50.160473 0.420913 0.021750
v 50.168617 0.430968 0.032797
v 50.156586 0.424262 0.030246
v 50.160473 0.416513 0.035078
v 50.172112 0.423536 0.036992
v 50.175610 0.420648 0.028961
v 50.197334 0.434382 0.034104
v 50.172112 0.423536 0.036992
v 50.194424 0.436533 0.041171
v 50.194424 0.441029 0.030882
v 50.172112 0.428080 0.024766
v 50.168617 0.430968 0.032797
v 50.191513 0.443180 0.037949
v 50.194424 0.436533 0.041171
v 50.172112 0.423536 0.036992
v 50.209175 0.440788 0.036844
v 50.221210 0.447164 0.040283
v 50.206375 0.442548 0.044061
v 50.218639 0.448740 0.047017
v 50.218639 0.453616 0.037792
v 50.206375 0.447682 0.034076
v 50.216072 0.455192 0.044526
v 50.203575 0.449442 0.041294
v 50.218639 0.448740 0.047017
v 50.206375 0.442548 0.044061
v 50.244102 0.459170 0.046460
v 50.241737 0.460716 0.052613
v 50.241737 0.465049 0.044074
v 50.239372 0.466594 0.050227
v 50.241737 0.460716 0.052613
v 50.026150 0.345010 0.002475
v 50.024689 0.413068 0.003118
v 50.003529 0.344766 0.025094
v 50.003193 0.413080 0.024615
v 50.003193 0.412951 -0.018379
v 50.003529 0.345478 -0.020140
v 49.980907 0.345234 0.002479
v 49.981693 0.412963 0.003118
v 50.003193 0.413080 0.024615
v 50.003529 0.344766 0.025094
v 50.023350 0.537650 0.001191
v 50.003201 0.537668 0.021340
v 50.003201 0.537231 -0.018954
v 49.983055 0.537248 0.001195
v 50.003201 0.537668 0.021340
v 50.025486 0.550550 -0.007024
v 50.021461 0.561844 -0.017230
v 50.002972 0.563670 0.011285
v 50.002487 0.573368 -0.002138
v 50.002487 0.549502 -0.031660
v 50.002972 0.536580 -0.024694
v 49.980461 0.549701 -0.006385
v 49.983517 0.561026 -0.016568
v 50.002487 0.573368 -0.002138
v 50.002972 0.563670 0.011285
v 50.015495 0.585587 -0.034376
v 50.001793 0.593582 -0.023237
v 50.001793 0.577024 -0.045084
v 49.988091 0.585019 -0.033945
v 50.001793 0.593582 -0.023237
v 50.015053 0.597808 -0.044093
v 50.013573 0.610020 -0.054231
v 50.001350 0.606121 -0.033188
v 50.000839 0.617937 -0.044244
v 50.001350 0.588850 -0.054476
v 50.000839 0.601447 -0.063661
v 49.988110 0.609363 -0.053674
v 49.987652 0.597164 -0.043571
v 50.000839 0.617937 -0.044244
v 50.001350 0.606121 -0.033188
v 50.010731 0.632701 -0.073969
v 49.999771 0.639668 -0.065492
v 49.999771 0.625126 -0.081907
v 49.988815 0.632092 -0.073430
v 49.999771 0.639668 -0.065492
v 50.010109 0.644575 -0.084695
v 50.008636 0.656377 -0.095839
v 49.999153 0.651680 -0.076331
v 49.998455 0.663125 -0.088190
v 49.998455 0.648973 -0.102855
v 49.999153 0.636811 -0.092451
v 49.988274 0.655721 -0.095205
v 49.988197 0.643916 -0.084087
v 49.999153 0.651680 -0.076331
v 49.998455 0.663125 -0.088190
v 50.008636 0.656377 -0.095839
v 50.005787 0.678218 -0.117421
v 49.998455 0.663125 -0.088190
v 49.997025 0.684128 -0.110925
v 49.997025 0.671688 -0.123296
v 49.998455 0.648973 -0.102855
v 49.988274 0.655721 -0.095205
v 49.988262 0.677599 -0.116799
v 49.997025 0.684128 -0.110925
v 49.998455 0.663125 -0.088190
v 50.004913 0.689581 -0.129071
v 50.003330 0.700782 -0.141084
v 49.996155 0.695586 -0.122658
v 49.995193 0.706494 -0.135250
v 49.995193 0.694447 -0.146236
v 49.996155 0.682897 -0.134774
v 49.987053 0.700160 -0.140402
v 49.987396 0.688903 -0.128361
v 49.995193 0.706494 -0.135250
v 49.996155 0.695586 -0.122658
v 50.000488 0.721420 -0.164269
v 49.993484 0.726449 -0.159359
v 49.993484 0.715879 -0.168593
v 49.986477 0.720908 -0.163683
v 49.993484 0.726449 -0.159359
v 49.999573 0.732071 -0.176712
v 49.998146 0.742538 -0.189536
v 49.992565 0.737200 -0.171907
v 49.991634 0.747406 -0.185181
v 49.991634 0.737215 -0.193322
v 49.992565 0.726436 -0.180914
v 49.985558 0.731566 -0.176109
v 49.985123 0.742083 -0.188967
v 49.991634 0.747406 -0.185181
v 49.992565 0.737200 -0.171907
v 49.998146 0.742538 -0.189536
v 49.995491 0.761765 -0.214173
v 49.991634 0.747406 -0.185181
v 49.989883 0.766056 -0.210540
v 49.989883 0.757099 -0.217311
v 49.991634 0.737215 -0.193322
v 49.984280 0.761391 -0.213678
v 49.985123 0.742083 -0.188967
v 49.991634 0.747406 -0.185181
v 49.989883 0.766056 -0.210540
v 49.994587 0.771451 -0.227430
v 49.993286 0.780942 -0.241070
v 49.988983 0.775843 -0.223919
v 49.988079 0.785055 -0.237847
v 49.988079 0.776502 -0.243824
v 49.988983 0.766703 -0.230441
v 49.983376 0.771095 -0.226931
v 49.982868 0.780615 -0.240601
v 49.988079 0.785055 -0.237847
v 49.988983 0.775843 -0.223919
v 49.991119 0.798907 -0.266675
v 49.986340 0.802674 -0.263708
v 49.986340 0.794835 -0.269207
v 49.981560 0.798602 -0.266240
v 49.986340 0.802674 -0.263708
v 50.022339 0.588172 0.000881
v 50.020863 0.637530 0.001146
v 50.002193 0.587712 0.021029
v 50.000881 0.637399 0.021130
v 50.002193 0.587695 -0.019267
v 50.000881 0.637143 -0.018835
v 49.980900 0.637012 0.001149
v 49.982052 0.587235 0.000881
v 50.000881 0.637399 0.021130
v 50.002193 0.587712 0.021029
v 50.020367 0.728435 -0.000508
v 50.000935 0.728787 0.018921
v 50.000935 0.728038 -0.019937
v 49.981503 0.728390 -0.000507
v 50.000935 0.728787 0.018921
v 49.999439 0.756504 0.000696
v 49.982746 0.757485 0.003254
v 49.989296 0.736494 0.021130
v 49.975460 0.738758 0.017157
v 49.975460 0.745476 -0.016740
v 49.989296 0.738750 -0.021727
v 49.968178 0.726749 -0.002837
v 49.979153 0.718739 -0.001293
v 49.989296 0.736494 0.021130
v 49.975460 0.738758 0.017157
v 49.982746 0.757485 0.003254
v 49.955780 0.766109 0.007531
v 49.975460 0.738758 0.017157
v 49.950111 0.753307 0.014197
v 49.950111 0.761499 -0.006146
v 49.975460 0.745476 -0.016740
v 49.968178 0.726749 -0.002837
v 49.944443 0.748697 0.000520
v 49.950111 0.753307 0.014197
v 49.975460 0.738758 0.017157
v 49.942715 0.771878 0.013307
v 49.928703 0.777674 0.018070
v 49.937080 0.757893 0.016935
v 49.924057 0.764427 0.021325
v 49.924057 0.775978 0.004535
v 49.937080 0.770416 -0.001067
v 49.919411 0.762731 0.007790
v 49.931450 0.756431 0.002561
v 49.924057 0.764427 0.021325
v 49.937080 0.757893 0.016935
v 49.900745 0.787504 0.022279
v 49.897453 0.776143 0.026020
v 49.897453 0.784634 0.010667
v 49.894165 0.773273 0.014408
v 49.897453 0.776143 0.026020
v 49.885811 0.792444 0.024944
v 49.870880 0.796028 0.025436
v 49.883102 0.780970 0.028804
v 49.868931 0.785777 0.030338
v 49.868931 0.791430 0.015046
v 49.883102 0.789163 0.013291
v 49.880390 0.777689 0.017151
v 49.866982 0.781179 0.019948
v 49.868931 0.785777 0.030338
v 49.883102 0.780970 0.028804
v 49.841434 0.801553 0.025291
v 49.840130 0.793703 0.031223
v 49.840130 0.795760 0.017339
v 49.838829 0.787910 0.023271
v 49.840130 0.793703 0.031223
v 49.839096 0.793796 0.041182
v 49.831684 0.792985 0.053929
v 49.832954 0.787055 0.037573
v 49.825878 0.786882 0.050858
v 49.825878 0.799518 0.051927
v 49.832954 0.800901 0.038356
v 49.826817 0.794160 0.034747
v 49.820072 0.793414 0.048856
v 49.825878 0.786882 0.050858
v 49.832954 0.787055 0.037573
v 49.821133 0.789996 0.080478
v 49.816055 0.784891 0.078231
v 49.816055 0.795484 0.079484
v 49.810978 0.790379 0.077237
v 49.816055 0.784891 0.078231
v 49.816998 0.788158 0.094711
v 49.814178 0.785927 0.108505
v 49.811802 0.783049 0.092767
v 49.809277 0.781171 0.106922
v 49.811802 0.793608 0.094281
v 49.809277 0.790939 0.108612
v 49.804379 0.786183 0.107029
v 49.806606 0.788498 0.092337
v 49.809277 0.781171 0.106922
v 49.811802 0.783049 0.092767
v 49.809708 0.780634 0.136799
v 49.805450 0.776513 0.135660
v 49.805450 0.784865 0.137414
v 49.801189 0.780744 0.136275
v 49.805450 0.776513 0.135660
v 49.809780 0.777323 0.150962
v 49.810959 0.773399 0.165559
v 49.805519 0.773132 0.150134
v 49.806999 0.769502 0.164790
v 49.806999 0.777180 0.166775
v 49.805519 0.781408 0.152212
v 49.803040 0.773284 0.166006
v 49.801258 0.777217 0.151384
v 49.805519 0.773132 0.150134
v 49.806999 0.769502 0.164790
v 49.811176 0.766472 0.193455
v 49.807541 0.762924 0.192646
v 49.807541 0.769987 0.194399
v 49.803902 0.766439 0.193589
v 49.807541 0.762924 0.192646
v 49.825943 0.803779 0.022135
v 49.811356 0.802453 0.017911
v 49.825005 0.799339 0.030961
v 49.810486 0.803767 0.026998
v 49.810486 0.793355 0.019143
v 49.825005 0.794994 0.017615
v 49.809616 0.794668 0.028230
v 49.824066 0.790554 0.026440
v 49.810486 0.803767 0.026998
v 49.825005 0.799339 0.030961
v 49.811356 0.802453 0.017911
v 49.782600 0.801622 0.013896
v 49.810486 0.803767 0.026998
v 49.781368 0.805975 0.020422
v 49.810486 0.793355 0.019143
v 49.781368 0.794992 0.018087
v 49.780136 0.799344 0.024612
v 49.809616 0.794668 0.028230
v 49.781368 0.805975 0.020422
v 49.810486 0.803767 0.026998
v 49.768761 0.800835 0.009450
v 49.754368 0.799511 0.004117
v 49.766865 0.806484 0.014696
v 49.752838 0.805547 0.008075
v 49.752838 0.795285 0.009968
v 49.766865 0.795257 0.014772
v 49.764969 0.800906 0.020018
v 49.751305 0.801320 0.013926
v 49.752838 0.805547 0.008075
v 49.766865 0.806484 0.014696
v 49.725605 0.795513 -0.000131
v 49.724735 0.801766 0.000566
v 49.724735 0.794697 0.006108
v 49.723866 0.800950 0.006804
v 49.724735 0.801766 0.000566
v 49.711044 0.791637 0.000353
v 49.696327 0.788531 0.000293
v 49.710133 0.797230 -0.002515
v 49.695454 0.793603 -0.002596
v 49.695454 0.791305 0.005429
v 49.710133 0.794385 0.006006
v 49.709217 0.799979 0.003138
v 49.694576 0.796377 0.002540
v 49.695454 0.793603 -0.002596
v 49.710133 0.797230 -0.002515
v 49.696327 0.788531 0.000293
v 49.668499 0.783997 -0.002965
v 49.695454 0.793603 -0.002596
v 49.667717 0.789089 -0.004641
v 49.667717 0.785565 0.002161
v 49.695454 0.791305 0.005429
v 49.666935 0.790656 0.000485
v 49.694576 0.796377 0.002540
v 49.667717 0.789089 -0.004641
v 49.695454 0.793603 -0.002596
v 50.020229 0.776458 -0.001489
v 50.019611 0.823599 -0.002972
v 50.000793 0.776887 0.017939
v 50.000568 0.823980 0.016067
v 50.000793 0.775880 -0.020913
v 50.000568 0.823296 -0.022011
v 49.981525 0.823677 -0.002973
v 49.981361 0.776309 -0.001485
v 50.000568 0.823980 0.016067
v 50.000793 0.776887 0.017939
v 50.019611 0.823599 -0.002972
v 50.019958 0.910091 -0.003357
v 50.000568 0.823980 0.016067
v 50.001343 0.910700 0.015257
v 50.001343 0.910402 -0.021979
v 50.000568 0.823296 -0.022011
v 49.981525 0.823677 -0.002973
v 49.982731 0.911011 -0.003365
v 50.001343 0.910700 0.015257
v 50.000568 0.823980 0.016067
v 50.027321 0.914228 -0.003372
v 50.035561 0.923239 0.009840
v 50.011024 0.906858 0.019115
v 50.021984 0.915354 0.027244
v 50.021984 0.942243 0.007858
v 50.011024 0.937519 -0.007550
v 50.008408 0.934358 0.025262
v 49.994728 0.930150 0.014937
v 50.011024 0.906858 0.019115
v 50.021984 0.915354 0.027244
v 50.035561 0.923239 0.009840
v 50.049553 0.945739 0.036065
v 50.021984 0.915354 0.027244
v 50.039932 0.940266 0.046925
v 50.039932 0.957635 0.033538
v 50.021984 0.942243 0.007858
v 50.008408 0.934358 0.025262
v 50.030312 0.952161 0.044398
v 50.039932 0.940266 0.046925
v 50.021984 0.915354 0.027244
v 50.057861 0.955389 0.049532
v 50.064316 0.963456 0.063579
v 50.047962 0.948517 0.059294
v 50.055370 0.957062 0.072896
v 50.055370 0.974723 0.062725
v 50.047962 0.967203 0.047815
v 50.046429 0.968329 0.072042
v 50.038067 0.960331 0.057577
v 50.055370 0.957062 0.072896
v 50.047962 0.948517 0.059294
v 50.080929 0.977741 0.087976
v 50.073898 0.972908 0.096981
v 50.073898 0.987961 0.087970
v 50.066868 0.983128 0.096975
v 50.073898 0.972908 0.096981
v 50.091969 0.984504 0.098961
v 50.104424 0.991344 0.110287
v 50.085545 0.979949 0.108546
v 50.098267 0.986332 0.118647
v 50.098267 1.001009 0.111548
v 50.085545 0.995091 0.099687
v 50.079121 0.990537 0.109272
v 50.092110 0.995998 0.119909
v 50.098267 0.986332 0.118647
v 50.085545 0.979949 0.108546
v 50.124390 1.002942 0.136695
v 50.118496 0.997662 0.142683
v 50.118496 1.010841 0.137854
v 50.112598 1.005561 0.143842
v 50.118496 0.997662 0.142683
v 50.120827 1.002834 0.159158
v 50.115955 1.001481 0.175721
v 50.114105 0.996050 0.156921
v 50.109753 0.995367 0.173589
v 50.109753 1.007939 0.175245
v 50.114105 1.009879 0.157974
v 50.107388 1.003094 0.155738
v 50.103554 1.001825 0.173112
v 50.109753 0.995367 0.173589
v 50.114105 0.996050 0.156921
v 50.109459 0.995467 0.207587
v 50.104156 0.990377 0.205893
v 50.104156 1.000800 0.208161
v 50.098854 0.995710 0.206467
v 50.104156 0.990377 0.205893
v 50.108650 0.991332 0.224095
v 50.108513 0.985819 0.240874
v 50.103317 0.986233 0.222531
v 50.103561 0.981209 0.239031
v 50.103317 0.996482 0.225486
v 50.103561 0.990608 0.242180
v 50.098614 0.985998 0.240338
v 50.097984 0.991382 0.223921
v 50.103561 0.981209 0.239031
v 50.103317 0.986233 0.222531
v 50.103527 0.975015 0.272411
v 50.099316 0.971280 0.270235
v 50.099316 0.979246 0.273294
v 50.095108 0.975511 0.271118
v 50.099316 0.971280 0.270235
v 50.100101 0.968234 0.288116
v 50.095337 0.960860 0.303095
v 50.095947 0.964761 0.285455
v 50.091480 0.957664 0.300576
v 50.091480 0.964838 0.303955
v 50.095947 0.972516 0.289016
v 50.087624 0.961642 0.301435
v 50.091789 0.969043 0.286354
v 50.095947 0.964761 0.285455
v 50.091480 0.957664 0.300576
v 50.088375 0.947852 0.331970
v 50.084812 0.944842 0.329794
v 50.084812 0.951476 0.332786
v 50.081253 0.948465 0.330610
v 50.084812 0.944842 0.329794
v 50.133404 1.008132 0.152012
v 50.140335 1.011848 0.167551
v 50.127159 1.002206 0.156951
v 50.134720 1.006232 0.172241
v 50.134720 1.018946 0.169328
v 50.127159 1.015746 0.153252
v 50.129105 1.013330 0.174018
v 50.120914 1.009820 0.158191
v 50.134720 1.006232 0.172241
v 50.127159 1.002206 0.156951
v 50.140335 1.011848 0.167551
v 50.159367 1.018296 0.194547
v 50.134720 1.006232 0.172241
v 50.154522 1.013071 0.198049
v 50.134720 1.018946 0.169328
v 50.154522 1.024215 0.196677
v 50.149677 1.018990 0.200179
v 50.129105 1.013330 0.174018
v 50.154522 1.013071 0.198049
v 50.134720 1.006232 0.172241
v 50.169434 1.019449 0.216560
v 50.172920 1.017470 0.227945
v 50.164249 1.013730 0.218424
v 50.169102 1.012398 0.231703
v 50.169102 1.022824 0.231289
v 50.164249 1.024943 0.219008
v 50.159065 1.019224 0.220872
v 50.165279 1.017752 0.235047
v 50.169102 1.012398 0.231703
v 50.164249 1.013730 0.218424
v 50.204887 1.023625 0.243306
v 50.202141 1.019872 0.247416
v 50.202141 1.028526 0.245943
v 50.199390 1.024774 0.250053
v 50.202141 1.019872 0.247416
v 50.219116 1.025413 0.242105
v 50.233654 1.027863 0.233577
v 50.216927 1.030621 0.239535
v 50.231483 1.032355 0.231062
v 50.231483 1.024590 0.229604
v 50.216927 1.022128 0.237315
v 50.214737 1.027337 0.234745
v 50.229313 1.029081 0.227089
v 50.231483 1.032355 0.231062
v 50.216927 1.030621 0.239535
v 50.259373 1.030654 0.213590
v 50.257221 1.034176 0.211588
v 50.257221 1.027743 0.210772
v 50.255074 1.031265 0.208770
v 50.257221 1.034176 0.211588
v 50.271282 1.032245 0.201326
v 50.281410 1.033332 0.188289
v 50.268848 1.035677 0.199508
v 50.279228 1.036373 0.186252
v 50.268848 1.029221 0.198888
v 50.279228 1.030347 0.186171
v 50.277046 1.033388 0.184135
v 50.266411 1.032653 0.197069
v 50.279228 1.036373 0.186252
v 50.268848 1.035677 0.199508
v 50.304508 1.032524 0.167303
v 50.302845 1.034813 0.164968
v 50.302845 1.029676 0.165695
v 50.301182 1.031965 0.163360
v 50.302845 1.034813 0.164968
v 50.317131 1.030537 0.157472
v 50.330284 1.026843 0.148434
v 50.315563 1.032374 0.154709
v 50.328835 1.028501 0.145832
v 50.328835 1.023939 0.147392
v 50.315563 1.027435 0.156297
v 50.327385 1.025597 0.144790
v 50.313999 1.029271 0.153533
v 50.315563 1.032374 0.154709
v 50.328835 1.028501 0.145832
v 50.354404 1.021631 0.129985
v 50.353039 1.023300 0.127719
v 50.353039 1.019035 0.128896
v 50.351669 1.020705 0.126630
v 50.353039 1.023300 0.127719
v 50.216496 1.024665 0.257856
v 50.225517 1.024143 0.272191
v 50.212940 1.020256 0.260396
v 50.222172 1.020067 0.274040
v 50.222172 1.027953 0.274539
v 50.212940 1.029034 0.260465
v 50.218826 1.023877 0.276387
v 50.209385 1.024625 0.263005
v 50.222172 1.020067 0.274040
v 50.212940 1.020256 0.260396
v 50.242012 1.021883 0.301337
v 50.239182 1.018493 0.302568
v 50.239182 1.024943 0.303247
v 50.236347 1.021552 0.304478
v 50.239182 1.018493 0.302568
v 50.250103 1.019970 0.316682
v 50.256214 1.017154 0.331772
v 50.247166 1.016550 0.317524
v 50.253395 1.013988 0.332216
v 50.253395 1.019895 0.333416
v 50.247166 1.022954 0.318552
v 50.244228 1.019534 0.319395
v 50.250576 1.016729 0.333860
v 50.253395 1.013988 0.332216
v 50.247166 1.016550 0.317524
v 50.266541 1.010555 0.362515
v 50.264034 1.007875 0.362538
v 50.264034 1.012909 0.363796
v 50.261532 1.010229 0.363819
v 50.264034 1.007875 0.362538
v 50.269802 1.006055 0.378494
v 50.271248 1.000805 0.394382
v 50.267235 1.003465 0.378091
v 50.268860 0.998406 0.393972
v 50.268860 1.003004 0.395422
v 50.267235 1.008425 0.379615
v 50.264671 1.005834 0.379212
v 50.266472 1.000606 0.395013
v 50.268860 0.998406 0.393972
v 50.267235 1.003465 0.378091
v 50.276619 0.991919 0.423982
v 50.274441 0.989687 0.423723
v 50.274441 0.993925 0.424994
v 50.272266 0.991694 0.424734
v 50.274441 0.989687 0.423723
v 50.021542 0.949179 -0.003813
v 50.024117 0.988285 -0.003656
v 50.002949 0.950238 0.014802
v 50.005547 0.988778 0.014953
v 50.002949 0.950110 -0.022435
v 50.005547 0.989602 -0.022225
v 49.986977 0.990095 -0.003615
v 49.984356 0.951169 -0.003820
v 50.005547 0.988778 0.014953
v 50.002949 0.950238 0.014802
v 50.026188 1.060358 -0.000812
v 50.007771 1.060382 0.017635
v 50.007771 1.061827 -0.019200
v 49.989353 1.061851 -0.000753
v 50.007771 1.060382 0.017635
v 50.032013 1.064988 -0.001276
v 50.037483 1.078430 -0.006958
v 50.015182 1.081708 0.013693
v 50.024693 1.092294 0.004228
v 50.024693 1.080871 -0.024604
v 50.015182 1.067960 -0.023520
v 50.011906 1.094735 -0.013418
v 49.998348 1.084680 -0.008551
v 50.015182 1.081708 0.013693
v 50.024693 1.092294 0.004228
v 50.037483 1.078430 -0.006958
v 50.048676 1.106858 -0.017196
v 50.024693 1.092294 0.004228
v 50.041401 1.114422 -0.010580
v 50.041401 1.108531 -0.027106
v 50.024693 1.080871 -0.024604
v 50.011906 1.094735 -0.013418
v 50.034126 1.116096 -0.020489
v 50.041401 1.114422 -0.010580
v 50.024693 1.092294 0.004228
v 50.057766 1.118804 -0.021482
v 50.066982 1.130881 -0.025928
v 50.050735 1.126789 -0.015102
v 50.060589 1.138649 -0.020299
v 50.060589 1.132474 -0.035388
v 50.050735 1.120648 -0.031536
v 50.054195 1.140242 -0.029759
v 50.043705 1.128632 -0.025155
v 50.060589 1.138649 -0.020299
v 50.050735 1.126789 -0.015102
v 50.085056 1.153192 -0.035492
v 50.079643 1.160153 -0.030938
v 50.079643 1.154371 -0.043727
v 50.074230 1.161331 -0.039172
v 50.079643 1.160153 -0.030938
v 50.095146 1.164066 -0.040405
v 50.105202 1.174729 -0.045754
v 50.089859 1.171308 -0.036154
v 50.100407 1.181730 -0.042142
v 50.100407 1.175490 -0.053595
v 50.089859 1.165096 -0.048739
v 50.084568 1.172338 -0.044488
v 50.095612 1.182491 -0.049983
v 50.100407 1.181730 -0.042142
v 50.089859 1.171308 -0.036154
v 50.105202 1.174729 -0.045754
v 50.126007 1.196185 -0.056422
v 50.100407 1.181730 -0.042142
v 50.120979 1.202375 -0.055717
v 50.120979 1.192691 -0.061579
v 50.100407 1.175490 -0.053595
v 50.115952 1.198880 -0.060874
v 50.095612 1.182491 -0.049983
v 50.100407 1.181730 -0.042142
v 50.120979 1.202375 -0.055717
v 50.128136 1.199761 -0.071412
v 50.124626 1.198282 -0.081257
v 50.122501 1.205406 -0.070717
v 50.119537 1.203759 -0.080496
v 50.119537 1.193235 -0.079000
v 50.122501 1.194089 -0.070983
v 50.116871 1.199734 -0.070287
v 50.114445 1.198712 -0.078238
v 50.119537 1.203759 -0.080496
v 50.122501 1.205406 -0.070717
v 50.120792 1.196522 -0.093835
v 50.115894 1.201505 -0.093488
v 50.115894 1.191635 -0.092805
v 50.110992 1.196617 -0.092459
v 50.115894 1.201505 -0.093488
v 50.119728 1.196612 -0.119356
v 50.115475 1.200889 -0.119221
v 50.115475 1.192364 -0.118841
v 50.111221 1.196641 -0.118705
v 50.115475 1.200889 -0.119221
v 50.117615 1.195166 -0.134733
v 50.114895 1.192905 -0.149409
v 50.113396 1.199478 -0.134620
v 50.110973 1.196915 -0.149495
v 50.110973 1.189101 -0.148140
v 50.113396 1.191007 -0.133589
v 50.109177 1.195319 -0.133476
v 50.107056 1.193111 -0.148225
v 50.110973 1.196915 -0.149495
v 50.113396 1.199478 -0.134620
v 50.110229 1.187413 -0.177395
v 50.106853 1.190847 -0.177714
v 50.106853 1.184212 -0.176110
v 50.103477 1.187647 -0.176429
v 50.106853 1.190847 -0.177714
v 50.108025 1.183282 -0.191518
v 50.105560 1.178275 -0.205422
v 50.104649 1.186685 -0.192089
v 50.102421 1.181433 -0.205981
v 50.102421 1.175416 -0.203970
v 50.104649 1.180191 -0.189983
v 50.101273 1.183595 -0.190553
v 50.099285 1.178573 -0.204529
v 50.102421 1.181433 -0.205981
v 50.104649 1.186685 -0.192089
v 50.101151 1.170105 -0.231883
v 50.098270 1.173013 -0.232331
v 50.098270 1.167451 -0.230612
v 50.095394 1.170360 -0.231060
v 50.098270 1.173013 -0.232331
v 50.135693 1.203436 -0.062169
v 50.146374 1.212325 -0.068121
v 50.131767 1.209870 -0.059677
v 50.142815 1.218486 -0.066165
v 50.131767 1.203709 -0.069064
v 50.142815 1.212323 -0.074585
v 50.139259 1.218484 -0.072629
v 50.127838 1.210144 -0.066572
v 50.142815 1.218486 -0.066165
v 50.131767 1.209870 -0.059677
v 50.167553 1.228800 -0.080183
v 50.164211 1.234098 -0.079130
v 50.164211 1.227745 -0.085480
v 50.160870 1.233042 -0.084427
v 50.164211 1.234098 -0.079130
v 50.178558 1.238679 -0.091699
v 50.184319 1.243772 -0.100907
v 50.174820 1.243786 -0.091163
v 50.181602 1.248991 -0.100432
v 50.181602 1.242828 -0.106062
v 50.174820 1.236427 -0.096314
v 50.178886 1.248046 -0.105586
v 50.171082 1.241534 -0.095778
v 50.174820 1.243786 -0.091163
v 50.181602 1.248991 -0.100432
v 50.211128 1.255223 -0.106648
v 50.209332 1.259789 -0.105889
v 50.209332 1.255284 -0.111276
v 50.207535 1.259851 -0.110517
v 50.209332 1.259789 -0.105889
v 50.224216 1.259506 -0.104525
v 50.232479 1.261111 -0.092892
v 50.221897 1.256631 -0.101208
v 50.230244 1.258305 -0.090229
v 50.230244 1.264560 -0.091139
v 50.221897 1.263495 -0.102692
v 50.228004 1.261754 -0.088475
v 50.219574 1.260620 -0.099374
v 50.230244 1.258305 -0.090229
v 50.221897 1.256631 -0.101208
v 50.255379 1.264193 -0.075547
v 50.253723 1.261913 -0.073199
v 50.253723 1.267047 -0.073943
v 50.252068 1.264766 -0.071595
v 50.253723 1.261913 -0.073199
v 50.266029 1.265453 -0.065754
v 50.275902 1.266067 -0.055587
v 50.264229 1.263019 -0.063683
v 50.274212 1.263682 -0.053833
v 50.274212 1.268503 -0.053906
v 50.264229 1.268191 -0.064105
v 50.262428 1.265757 -0.062034
v 50.272518 1.266119 -0.052151
v 50.274212 1.263682 -0.053833
v 50.264229 1.263019 -0.063683
v 50.295139 1.265847 -0.036573
v 50.293678 1.263664 -0.035261
v 50.293678 1.267803 -0.034942
v 50.292217 1.265620 -0.033630
v 50.293678 1.263664 -0.035261
v 50.304909 1.264670 -0.026707
v 50.314423 1.262532 -0.016683
v 50.303417 1.262377 -0.025643
v 50.313034 1.260392 -0.015719
v 50.313034 1.264185 -0.015017
v 50.303417 1.266466 -0.024930
v 50.301926 1.264174 -0.023866
v 50.311646 1.262045 -0.014053
v 50.313034 1.260392 -0.015719
v 50.303417 1.262377 -0.025643
v 50.332569 1.259614 0.001886
v 50.331303 1.257675 0.002837
v 50.331303 1.261173 0.003380
v 50.330036 1.259235 0.004331
v 50.331303 1.257675 0.002837
v 50.223068 1.261655 -0.113341
v 50.234451 1.266979 -0.120620
v 50.220928 1.266136 -0.113423
v 50.232559 1.271010 -0.121015
v 50.220928 1.260557 -0.117687
v 50.232559 1.265715 -0.124467
v 50.230671 1.269745 -0.124863
v 50.218792 1.265038 -0.117768
v 50.232559 1.271010 -0.121015
v 50.220928 1.266136 -0.113423
v 50.256470 1.275952 -0.135075
v 50.254917 1.279227 -0.135644
v 50.254917 1.274683 -0.138147
v 50.253365 1.277958 -0.138716
v 50.254917 1.279227 -0.135644
v 50.267948 1.279975 -0.142735
v 50.279186 1.283171 -0.150713
v 50.266396 1.283185 -0.143595
v 50.277782 1.286101 -0.151752
v 50.277782 1.281559 -0.153370
v 50.266396 1.278434 -0.145679
v 50.276382 1.284488 -0.154408
v 50.264839 1.281644 -0.146539
v 50.266396 1.283185 -0.143595
v 50.277782 1.286101 -0.151752
v 50.301296 1.288212 -0.165449
v 50.300152 1.290651 -0.166612
v 50.300152 1.286629 -0.167639
v 50.299004 1.289068 -0.168802
v 50.300152 1.290651 -0.166612
v 50.312977 1.289751 -0.172788
v 50.324837 1.290321 -0.180238
v 50.311874 1.292031 -0.174270
v 50.323814 1.292421 -0.181647
v 50.323814 1.288588 -0.182079
v 50.311874 1.287913 -0.174792
v 50.322792 1.290688 -0.183488
v 50.310772 1.290193 -0.176275
v 50.323814 1.292421 -0.181647
v 50.311874 1.292031 -0.174270
v 50.346886 1.292400 -0.194299
v 50.345936 1.294375 -0.195509
v 50.345936 1.290875 -0.196042
v 50.344986 1.292850 -0.197252
v 50.345936 1.294375 -0.195509
v 50.028080 1.097994 0.000651
v 50.030022 1.135687 0.001953
v 50.009674 1.098291 0.019106
v 50.011734 1.135830 0.020255
v 50.011734 1.136680 -0.016322
v 50.009674 1.099638 -0.017732
v 49.991268 1.099935 0.000722
v 49.993450 1.136823 0.001979
v 50.011734 1.135830 0.020255
v 50.009674 1.098291 0.019106
v 50.030064 1.205253 0.002806
v 50.012211 1.204760 0.020651
v 50.012211 1.205354 -0.015046
v 49.994362 1.204861 0.002799
v 50.012211 1.204760 0.020651
v 50.018597 1.224096 -0.015422
v 50.003834 1.228310 -0.025373
v 50.003067 1.231228 0.006091
v 49.991875 1.235092 -0.008767
v 49.991875 1.210419 -0.026679
v 50.003067 1.201752 -0.019220
v 49.987541 1.208885 0.002292
v 49.979916 1.217201 -0.010072
v 49.991875 1.235092 -0.008767
v 50.003067 1.231228 0.006091
v 50.003834 1.228310 -0.025373
v 49.979122 1.244932 -0.042645
v 49.991875 1.235092 -0.008767
v 49.972000 1.248493 -0.033133
v 49.972000 1.234897 -0.044221
v 49.991875 1.210419 -0.026679
v 49.964878 1.238459 -0.034708
v 49.979916 1.217201 -0.010072
v 49.972000 1.248493 -0.033133
v 49.991875 1.235092 -0.008767
v 49.968803 1.252917 -0.054256
v 49.957840 1.260047 -0.065818
v 49.961758 1.257191 -0.044982
v 49.951424 1.264328 -0.057251
v 49.961758 1.242727 -0.054912
v 49.951424 1.250470 -0.065841
v 49.945004 1.254751 -0.057275
v 49.954716 1.247001 -0.045639
v 49.951424 1.264328 -0.057251
v 49.961758 1.257191 -0.044982
v 49.936050 1.272664 -0.087270
v 49.930656 1.276551 -0.079902
v 49.930656 1.264345 -0.086831
v 49.925262 1.268233 -0.079463
v 49.930656 1.276551 -0.079902
v 49.924927 1.278666 -0.098953
v 49.913132 1.283601 -0.110247
v 49.919643 1.282883 -0.091685
v 49.908348 1.287819 -0.103587
v 49.908348 1.275855 -0.108781
v 49.919643 1.270324 -0.097951
v 49.903561 1.280073 -0.102121
v 49.914364 1.274540 -0.090683
v 49.919643 1.282883 -0.091685
v 49.908348 1.287819 -0.103587
v 49.913132 1.283601 -0.110247
v 49.890175 1.292063 -0.131523
v 49.908348 1.287819 -0.103587
v 49.886150 1.295928 -0.125877
v 49.886150 1.285428 -0.129854
v 49.908348 1.275855 -0.108781
v 49.903561 1.280073 -0.102121
v 49.882122 1.289292 -0.124207
v 49.886150 1.295928 -0.125877
v 49.908348 1.287819 -0.103587
v 49.890728 1.293286 -0.143077
v 49.895847 1.293802 -0.158377
v 49.885242 1.298887 -0.143330
v 49.890858 1.298903 -0.159124
v 49.890858 1.288764 -0.159467
v 49.885242 1.287848 -0.144442
v 49.885872 1.293864 -0.160213
v 49.879753 1.293449 -0.144695
v 49.890858 1.298903 -0.159124
v 49.885242 1.298887 -0.143330
v 49.895603 1.295049 -0.191767
v 49.891338 1.299317 -0.191908
v 49.891338 1.290783 -0.191950
v 49.887077 1.295051 -0.192091
v 49.891338 1.299317 -0.191908
v 49.896587 1.294622 -0.207873
v 49.897270 1.293143 -0.223691
v 49.892330 1.298865 -0.208393
v 49.893318 1.297049 -0.224450
v 49.893318 1.289165 -0.223602
v 49.892330 1.290348 -0.207876
v 49.888073 1.294590 -0.208396
v 49.889370 1.293071 -0.224362
v 49.893318 1.297049 -0.224450
v 49.892330 1.298865 -0.208393
v 49.897270 1.293143 -0.223691
v 49.900024 1.289515 -0.253896
v 49.893318 1.297049 -0.224450
v 49.896641 1.292813 -0.254880
v 49.896641 1.286075 -0.253781
v 49.893318 1.289165 -0.223602
v 49.893253 1.289373 -0.254765
v 49.889370 1.293071 -0.224362
v 49.893318 1.297049 -0.224450
v 49.896641 1.292813 -0.254880
v 49.902367 1.286427 -0.269040
v 49.905010 1.282393 -0.284148
v 49.898998 1.289618 -0.270376
v 49.901882 1.285347 -0.285422
v 49.901882 1.279186 -0.283911
v 49.898998 1.282975 -0.268805
v 49.895634 1.286166 -0.270142
v 49.898758 1.282139 -0.285185
v 49.901882 1.285347 -0.285422
v 49.898998 1.289618 -0.270376
v 49.909348 1.275970 -0.312860
v 49.906471 1.278713 -0.313934
v 49.906471 1.273031 -0.312665
v 49.903595 1.275774 -0.313738
v 49.906471 1.278713 -0.313934
v 49.878284 1.295776 -0.142888
v 49.865940 1.298418 -0.153692
v 49.874371 1.299951 -0.137387
v 49.862389 1.302596 -0.148754
v 49.874371 1.289224 -0.140705
v 49.862389 1.292451 -0.151194
v 49.858841 1.296629 -0.146257
v 49.870453 1.293399 -0.135204
v 49.862389 1.302596 -0.148754
v 49.874371 1.299951 -0.137387
v 49.842003 1.302556 -0.174143
v 49.839043 1.306365 -0.170012
v 49.839043 1.297529 -0.171630
v 49.836082 1.301339 -0.167499
v 49.839043 1.306365 -0.170012
v 49.829399 1.303908 -0.184675
v 49.816639 1.304229 -0.194490
v 49.826550 1.308005 -0.180745
v 49.813980 1.308316 -0.191161
v 49.813980 1.299971 -0.191384
v 49.826550 1.299073 -0.181701
v 49.811321 1.304058 -0.188055
v 49.823700 1.303169 -0.177771
v 49.826550 1.308005 -0.180745
v 49.813980 1.308316 -0.191161
v 49.792828 1.303828 -0.214005
v 49.790478 1.307613 -0.211559
v 49.790478 1.300447 -0.211026
v 49.788132 1.304232 -0.208579
v 49.790478 1.307613 -0.211559
v 49.780956 1.302053 -0.224275
v 49.768997 1.299573 -0.234544
v 49.778561 1.306084 -0.222315
v 49.766766 1.303340 -0.232772
v 49.766766 1.296795 -0.231445
v 49.778561 1.299024 -0.220972
v 49.764538 1.300562 -0.229673
v 49.776169 1.303054 -0.219011
v 49.766766 1.303340 -0.232772
v 49.778561 1.306084 -0.222315
v 49.768997 1.299573 -0.234544
v 49.746410 1.296411 -0.253878
v 49.766766 1.303340 -0.232772
v 49.744381 1.299813 -0.252121
v 49.766766 1.296795 -0.231445
v 49.744381 1.293769 -0.251105
v 49.742352 1.297171 -0.249349
v 49.764538 1.300562 -0.229673
v 49.744381 1.299813 -0.252121
v 49.766766 1.303340 -0.232772
v 50.029186 1.235661 0.003449
v 50.027077 1.265054 0.003996
v 50.011353 1.234495 0.021280
v 50.009556 1.264346 0.021546
v 50.009556 1.264022 -0.013537
v 50.011353 1.235220 -0.014414
v 49.993519 1.234054 0.003417
v 49.992035 1.263314 0.004013
v 50.009556 1.264346 0.021546
v 50.011353 1.234495 0.021280
v 50.024235 1.319160 0.001918
v 50.007492 1.319010 0.018697
v 50.007492 1.317743 -0.014803
v 49.990749 1.317593 0.001977
v 50.007492 1.319010 0.018697
v 50.020569 1.337216 0.010640
v 50.011166 1.348593 0.018423
v 50.003201 1.323697 0.024058
v 49.997944 1.337757 0.028223
v 49.997944 1.351839 0.004178
v 50.003201 1.341009 -0.008026
v 49.985828 1.327491 0.005392
v 49.984722 1.341003 0.013978
v 49.997944 1.337757 0.028223
v 50.003201 1.323697 0.024058
v 50.011166 1.348593 0.018423
v 49.995602 1.372359 0.030548
v 49.997944 1.337757 0.028223
v 49.988922 1.367105 0.035672
v 49.988922 1.373847 0.023362
v 49.997944 1.351839 0.004178
v 49.982239 1.368593 0.028486
v 49.984722 1.341003 0.013978
v 49.988922 1.367105 0.035672
v 49.997944 1.337757 0.028223
v 49.990704 1.385163 0.038034
v 49.985184 1.397619 0.045738
v 49.984051 1.379654 0.042922
v 49.979019 1.392342 0.050123
v 49.984051 1.386834 0.030862
v 49.979019 1.399289 0.039084
v 49.972858 1.394012 0.043469
v 49.977394 1.381325 0.035749
v 49.979019 1.392342 0.050123
v 49.984051 1.379654 0.042922
v 49.985184 1.397619 0.045738
v 49.974632 1.420581 0.060609
v 49.979019 1.392342 0.050123
v 49.969341 1.415920 0.064258
v 49.969341 1.422111 0.054891
v 49.979019 1.399289 0.039084
v 49.972858 1.394012 0.043469
v 49.964050 1.417450 0.058540
v 49.969341 1.415920 0.064258
v 49.979019 1.392342 0.050123
v 49.969501 1.432399 0.068665
v 49.963860 1.443853 0.076972
v 49.964230 1.427611 0.072169
v 49.958969 1.439285 0.080085
v 49.958969 1.445483 0.071691
v 49.964230 1.434038 0.062962
v 49.954082 1.440915 0.074803
v 49.958954 1.429250 0.066467
v 49.964230 1.427611 0.072169
v 49.958969 1.439285 0.080085
v 49.953384 1.463278 0.091635
v 49.948887 1.460528 0.095268
v 49.948887 1.466771 0.088709
v 49.944386 1.464021 0.092342
v 49.948887 1.460528 0.095268
v 49.958603 1.467327 0.097574
v 49.965370 1.471890 0.100166
v 49.955364 1.466983 0.103089
v 49.962818 1.473241 0.105441
v 49.962818 1.476739 0.097689
v 49.955364 1.472624 0.096005
v 49.960266 1.478089 0.102964
v 49.952129 1.472281 0.101519
v 49.962818 1.473241 0.105441
v 49.955364 1.466983 0.103089
v 49.976154 1.479856 0.103475
v 49.973515 1.479768 0.108409
v 49.973515 1.484607 0.102146
v 49.970871 1.484520 0.107079
v 49.973515 1.479768 0.108409
v 49.992165 1.492633 0.116357
v 49.989773 1.492066 0.120512
v 49.989773 1.496748 0.115544
v 49.987385 1.496180 0.119700
v 49.989773 1.492066 0.120512
v 50.002720 1.499707 0.122490
v 50.013561 1.506722 0.128376
v 50.000507 1.499501 0.126775
v 50.011585 1.506579 0.132401
v 50.011585 1.510663 0.127546
v 50.000507 1.503893 0.121549
v 50.009609 1.510520 0.131571
v 49.998295 1.503687 0.125834
v 50.000507 1.499501 0.126775
v 50.011585 1.506579 0.132401
v 50.034515 1.519595 0.139229
v 50.032902 1.519527 0.142738
v 50.032902 1.523039 0.138555
v 50.031288 1.522971 0.142064
v 50.032902 1.519527 0.142738
v 50.045853 1.525572 0.144235
v 50.057556 1.531417 0.149088
v 50.044350 1.525574 0.147793
v 50.056171 1.531409 0.152400
v 50.056171 1.534679 0.148518
v 50.044350 1.529072 0.143599
v 50.054790 1.534672 0.151830
v 50.042850 1.529074 0.147157
v 50.056171 1.531409 0.152400
v 50.044350 1.525574 0.147793
v 50.079136 1.542634 0.158626
v 50.077835 1.542596 0.161653
v 50.077835 1.545616 0.158107
v 50.076538 1.545578 0.161134
v 50.077835 1.542596 0.161653
v 49.947750 1.475684 0.101608
v 49.941998 1.486065 0.110484
v 49.943565 1.471568 0.104037
v 49.938122 1.482155 0.112615
v 49.938122 1.487635 0.106318
v 49.943565 1.477274 0.097100
v 49.939384 1.473157 0.099529
v 49.934250 1.483725 0.108449
v 49.938122 1.482155 0.112615
v 49.943565 1.471568 0.104037
v 49.931049 1.505117 0.127510
v 49.927719 1.501691 0.129246
v 49.927719 1.506539 0.123942
v 49.924393 1.503113 0.125678
v 49.927719 1.501691 0.129246
v 49.925571 1.514781 0.136631
v 49.919758 1.524046 0.145966
v 49.922256 1.511288 0.138249
v 49.916683 1.520745 0.147363
v 49.916683 1.525528 0.142703
v 49.922256 1.516290 0.133089
v 49.918938 1.512797 0.134707
v 49.913609 1.522228 0.144100
v 49.916683 1.520745 0.147363
v 49.922256 1.511288 0.138249
v 49.919758 1.524046 0.145966
v 49.908745 1.540989 0.163852
v 49.916683 1.520745 0.147363
v 49.906105 1.538094 0.164938
v 49.906105 1.542354 0.161078
v 49.916683 1.525528 0.142703
v 49.903465 1.539459 0.162164
v 49.913609 1.522228 0.144100
v 49.906105 1.538094 0.164938
v 49.916683 1.520745 0.147363
v 49.903175 1.549294 0.173542
v 49.897331 1.557256 0.183441
v 49.900543 1.546346 0.174495
v 49.894890 1.554507 0.184303
v 49.900543 1.550760 0.170813
v 49.894890 1.558635 0.180912
v 49.892445 1.555885 0.181773
v 49.897915 1.547812 0.171766
v 49.894890 1.554507 0.184303
v 49.900543 1.546346 0.174495
v 49.886604 1.572544 0.201667
v 49.884361 1.570029 0.202484
v 49.884361 1.573787 0.199335
v 49.882118 1.571273 0.200151
v 49.884361 1.570029 0.202484
v 50.022640 1.347834 0.000834
v 50.020821 1.375365 -0.000292
v 50.005901 1.347624 0.017618
v 50.004539 1.375578 0.015991
v 50.004539 1.374664 -0.016561
v 50.005901 1.346306 -0.015881
v 49.988258 1.374878 -0.000278
v 49.989159 1.346097 0.000903
v 50.005901 1.347624 0.017618
v 50.004539 1.375578 0.015991
v 50.020569 1.426772 -0.001064
v 50.005493 1.427641 0.014001
v 50.005493 1.426785 -0.016153
v 49.990417 1.427655 -0.001089
v 50.005493 1.427641 0.014001
v 50.028023 1.430721 -0.000959
v 50.036366 1.442755 0.006759
v 50.014988 1.432180 0.018842
v 50.026470 1.443386 0.022239
v 50.026470 1.456629 -0.000136
v 50.014988 1.447961 -0.010808
v 50.016571 1.457260 0.015345
v 50.001957 1.449419 0.008993
v 50.026470 1.443386 0.022239
v 50.014988 1.432180 0.018842
v 50.036366 1.442755 0.006759
v 50.051636 1.469259 0.020448
v 50.026470 1.443386 0.022239
v 50.046135 1.469818 0.028690
v 50.026470 1.456629 -0.000136
v 50.046135 1.476399 0.016293
v 50.040634 1.476958 0.024535
v 50.016571 1.457260 0.015345
v 50.046135 1.469818 0.028690
v 50.026470 1.443386 0.022239
v 50.061989 1.480298 0.026505
v 50.072235 1.491347 0.033084
v 50.056599 1.480619 0.034833
v 50.067284 1.491503 0.040865
v 50.067284 1.498401 0.029796
v 50.056599 1.487731 0.022733
v 50.051212 1.488052 0.031062
v 50.062336 1.498557 0.037577
v 50.067284 1.491503 0.040865
v 50.056599 1.480619 0.034833
v 50.072235 1.491347 0.033084
v 50.091850 1.511582 0.045908
v 50.067284 1.491503 0.040865
v 50.087631 1.511593 0.052634
v 50.087631 1.517761 0.043252
v 50.067284 1.498401 0.029796
v 50.083416 1.517772 0.049978
v 50.062336 1.498557 0.037577
v 50.067284 1.491503 0.040865
v 50.087631 1.511593 0.052634
v 50.102459 1.521547 0.052512
v 50.112946 1.531414 0.059537
v 50.098282 1.521402 0.059264
v 50.109108 1.531138 0.065833
v 50.109108 1.537363 0.057459
v 50.098282 1.527841 0.050065
v 50.094109 1.527696 0.056817
v 50.105270 1.537087 0.063755
v 50.109108 1.531138 0.065833
v 50.098282 1.521402 0.059264
v 50.133373 1.550203 0.072953
v 50.129684 1.548223 0.077798
v 50.129684 1.555391 0.072264
v 50.125996 1.553411 0.077108
v 50.129684 1.548223 0.077798
v 50.139462 1.556268 0.083606
v 50.141140 1.556534 0.093830
v 50.135178 1.552146 0.085985
v 50.136986 1.552292 0.094773
v 50.135178 1.561002 0.084096
v 50.136986 1.560796 0.094672
v 50.132828 1.556555 0.095616
v 50.130894 1.556880 0.086474
v 50.136986 1.552292 0.094773
v 50.135178 1.552146 0.085985
v 50.144085 1.556738 0.107243
v 50.140339 1.552997 0.109059
v 50.140339 1.560835 0.107958
v 50.136597 1.557094 0.109774
v 50.140339 1.552997 0.109059
v 50.153717 1.562612 0.129684
v 50.150558 1.559517 0.131614
v 50.150558 1.566211 0.130277
v 50.147396 1.563116 0.132208
v 50.150558 1.559517 0.131614
v 50.159054 1.564659 0.143819
v 50.164162 1.566035 0.157959
v 50.155857 1.561407 0.145405
v 50.161198 1.562965 0.159337
v 50.161198 1.569288 0.158820
v 50.155857 1.568188 0.144619
v 50.152660 1.564936 0.146204
v 50.158230 1.566218 0.160199
v 50.161198 1.562965 0.159337
v 50.155857 1.561407 0.145405
v 50.173862 1.567918 0.184671
v 50.171310 1.565227 0.185751
v 50.171310 1.570684 0.185540
v 50.168758 1.567993 0.186620
v 50.171310 1.565227 0.185751
v 50.179115 1.568084 0.198343
v 50.184250 1.567629 0.212144
v 50.176571 1.565342 0.199292
v 50.181885 1.565075 0.213010
v 50.176571 1.570803 0.199360
v 50.181885 1.570149 0.213104
v 50.179516 1.567595 0.213971
v 50.174023 1.568060 0.200308
v 50.181885 1.565075 0.213010
v 50.176571 1.565342 0.199292
v 50.184250 1.567629 0.212144
v 50.193932 1.567522 0.237885
v 50.181885 1.565075 0.213010
v 50.191757 1.565190 0.238713
v 50.191757 1.569847 0.238730
v 50.181885 1.570149 0.213104
v 50.179516 1.567595 0.213971
v 50.189587 1.567516 0.239558
v 50.191757 1.565190 0.238713
v 50.181885 1.565075 0.213010
v 50.143864 1.558378 0.080256
v 50.154694 1.567199 0.087783
v 50.140629 1.557884 0.085698
v 50.151711 1.566598 0.092841
v 50.151711 1.572157 0.086614
v 50.140629 1.563647 0.078808
v 50.148727 1.571556 0.091672
v 50.137390 1.563153 0.084250
v 50.140629 1.557884 0.085698
v 50.151711 1.566598 0.092841
v 50.175220 1.583185 0.102357
v 50.172668 1.582552 0.106706
v 50.172668 1.587494 0.101488
v 50.170116 1.586861 0.105838
v 50.172668 1.582552 0.106706
v 50.186089 1.591038 0.109902
v 50.196861 1.598655 0.117842
v 50.183556 1.590263 0.114237
v 50.194527 1.597806 0.121855
v 50.194527 1.602727 0.117341
v 50.183556 1.595386 0.109199
v 50.192184 1.601877 0.121355
v 50.181023 1.594611 0.113534
v 50.194527 1.597806 0.121855
v 50.183556 1.590263 0.114237
v 50.196861 1.598655 0.117842
v 50.217255 1.612370 0.133092
v 50.194527 1.597806 0.121855
v 50.215256 1.611495 0.136522
v 50.194527 1.602727 0.117341
v 50.215256 1.615900 0.132829
v 50.213261 1.615026 0.136259
v 50.192184 1.601877 0.121355
v 50.215256 1.611495 0.136522
v 50.194527 1.597806 0.121855
v 50.228004 1.618841 0.141129
v 50.238720 1.624980 0.149616
v 50.226017 1.617797 0.144519
v 50.236877 1.623987 0.152762
v 50.236877 1.628279 0.149580
v 50.226017 1.622387 0.141058
v 50.224033 1.621343 0.144448
v 50.235039 1.627285 0.152726
v 50.236877 1.623987 0.152762
v 50.226017 1.617797 0.144519
v 50.258839 1.636745 0.165097
v 50.257149 1.635872 0.167995
v 50.257149 1.639772 0.165023
v 50.255459 1.638898 0.167922
v 50.257149 1.635872 0.167995
v 50.021542 1.450908 -0.002057
v 50.021725 1.474847 -0.003382
v 50.006474 1.452228 0.012980
v 50.007393 1.475839 0.010936
v 50.007393 1.474933 -0.017734
v 50.006474 1.450773 -0.017151
v 49.991402 1.452094 -0.002114
v 49.993061 1.475926 -0.003416
v 50.007393 1.475839 0.010936
v 50.006474 1.452228 0.012980
v 50.022408 1.518862 -0.003762
v 50.009026 1.519712 0.009642
v 50.009026 1.519638 -0.017171
v 49.995644 1.520488 -0.003767
v 50.009026 1.519712 0.009642
v 50.027302 1.526030 -0.009727
v 50.029926 1.531168 -0.022470
v 50.014023 1.541172 -0.007096
v 50.020046 1.543160 -0.021635
v 50.014023 1.516479 -0.021769
v 50.020046 1.523686 -0.031877
v 50.010170 1.535677 -0.031043
v 50.000748 1.531622 -0.019138
v 50.020046 1.543160 -0.021635
v 50.014023 1.541172 -0.007096
v 50.029926 1.531168 -0.022470
v 50.038258 1.546796 -0.045614
v 50.020046 1.543160 -0.021635
v 50.033451 1.553074 -0.044882
v 50.033451 1.543766 -0.051161
v 50.020046 1.523686 -0.031877
v 50.010170 1.535677 -0.031043
v 50.028648 1.550044 -0.050429
v 50.033451 1.553074 -0.044882
v 50.020046 1.543160 -0.021635
v 50.046295 1.553082 -0.055190
v 50.055286 1.559206 -0.065002
v 50.041828 1.559643 -0.055110
v 50.051064 1.565252 -0.065221
v 50.051064 1.556068 -0.070174
v 50.041828 1.550109 -0.061040
v 50.046841 1.562114 -0.070393
v 50.037357 1.556671 -0.060960
v 50.041828 1.559643 -0.055110
v 50.051064 1.565252 -0.065221
v 50.069515 1.569754 -0.086285
v 50.065720 1.574835 -0.086611
v 50.065720 1.566657 -0.090325
v 50.061920 1.571738 -0.090651
v 50.065720 1.574835 -0.086611
v 50.077122 1.574616 -0.097382
v 50.083649 1.578666 -0.108963
v 50.073261 1.579630 -0.097933
v 50.079967 1.583240 -0.109573
v 50.079967 1.575285 -0.112104
v 50.073261 1.571233 -0.101124
v 50.076286 1.579859 -0.112713
v 50.069401 1.576247 -0.101674
v 50.079967 1.583240 -0.109573
v 50.073261 1.579630 -0.097933
v 50.095325 1.585678 -0.132209
v 50.092083 1.589552 -0.132771
v 50.092083 1.582614 -0.134644
v 50.088844 1.586488 -0.135206
v 50.092083 1.589552 -0.132771
v 50.088909 1.585236 -0.147472
v 50.082466 1.584430 -0.159149
v 50.085762 1.588881 -0.146055
v 50.079533 1.587816 -0.158148
v 50.079533 1.581368 -0.157389
v 50.085762 1.581794 -0.145616
v 50.082611 1.585439 -0.144199
v 50.076599 1.584755 -0.156388
v 50.079533 1.587816 -0.158148
v 50.085762 1.588881 -0.146055
v 50.082466 1.584430 -0.159149
v 50.072002 1.580410 -0.181993
v 50.079533 1.587816 -0.158148
v 50.069473 1.583288 -0.181495
v 50.069473 1.577925 -0.180459
v 50.079533 1.581368 -0.157389
v 50.066944 1.580803 -0.179962
v 50.076599 1.584755 -0.156388
v 50.079533 1.587816 -0.158148
v 50.069473 1.583288 -0.181495
v 50.067215 1.577794 -0.193937
v 50.063168 1.574422 -0.205352
v 50.064644 1.580666 -0.193716
v 50.060738 1.577063 -0.205408
v 50.060738 1.572220 -0.203891
v 50.064644 1.575371 -0.192377
v 50.062069 1.578244 -0.192156
v 50.058311 1.574861 -0.203947
v 50.060738 1.577063 -0.205408
v 50.064644 1.580666 -0.193716
v 50.056049 1.566808 -0.227943
v 50.053921 1.569026 -0.228268
v 50.053921 1.564953 -0.226686
v 50.051796 1.567170 -0.227011
v 50.053921 1.569026 -0.228268
v 50.053749 1.561813 -0.239150
v 50.052071 1.555999 -0.250318
v 50.051594 1.563926 -0.239797
v 50.050064 1.557953 -0.250945
v 50.051594 1.559989 -0.237904
v 50.050064 1.554308 -0.249155
v 50.048058 1.556262 -0.249782
v 50.049435 1.562101 -0.238551
v 50.050064 1.557953 -0.250945
v 50.051594 1.563926 -0.239797
v 50.047764 1.546181 -0.271584
v 50.045925 1.548008 -0.272071
v 50.045925 1.544625 -0.270508
v 50.044094 1.546453 -0.270995
v 50.045925 1.548008 -0.272071
v 50.101036 1.588750 -0.144508
v 50.105515 1.591034 -0.156964
v 50.097713 1.592548 -0.145110
v 50.102367 1.594511 -0.157534
v 50.102367 1.587922 -0.158619
v 50.097713 1.585515 -0.146588
v 50.099224 1.591400 -0.159189
v 50.094391 1.589313 -0.147189
v 50.097713 1.592548 -0.145110
v 50.102367 1.594511 -0.157534
v 50.105515 1.591034 -0.156964
v 50.113590 1.594803 -0.181837
v 50.102367 1.594511 -0.157534
v 50.110752 1.597710 -0.181849
v 50.110752 1.592024 -0.182692
v 50.102367 1.587922 -0.158619
v 50.099224 1.591400 -0.159189
v 50.107910 1.594931 -0.182704
v 50.110752 1.597710 -0.181849
v 50.102367 1.594511 -0.157534
v 50.113209 1.597281 -0.198859
v 50.110291 1.598437 -0.209633
v 50.110355 1.600088 -0.198143
v 50.107658 1.601123 -0.210005
v 50.107658 1.595784 -0.210195
v 50.110355 1.594384 -0.198860
v 50.105030 1.598470 -0.210567
v 50.107506 1.597191 -0.198144
v 50.107658 1.601123 -0.210005
v 50.110355 1.600088 -0.198143
v 50.123600 1.597959 -0.230539
v 50.122112 1.599669 -0.232871
v 50.122112 1.595257 -0.231571
v 50.120625 1.596968 -0.233903
v 50.122112 1.599669 -0.232871
v 50.131668 1.596552 -0.235069
v 50.139763 1.593679 -0.234605
v 50.130936 1.594903 -0.237775
v 50.138988 1.590967 -0.235695
v 50.138988 1.592782 -0.231823
v 50.130936 1.593939 -0.233277
v 50.130199 1.592290 -0.235983
v 50.138214 1.590070 -0.232913
v 50.138988 1.590967 -0.235695
v 50.130936 1.594903 -0.237775
v 50.150776 1.589386 -0.232213
v 50.149998 1.587983 -0.234478
v 50.149998 1.587248 -0.230623
v 50.149220 1.585846 -0.232888
v 50.149998 1.587983 -0.234478
v 50.168571 1.580677 -0.236901
v 50.167763 1.580140 -0.239039
v 50.167763 1.578630 -0.236082
v 50.166958 1.578093 -0.238220
v 50.167763 1.580140 -0.239039
v 50.179314 1.575042 -0.239401
v 50.189392 1.568723 -0.242199
v 50.178436 1.574391 -0.241479
v 50.188560 1.567960 -0.244066
v 50.188560 1.567015 -0.241128
v 50.178436 1.573096 -0.238421
v 50.187725 1.566252 -0.242994
v 50.177563 1.572445 -0.240500
v 50.188560 1.567960 -0.244066
v 50.178436 1.574391 -0.241479
v 50.208870 1.556736 -0.245051
v 50.208145 1.555820 -0.246524
v 50.208145 1.555444 -0.243894
v 50.207424 1.554528 -0.245367
v 50.208145 1.555820 -0.246524
v 50.218670 1.550119 -0.245664
v 50.228218 1.543104 -0.245427
v 50.217911 1.549052 -0.247010
v 50.227505 1.542107 -0.246670
v 50.227505 1.542086 -0.244201
v 50.217911 1.549008 -0.244354
v 50.217148 1.547942 -0.245701
v 50.226791 1.541089 -0.245444
v 50.227505 1.542107 -0.246670
v 50.217911 1.549052 -0.247010
v 50.246300 1.530444 -0.246063
v 50.245655 1.529576 -0.247244
v 50.245655 1.529454 -0.244982
v 50.245007 1.528586 -0.246163
v 50.245655 1.529576 -0.247244
v 50.129082 1.597059 -0.243525
v 50.134453 1.595866 -0.255454
v 50.127022 1.599238 -0.244577
v 50.132561 1.597799 -0.256390
v 50.132561 1.593777 -0.255952
v 50.127022 1.594754 -0.244262
v 50.124962 1.596933 -0.245315
v 50.130672 1.595710 -0.256888
v 50.132561 1.597799 -0.256390
v 50.127022 1.599238 -0.244577
v 50.141224 1.593157 -0.279212
v 50.139606 1.594756 -0.279796
v 50.139606 1.591463 -0.279375
v 50.137989 1.593062 -0.279959
v 50.139606 1.594756 -0.279796
v 50.143360 1.591400 -0.291757
v 50.144398 1.589157 -0.304067
v 50.141716 1.593005 -0.292235
v 50.142876 1.590615 -0.304632
v 50.141716 1.589727 -0.291704
v 50.142876 1.587594 -0.304000
v 50.141354 1.589053 -0.304565
v 50.140068 1.591331 -0.292181
v 50.142876 1.590615 -0.304632
v 50.141716 1.593005 -0.292235
v 50.149765 1.583914 -0.326374
v 50.148483 1.585097 -0.327074
v 50.148483 1.582540 -0.326356
v 50.147205 1.583723 -0.327056
v 50.148483 1.585097 -0.327074
v 50.153332 1.580357 -0.337323
v 50.157513 1.576110 -0.347940
v 50.152077 1.581459 -0.338180
v 50.156345 1.577125 -0.348750
v 50.156345 1.574812 -0.347889
v 50.152077 1.578962 -0.337273
v 50.155182 1.575828 -0.348698
v 50.150818 1.580064 -0.338130
v 50.152077 1.581459 -0.338180
v 50.156345 1.577125 -0.348750
v 50.164337 1.569024 -0.368484
v 50.163261 1.569983 -0.369178
v 50.163261 1.567841 -0.368440
v 50.162182 1.568800 -0.369135
v 50.163261 1.569983 -0.369178
v 50.024349 1.541769 -0.003712
v 50.026566 1.565030 -0.003396
v 50.011002 1.542906 0.009704
v 50.013344 1.565648 0.009867
v 50.013344 1.566130 -0.016628
v 50.011002 1.543130 -0.017107
v 50.000122 1.566747 -0.003365
v 49.997654 1.544266 -0.003691
v 50.013344 1.565648 0.009867
v 50.011002 1.542906 0.009704
v 50.027527 1.608213 -0.002446
v 50.014526 1.607792 0.010554
v 50.014526 1.609231 -0.015413
v 50.001526 1.608810 -0.002413
v 50.014526 1.607792 0.010554
v 50.012260 1.630728 -0.006437
v 49.996437 1.636080 -0.009198
v 50.003525 1.623067 0.009407
v 49.989922 1.631304 0.003591
v 49.989922 1.624714 -0.016761
v 50.003525 1.617260 -0.017765
v 49.994789 1.609599 -0.001922
v 49.983410 1.619938 -0.003972
v 49.989922 1.631304 0.003591
v 50.003525 1.623067 0.009407
v 49.996437 1.636080 -0.009198
v 49.971321 1.652252 -0.015147
v 49.989922 1.631304 0.003591
v 49.967419 1.650849 -0.008376
v 49.967419 1.646280 -0.018633
v 49.989922 1.624714 -0.016761
v 49.963516 1.644877 -0.011862
v 49.983410 1.619938 -0.003972
v 49.989922 1.631304 0.003591
v 49.967419 1.650849 -0.008376
v 49.960125 1.661520 -0.021032
v 49.948566 1.670585 -0.027399
v 49.956169 1.661154 -0.014157
v 49.945076 1.670039 -0.020922
v 49.945076 1.664541 -0.029791
v 49.956169 1.655149 -0.023645
v 49.952217 1.654783 -0.016769
v 49.941582 1.663996 -0.023314
v 49.945076 1.670039 -0.020922
v 49.956169 1.661154 -0.014157
v 49.924828 1.686921 -0.035513
v 49.922165 1.685499 -0.029925
v 49.922165 1.681765 -0.038095
v 49.919498 1.680343 -0.032507
v 49.922165 1.685499 -0.029925
v 49.911903 1.695186 -0.038283
v 49.898575 1.702136 -0.040809
v 49.909515 1.693064 -0.032793
v 49.896378 1.700679 -0.035529
v 49.909515 1.690120 -0.041279
v 49.896378 1.697160 -0.043099
v 49.894176 1.695703 -0.037819
v 49.907127 1.687998 -0.035789
v 49.896378 1.700679 -0.035529
v 49.909515 1.693064 -0.032793
v 49.874664 1.714842 -0.049360
v 49.872681 1.714384 -0.044705
v 49.872681 1.710346 -0.050649
v 49.870697 1.709887 -0.045994
v 49.872681 1.714384 -0.044705
v 49.875729 1.721086 -0.059354
v 49.874931 1.729628 -0.070862
v 49.872177 1.723860 -0.057135
v 49.871696 1.732189 -0.068852
v 49.871696 1.726795 -0.072466
v 49.872177 1.718167 -0.061378
v 49.868458 1.729356 -0.070456
v 49.868629 1.720941 -0.059158
v 49.872177 1.723860 -0.057135
v 49.871696 1.732189 -0.068852
v 49.874931 1.729628 -0.070862
v 49.871262 1.743485 -0.093974
v 49.871696 1.732189 -0.068852
v 49.868553 1.745681 -0.092311
v 49.868553 1.740938 -0.095020
v 49.871696 1.726795 -0.072466
v 49.868458 1.729356 -0.070456
v 49.865845 1.743133 -0.093357
v 49.868553 1.745681 -0.092311
v 49.871696 1.732189 -0.068852
v 49.869236 1.750115 -0.106255
v 49.866314 1.755510 -0.118288
v 49.866547 1.752352 -0.104618
v 49.863842 1.757617 -0.116764
v 49.863842 1.752955 -0.118770
v 49.866547 1.747459 -0.107044
v 49.861366 1.755062 -0.117246
v 49.863857 1.749695 -0.105408
v 49.863842 1.757617 -0.116764
v 49.866547 1.752352 -0.104618
v 49.859486 1.765198 -0.142043
v 49.857395 1.767048 -0.140720
v 49.857395 1.762929 -0.142178
v 49.855301 1.764778 -0.140856
v 49.857395 1.767048 -0.140720
v 49.855022 1.768790 -0.154265
v 49.849667 1.771451 -0.166270
v 49.852985 1.770706 -0.152953
v 49.847775 1.773238 -0.165056
v 49.847775 1.769301 -0.166048
v 49.852985 1.766478 -0.154055
v 49.850945 1.768394 -0.152742
v 49.845886 1.771089 -0.164834
v 49.847775 1.773238 -0.165056
v 49.852985 1.770706 -0.152953
v 49.841007 1.777809 -0.188817
v 49.839256 1.779431 -0.187703
v 49.839256 1.775844 -0.188711
v 49.837505 1.777466 -0.187597
v 49.839256 1.779431 -0.187703
v 49.862354 1.721151 -0.054444
v 49.850525 1.726591 -0.060190
v 49.860348 1.721225 -0.049777
v 49.848595 1.727121 -0.055914
v 49.848595 1.722295 -0.060531
v 49.860348 1.716551 -0.055236
v 49.858337 1.716625 -0.050569
v 49.846661 1.722825 -0.056255
v 49.848595 1.727121 -0.055914
v 49.860348 1.721225 -0.049777
v 49.850525 1.726591 -0.060190
v 49.828022 1.737153 -0.071858
v 49.848595 1.727121 -0.055914
v 49.826069 1.737676 -0.068332
v 49.826069 1.733632 -0.072418
v 49.848595 1.722295 -0.060531
v 49.824116 1.734155 -0.068891
v 49.846661 1.722825 -0.056255
v 49.826069 1.737676 -0.068332
v 49.848595 1.727121 -0.055914
v 49.817471 1.746426 -0.080185
v 49.810383 1.753449 -0.087894
v 49.815159 1.747162 -0.076922
v 49.808578 1.754757 -0.084843
v 49.815159 1.743206 -0.081093
v 49.808578 1.750148 -0.087544
v 49.806774 1.751456 -0.084493
v 49.812851 1.743942 -0.077829
v 49.808578 1.754757 -0.084843
v 49.815159 1.747162 -0.076922
v 49.785358 1.754363 -0.102620
v 49.784004 1.756023 -0.100273
v 49.784004 1.751706 -0.101524
v 49.782650 1.753365 -0.099177
v 49.784004 1.756023 -0.100273
v 49.777397 1.745183 -0.107957
v 49.774090 1.735704 -0.114881
v 49.775406 1.747380 -0.109101
v 49.772217 1.737480 -0.116117
v 49.772217 1.735197 -0.112777
v 49.775406 1.744634 -0.105543
v 49.770348 1.736973 -0.114013
v 49.773415 1.746831 -0.106686
v 49.775406 1.747380 -0.109101
v 49.772217 1.737480 -0.116117
v 49.760468 1.716090 -0.127090
v 49.758968 1.717513 -0.128207
v 49.758968 1.715928 -0.125289
v 49.757473 1.717351 -0.126405
v 49.758968 1.717513 -0.128207
v 49.755840 1.705346 -0.132075
v 49.751984 1.694003 -0.136680
v 49.754272 1.706509 -0.133379
v 49.750515 1.695111 -0.137855
v 49.750515 1.693750 -0.135085
v 49.754272 1.705182 -0.130336
v 49.749050 1.694859 -0.136259
v 49.752705 1.706345 -0.131640
v 49.750515 1.695111 -0.137855
v 49.754272 1.706509 -0.133379
v 49.743950 1.674418 -0.148218
v 49.742683 1.675477 -0.149117
v 49.742683 1.674041 -0.146882
v 49.741421 1.675100 -0.147780
v 49.742683 1.675477 -0.149117
v 49.740444 1.664771 -0.155016
v 49.737133 1.655488 -0.162542
v 49.739166 1.665859 -0.155858
v 49.735947 1.656498 -0.163325
v 49.735947 1.655007 -0.161357
v 49.739166 1.664259 -0.153737
v 49.737888 1.665348 -0.154580
v 49.734756 1.656018 -0.162140
v 49.735947 1.656498 -0.163325
v 49.739166 1.665859 -0.155858
v 49.730564 1.637348 -0.175358
v 49.729477 1.638261 -0.176100
v 49.729477 1.636953 -0.174250
v 49.728390 1.637865 -0.174992
v 49.729477 1.638261 -0.176100
v 49.775692 1.758347 -0.111073
v 49.766544 1.761532 -0.120064
v 49.774090 1.759842 -0.108772
v 49.765030 1.763003 -0.118133
v 49.765030 1.759181 -0.119459
v 49.774090 1.755674 -0.110453
v 49.772484 1.757169 -0.108152
v 49.763519 1.760653 -0.117528
v 49.765030 1.763003 -0.118133
v 49.774090 1.759842 -0.108772
v 49.749603 1.767593 -0.138482
v 49.748264 1.768885 -0.137049
v 49.748264 1.765716 -0.138040
v 49.746925 1.767007 -0.136608
v 49.748264 1.768885 -0.137049
v 49.742641 1.770706 -0.149100
v 49.736294 1.773453 -0.160371
v 49.741207 1.772089 -0.147860
v 49.734993 1.774784 -0.159231
v 49.741207 1.768885 -0.148730
v 49.734993 1.771769 -0.159888
v 49.733692 1.773100 -0.158747
v 49.739773 1.770268 -0.147489
v 49.734993 1.774784 -0.159231
v 49.741207 1.772089 -0.147860
v 49.721165 1.776988 -0.179800
v 49.720135 1.778194 -0.178796
v 49.720135 1.775561 -0.179148
v 49.719101 1.776767 -0.178144
v 49.720135 1.778194 -0.178796
v 49.712826 1.777670 -0.189406
v 49.703861 1.777602 -0.198428
v 49.711849 1.778964 -0.188456
v 49.702957 1.778812 -0.197552
v 49.702957 1.776344 -0.197622
v 49.711849 1.776309 -0.188556
v 49.702057 1.777555 -0.196747
v 49.710873 1.777602 -0.187606
v 49.711849 1.778964 -0.188456
v 49.702957 1.778812 -0.197552
v 49.688103 1.778709 -0.216086
v 49.687252 1.779794 -0.215268
v 49.687252 1.777532 -0.215406
v 49.686401 1.778617 -0.214589
v 49.687252 1.779794 -0.215268
v 50.027851 1.626013 -0.000879
v 50.027790 1.643608 0.001055
v 50.014851 1.624853 0.012073
v 50.014877 1.642459 0.013921
v 50.014877 1.644325 -0.011843
v 50.014851 1.627429 -0.013806
v 50.001961 1.643175 0.001023
v 50.001846 1.626270 -0.000854
v 50.014877 1.642459 0.013921
v 50.014851 1.624853 0.012073
v 50.027790 1.643608 0.001055
v 50.026009 1.676421 0.002193
v 50.014877 1.642459 0.013921
v 50.013741 1.675062 0.014427
v 50.014877 1.644325 -0.011843
v 50.013741 1.676353 -0.010116
v 50.001472 1.674994 0.002118
v 50.001961 1.643175 0.001023
v 50.013741 1.675062 0.014427
v 50.014877 1.642459 0.013921
v 50.031059 1.680869 0.005986
v 50.035664 1.687469 0.017124
v 50.019245 1.674004 0.019264
v 50.026791 1.681597 0.026674
v 50.026791 1.698590 0.015713
v 50.019245 1.695526 0.003051
v 50.007431 1.688661 0.016329
v 50.017914 1.692719 0.025263
v 50.026791 1.681597 0.026674
v 50.019245 1.674004 0.019264
v 50.035664 1.687469 0.017124
v 50.041698 1.704096 0.039487
v 50.026791 1.681597 0.026674
v 50.037601 1.701458 0.043561
v 50.037601 1.708833 0.038434
v 50.026791 1.698590 0.015713
v 50.033504 1.706196 0.042508
v 50.017914 1.692719 0.025263
v 50.026791 1.681597 0.026674
v 50.037601 1.701458 0.043561
v 50.047398 1.710805 0.049820
v 50.052418 1.716835 0.060686
v 50.043297 1.707864 0.053678
v 50.048569 1.713882 0.064047
v 50.048569 1.721280 0.060179
v 50.043297 1.715606 0.049123
v 50.039200 1.712665 0.052981
v 50.044716 1.718327 0.063540
v 50.048569 1.713882 0.064047
v 50.043297 1.707864 0.053678
v 50.061478 1.727609 0.082076
v 50.058132 1.724910 0.084782
v 50.058132 1.731415 0.081729
v 50.054783 1.728716 0.084435
v 50.058132 1.724910 0.084782
v 50.066093 1.732635 0.093353
v 50.069950 1.736956 0.104908
v 50.062706 1.729752 0.095810
v 50.066776 1.734155 0.107000
v 50.062706 1.736416 0.093121
v 50.066776 1.740450 0.104772
v 50.063602 1.737648 0.106864
v 50.059319 1.733533 0.095577
v 50.066776 1.734155 0.107000
v 50.062706 1.729752 0.095810
v 50.069950 1.736956 0.104908
v 50.076992 1.744550 0.127240
v 50.066776 1.734155 0.107000
v 50.074245 1.742062 0.128909
v 50.074245 1.747546 0.127183
v 50.066776 1.740450 0.104772
v 50.063602 1.737648 0.106864
v 50.071499 1.745058 0.128852
v 50.074245 1.742062 0.128909
v 50.066776 1.734155 0.107000
v 50.080585 1.747989 0.138895
v 50.083523 1.750791 0.150665
v 50.077816 1.745405 0.140371
v 50.080929 1.748322 0.151868
v 50.080929 1.753538 0.150714
v 50.077816 1.750964 0.138907
v 50.078335 1.751068 0.151916
v 50.075047 1.748380 0.140383
v 50.077816 1.745405 0.140371
v 50.080929 1.748322 0.151868
v 50.088577 1.755516 0.173405
v 50.086319 1.753330 0.174238
v 50.086319 1.757855 0.173418
v 50.084061 1.755669 0.174251
v 50.086319 1.753330 0.174238
v 50.090359 1.757402 0.185365
v 50.091480 1.758692 0.197249
v 50.088078 1.755161 0.185954
v 50.089367 1.756601 0.197799
v 50.089367 1.760852 0.197354
v 50.088078 1.759720 0.185352
v 50.087257 1.758760 0.197904
v 50.085796 1.757478 0.185941
v 50.089367 1.756601 0.197799
v 50.088078 1.755161 0.185954
v 50.095699 1.760934 0.219207
v 50.093906 1.759131 0.219760
v 50.093906 1.762800 0.219479
v 50.092117 1.760997 0.220032
v 50.093906 1.759131 0.219760
v 50.098568 1.761528 0.230341
v 50.101830 1.761731 0.241502
v 50.096794 1.759707 0.230902
v 50.100185 1.760036 0.242021
v 50.100185 1.763454 0.241917
v 50.096794 1.763384 0.230774
v 50.095024 1.761563 0.231334
v 50.098541 1.761759 0.242437
v 50.100185 1.760036 0.242021
v 50.096794 1.759707 0.230902
v 50.101830 1.761731 0.241502
v 50.107246 1.762621 0.262524
v 50.100185 1.760036 0.242021
v 50.105728 1.761071 0.262991
v 50.105728 1.764206 0.262858
v 50.100185 1.763454 0.241917
v 50.104214 1.762655 0.263325
v 50.098541 1.761759 0.242437
v 50.100185 1.760036 0.242021
v 50.105728 1.761071 0.262991
v 50.024586 1.693852 0.003432
v 50.022415 1.710051 0.004336
v 50.012348 1.691967 0.015624
v 50.010708 1.709207 0.016047
v 50.010708 1.709629 -0.007397
v 50.012348 1.693543 -0.008902
v 50.000111 1.691658 0.003291
v 49.999001 1.708785 0.004314
v 50.010708 1.709207 0.016047
v 50.012348 1.691967 0.015624
v 50.021141 1.741102 0.003631
v 50.010395 1.741322 0.014388
v 50.010395 1.740152 -0.007086
v 49.999649 1.740373 0.003671
v 50.010395 1.741322 0.014388
v 50.027660 1.744720 0.003403
v 50.036175 1.755989 0.002003
v 50.018890 1.753935 0.014141
v 50.029675 1.763491 0.009935
v 50.018890 1.751097 -0.009228
v 50.029675 1.760745 -0.007824
v 50.023174 1.768247 0.000108
v 50.010124 1.760311 0.001510
v 50.029675 1.763491 0.009935
v 50.018890 1.753935 0.014141
v 50.036175 1.755989 0.002003
v 50.050720 1.780523 -0.001882
v 50.029675 1.763491 0.009935
v 50.047318 1.784195 0.002026
v 50.047318 1.782619 -0.006818
v 50.029675 1.760745 -0.007824
v 50.023174 1.768247 0.000108
v 50.043911 1.786290 -0.002910
v 50.047318 1.784195 0.002026
v 50.029675 1.763491 0.009935
v 50.060101 1.790728 -0.003760
v 50.069454 1.800948 -0.006096
v 50.056793 1.794649 -0.000014
v 50.066418 1.804744 -0.002749
v 50.066418 1.802702 -0.010843
v 50.056793 1.792748 -0.008793
v 50.063377 1.806498 -0.007496
v 50.053490 1.796668 -0.005047
v 50.056793 1.794649 -0.000014
v 50.066418 1.804744 -0.002749
v 50.087242 1.819877 -0.011054
v 50.084656 1.823252 -0.008276
v 50.084656 1.821295 -0.015190
v 50.082066 1.824671 -0.012412
v 50.084656 1.823252 -0.008276
v 50.096722 1.829219 -0.013760
v 50.106110 1.838475 -0.016899
v 50.094162 1.832729 -0.011122
v 50.103748 1.841848 -0.014584
v 50.103748 1.839537 -0.020849
v 50.094162 1.830508 -0.017957
v 50.101391 1.842910 -0.018535
v 50.091606 1.834018 -0.015319
v 50.103748 1.841848 -0.014584
v 50.094162 1.832729 -0.011122
v 50.106110 1.838475 -0.016899
v 50.123867 1.855560 -0.023439
v 50.103748 1.841848 -0.014584
v 50.121849 1.858545 -0.021559
v 50.103748 1.839537 -0.020849
v 50.121849 1.856359 -0.026876
v 50.119831 1.859345 -0.024996
v 50.101391 1.842910 -0.018535
v 50.121849 1.858545 -0.021559
v 50.103748 1.841848 -0.014584
v 50.133224 1.864002 -0.027008
v 50.142456 1.872302 -0.031047
v 50.131218 1.867082 -0.025272
v 50.140602 1.875234 -0.029553
v 50.140602 1.872786 -0.034302
v 50.131218 1.864655 -0.030483
v 50.129211 1.867735 -0.028747
v 50.138744 1.875719 -0.032808
v 50.140602 1.875234 -0.029553
v 50.131218 1.867082 -0.025272
v 50.159908 1.887603 -0.039116
v 50.158298 1.890178 -0.037955
v 50.158298 1.887862 -0.041928
v 50.156689 1.890437 -0.040767
v 50.158298 1.890178 -0.037955
v 50.168823 1.895232 -0.043824
v 50.177559 1.902606 -0.049003
v 50.167194 1.897858 -0.042812
v 50.176086 1.905088 -0.048103
v 50.176086 1.902690 -0.051641
v 50.167194 1.895304 -0.046637
v 50.165562 1.897930 -0.045625
v 50.174618 1.905172 -0.050741
v 50.176086 1.905088 -0.048103
v 50.167194 1.897858 -0.042812
v 50.194828 1.915923 -0.057684
v 50.193634 1.918102 -0.056914
v 50.193634 1.916082 -0.059990
v 50.192436 1.918261 -0.059220
v 50.193634 1.918102 -0.056914
v 50.204163 1.922242 -0.061872
v 50.213795 1.928386 -0.065960
v 50.203030 1.924469 -0.061144
v 50.212749 1.930462 -0.065293
v 50.203030 1.922431 -0.064207
v 50.212749 1.928559 -0.068134
v 50.211704 1.930634 -0.067467
v 50.201900 1.924657 -0.063479
v 50.212749 1.930462 -0.065293
v 50.203030 1.924469 -0.061144
v 50.213795 1.928386 -0.065960
v 50.231441 1.940170 -0.073892
v 50.212749 1.930462 -0.065293
v 50.230465 1.942065 -0.073277
v 50.230465 1.940312 -0.075880
v 50.212749 1.928559 -0.068134
v 50.211704 1.930634 -0.067467
v 50.229488 1.942207 -0.075264
v 50.230465 1.942065 -0.073277
v 50.212749 1.930462 -0.065293
v 50.020348 1.754777 0.002403
v 50.019363 1.767325 0.000508
v 50.009609 1.755488 0.013147
v 50.009003 1.768413 0.010813
v 50.009003 1.766152 -0.009787
v 50.009609 1.752956 -0.008209
v 49.998638 1.767240 0.000518
v 49.998875 1.753667 0.002535
v 50.009609 1.755488 0.013147
v 50.009003 1.768413 0.010813
v 50.019501 1.791248 -0.001146
v 50.009941 1.792982 0.008323
v 50.009941 1.791116 -0.010771
v 50.000385 1.792850 -0.001303
v 50.009941 1.792982 0.008323
v 50.020374 1.801009 -0.009913
v 50.017372 1.807527 -0.020373
v 50.009907 1.809038 -0.003193
v 50.009518 1.813493 -0.015183
v 50.009518 1.800816 -0.024555
v 50.009907 1.792742 -0.016340
v 50.001659 1.806782 -0.019365
v 49.999439 1.800772 -0.009620
v 50.009518 1.813493 -0.015183
v 50.009907 1.809038 -0.003193
v 50.017372 1.807527 -0.020373
v 50.010113 1.822898 -0.037889
v 50.009518 1.813493 -0.015183
v 50.006557 1.825342 -0.035202
v 50.009518 1.800816 -0.024555
v 50.006557 1.819783 -0.039756
v 50.003002 1.822227 -0.037069
v 50.001659 1.806782 -0.019365
v 50.006557 1.825342 -0.035202
v 50.009518 1.813493 -0.015183
v 50.008057 1.830147 -0.047402
v 50.004902 1.836672 -0.056523
v 50.004543 1.832584 -0.044656
v 50.001690 1.838858 -0.053836
v 50.001690 1.833419 -0.057711
v 50.004543 1.826812 -0.048937
v 50.001030 1.829249 -0.046191
v 49.998482 1.835604 -0.055024
v 50.001690 1.838858 -0.053836
v 50.004543 1.832584 -0.044656
v 50.004902 1.836672 -0.056523
v 49.997612 1.849115 -0.074079
v 50.001690 1.838858 -0.053836
v 49.994938 1.850808 -0.071525
v 49.994938 1.846168 -0.074920
v 50.001690 1.833419 -0.057711
v 49.992268 1.847861 -0.072366
v 49.998482 1.835604 -0.055024
v 50.001690 1.838858 -0.053836
v 49.994938 1.850808 -0.071525
v 49.992496 1.855519 -0.082520
v 49.986553 1.861034 -0.090276
v 49.989967 1.857013 -0.079711
v 49.984184 1.862634 -0.087807
v 49.984184 1.858118 -0.090662
v 49.989967 1.852397 -0.083137
v 49.987434 1.853891 -0.080328
v 49.981815 1.859718 -0.088193
v 49.984184 1.862634 -0.087807
v 49.989967 1.857013 -0.079711
v 49.977684 1.870147 -0.107061
v 49.975540 1.871854 -0.105310
v 49.975540 1.867715 -0.107315
v 49.973396 1.869421 -0.105564
v 49.975540 1.871854 -0.105310
v 49.967999 1.877405 -0.103151
v 49.959133 1.883110 -0.100815
v 49.966667 1.874832 -0.101760
v 49.958046 1.880706 -0.099521
v 49.966667 1.876577 -0.105956
v 49.958046 1.882213 -0.103393
v 49.956959 1.879810 -0.102099
v 49.965340 1.874004 -0.104565
v 49.958046 1.880706 -0.099521
v 49.966667 1.874832 -0.101760
v 49.940655 1.891807 -0.097993
v 49.939945 1.889863 -0.096640
v 49.939945 1.890634 -0.100050
v 49.939236 1.888690 -0.098697
v 49.939945 1.889863 -0.096640
v 49.930717 1.895644 -0.098098
v 49.920734 1.898261 -0.098115
v 49.930172 1.894006 -0.096331
v 49.920280 1.896417 -0.096824
v 49.920280 1.897045 -0.100010
v 49.930172 1.893964 -0.099826
v 49.919830 1.895201 -0.098719
v 49.929626 1.892325 -0.098058
v 49.930172 1.894006 -0.096331
v 49.920280 1.896417 -0.096824
v 49.920734 1.898261 -0.098115
v 49.902138 1.903201 -0.094842
v 49.920280 1.896417 -0.096824
v 49.901711 1.901289 -0.094575
v 49.901711 1.903028 -0.096765
v 49.920280 1.897045 -0.100010
v 49.919830 1.895201 -0.098719
v 49.901279 1.901116 -0.096497
v 49.901711 1.901289 -0.094575
v 49.920280 1.896417 -0.096824
v 49.892738 1.904853 -0.092171
v 49.883396 1.906273 -0.089008
v 49.892273 1.902969 -0.092551
v 49.882961 1.904532 -0.089403
v 49.892273 1.905342 -0.094030
v 49.882961 1.906771 -0.090723
v 49.882526 1.905030 -0.091118
v 49.891811 1.903458 -0.094409
v 49.882961 1.904532 -0.089403
v 49.892273 1.902969 -0.092551
v 49.865685 1.909862 -0.084452
v 49.865307 1.908229 -0.084641
v 49.865307 1.910136 -0.086072
v 49.864929 1.908504 -0.086261
v 49.865307 1.908229 -0.084641
v 49.974258 1.874082 -0.116536
v 49.971104 1.877240 -0.126510
v 49.972061 1.876002 -0.115101
v 49.969101 1.879030 -0.125120
v 49.969101 1.874975 -0.126471
v 49.972061 1.871689 -0.116697
v 49.967102 1.876764 -0.125081
v 49.969864 1.873610 -0.115261
v 49.972061 1.876002 -0.115101
v 49.969101 1.879030 -0.125120
v 49.961838 1.883510 -0.144241
v 49.960327 1.884782 -0.142545
v 49.960327 1.881404 -0.144005
v 49.958817 1.882676 -0.142309
v 49.960327 1.884782 -0.142545
v 49.952091 1.888458 -0.152959
v 49.944195 1.890909 -0.156891
v 49.950935 1.889278 -0.150778
v 49.942822 1.892332 -0.155499
v 49.942822 1.889008 -0.156302
v 49.950935 1.886142 -0.152701
v 49.949780 1.886961 -0.150519
v 49.941448 1.890431 -0.154910
v 49.942822 1.892332 -0.155499
v 49.950935 1.889278 -0.150778
v 49.944195 1.890909 -0.156891
v 49.939362 1.891353 -0.176859
v 49.942822 1.892332 -0.155499
v 49.938026 1.892753 -0.176227
v 49.942822 1.889008 -0.156302
v 49.938026 1.889883 -0.176415
v 49.936695 1.891282 -0.175784
v 49.941448 1.890431 -0.154910
v 49.938026 1.892753 -0.176227
v 49.942822 1.892332 -0.155499
v 49.942375 1.889086 -0.185507
v 49.945095 1.886845 -0.194829
v 49.941002 1.890386 -0.186248
v 49.943878 1.887960 -0.195619
v 49.943878 1.885479 -0.194878
v 49.941002 1.887591 -0.185569
v 49.939621 1.888891 -0.186310
v 49.942657 1.886594 -0.195669
v 49.943878 1.887960 -0.195619
v 49.941002 1.890386 -0.186248
v 49.952271 1.880926 -0.211413
v 49.951324 1.881737 -0.212253
v 49.951324 1.879760 -0.211473
v 49.950378 1.880571 -0.212314
v 49.951324 1.881737 -0.212253
v 49.957321 1.877662 -0.219048
v 49.962936 1.873852 -0.226073
v 49.956432 1.878361 -0.220040
v 49.962086 1.874477 -0.226987
v 49.962086 1.872746 -0.226037
v 49.956432 1.876450 -0.219109
v 49.961235 1.873371 -0.226951
v 49.955547 1.877149 -0.220101
v 49.962086 1.874477 -0.226987
v 49.956432 1.878361 -0.220040
v 49.970734 1.865797 -0.240740
v 49.969948 1.866356 -0.241461
v 49.969948 1.864898 -0.240582
v 49.969162 1.865457 -0.241304
v 49.969948 1.866356 -0.241461
v 49.973965 1.860962 -0.248141
v 49.976376 1.855644 -0.255478
v 49.973152 1.861516 -0.248838
v 49.975620 1.856159 -0.256126
v 49.973152 1.860114 -0.247870
v 49.975620 1.854859 -0.255217
v 49.974861 1.855374 -0.255865
v 49.972343 1.860668 -0.248566
v 49.975620 1.856159 -0.256126
v 49.973152 1.861516 -0.248838
v 49.982082 1.846425 -0.269154
v 49.981396 1.846896 -0.269763
v 49.981396 1.845685 -0.268946
v 49.980705 1.846156 -0.269555
v 49.981396 1.846896 -0.269763
v 49.934101 1.892260 -0.185687
v 49.929420 1.892290 -0.194091
v 49.932850 1.893657 -0.184899
v 49.928272 1.893593 -0.193514
v 49.928272 1.891004 -0.193475
v 49.932850 1.890785 -0.185060
v 49.927124 1.892308 -0.192898
v 49.931599 1.892181 -0.184272
v 49.932850 1.893657 -0.184899
v 49.928272 1.893593 -0.193514
v 49.920723 1.891596 -0.210945
v 49.919746 1.892688 -0.210615
v 49.919746 1.890570 -0.210445
v 49.918770 1.891662 -0.210114
v 49.919746 1.892688 -0.210615
v 49.917511 1.890497 -0.219918
v 49.914749 1.888689 -0.228882
v 49.916500 1.891598 -0.219762
v 49.913822 1.889727 -0.228745
v 49.913822 1.887794 -0.228338
v 49.916500 1.889500 -0.219427
v 49.912899 1.888832 -0.228201
v 49.915489 1.890600 -0.219271
v 49.913822 1.889727 -0.228745
v 49.916500 1.891598 -0.219762
v 49.906975 1.885106 -0.244937
v 49.906216 1.886030 -0.244786
v 49.906216 1.884386 -0.244339
v 49.905460 1.885310 -0.244187
v 49.906216 1.886030 -0.244786
v 49.902431 1.882575 -0.252599
v 49.897316 1.879679 -0.259719
v 49.901707 1.883527 -0.252475
v 49.896641 1.880568 -0.259606
v 49.896641 1.879081 -0.259051
v 49.901707 1.881926 -0.251891
v 49.900978 1.882878 -0.251767
v 49.895966 1.879970 -0.258939
v 49.896641 1.880568 -0.259606
v 49.901707 1.883527 -0.252475
v 49.888687 1.874875 -0.273785
v 49.888054 1.875684 -0.273677
v 49.888054 1.874302 -0.273204
v 49.887421 1.875111 -0.273096
v 49.888054 1.875684 -0.273677
v 50.021126 1.803529 -0.002662
v 50.023167 1.816092 -0.004408
v 50.011654 1.806263 0.006658
v 50.014061 1.818056 0.004706
v 50.014061 1.816949 -0.013692
v 50.011654 1.803819 -0.012371
v 50.002186 1.806553 -0.003051
v 50.004955 1.818913 -0.004578
v 50.014061 1.818056 0.004706
v 50.011654 1.806263 0.006658
v 50.025333 1.840208 -0.004328
v 50.016911 1.841095 0.004253
v 50.016911 1.841957 -0.012775
v 50.008488 1.842844 -0.004194
v 50.016911 1.841095 0.004253
v 50.019253 1.856269 0.002475
v 50.009609 1.863580 0.007662
v 50.011349 1.847454 0.008309
v 50.003822 1.856536 0.011985
v 50.003822 1.863267 -0.000596
v 50.011349 1.856364 -0.008096
v 50.003445 1.847548 -0.002262
v 49.998035 1.856223 0.003726
v 50.003822 1.856536 0.011985
v 50.011349 1.847454 0.008309
v 50.009609 1.863580 0.007662
v 49.993355 1.880638 0.013849
v 50.003822 1.856536 0.011985
v 49.990463 1.877426 0.016524
v 49.990463 1.879821 0.009749
v 50.003822 1.863267 -0.000596
v 49.987576 1.876608 0.012424
v 49.998035 1.856223 0.003726
v 50.003822 1.856536 0.011985
v 49.990463 1.877426 0.016524
v 49.985443 1.889884 0.016539
v 49.976982 1.898308 0.018835
v 49.982738 1.886634 0.019357
v 49.974510 1.895073 0.021227
v 49.974510 1.897314 0.014936
v 49.982738 1.888580 0.012439
v 49.980034 1.885331 0.015258
v 49.972038 1.894080 0.017329
v 49.974510 1.895073 0.021227
v 49.982738 1.886634 0.019357
v 49.976982 1.898308 0.018835
v 49.961655 1.913395 0.026080
v 49.974510 1.895073 0.021227
v 49.959526 1.910397 0.027813
v 49.959526 1.912924 0.022650
v 49.974510 1.897314 0.014936
v 49.957397 1.909926 0.024383
v 49.972038 1.894080 0.017329
v 49.959526 1.910397 0.027813
v 49.974510 1.895073 0.021227
v 49.953609 1.920973 0.030174
v 49.945721 1.927569 0.034777
v 49.951515 1.917816 0.031650
v 49.943756 1.924535 0.035882
v 49.951515 1.920735 0.026697
v 49.943756 1.927662 0.031550
v 49.941795 1.924628 0.032655
v 49.949425 1.917578 0.028174
v 49.943756 1.924535 0.035882
v 49.951515 1.917816 0.031650
v 49.930698 1.940194 0.044779
v 49.928993 1.937531 0.045540
v 49.928993 1.940498 0.042026
v 49.927288 1.937836 0.042787
v 49.928993 1.937531 0.045540
v 49.919785 1.943080 0.038577
v 49.912094 1.943602 0.032379
v 49.918621 1.944456 0.041237
v 49.910866 1.945213 0.034506
v 49.910866 1.941181 0.033501
v 49.918621 1.940242 0.039534
v 49.909637 1.942792 0.035628
v 49.917454 1.941618 0.042193
v 49.918621 1.944456 0.041237
v 49.910866 1.945213 0.034506
v 49.892891 1.948188 0.021037
v 49.891865 1.949433 0.022910
v 49.891865 1.946098 0.021864
v 49.890839 1.947342 0.023737
v 49.891865 1.949433 0.022910
v 49.884457 1.949663 0.014439
v 49.877125 1.950686 0.007463
v 49.883293 1.951122 0.016062
v 49.875957 1.952139 0.008808
v 49.875957 1.948922 0.008361
v 49.883293 1.947693 0.015380
v 49.874794 1.950375 0.009706
v 49.882133 1.949152 0.017003
v 49.875957 1.952139 0.008808
v 49.883293 1.951122 0.016062
v 49.877125 1.950686 0.007463
v 49.862915 1.952426 -0.007367
v 49.875957 1.952139 0.008808
v 49.861832 1.953751 -0.006378
v 49.875957 1.948922 0.008361
v 49.861832 1.950963 -0.006599
v 49.860744 1.952287 -0.005610
v 49.874794 1.950375 0.009706
v 49.861832 1.953751 -0.006378
v 49.875957 1.952139 0.008808
v 49.857037 1.952725 -0.015708
v 49.851799 1.952686 -0.024690
v 49.855854 1.954110 -0.014932
v 49.850697 1.953977 -0.023984
v 49.850697 1.951378 -0.024017
v 49.855854 1.951314 -0.014984
v 49.854675 1.952698 -0.014208
v 49.849594 1.952669 -0.023312
v 49.850697 1.953977 -0.023984
v 49.855854 1.954110 -0.014932
v 49.840717 1.953178 -0.040711
v 49.839733 1.954350 -0.040003
v 49.839733 1.951966 -0.040074
v 49.838745 1.953138 -0.039366
v 49.839733 1.954350 -0.040003
v 49.923119 1.946250 0.050518
v 49.916061 1.951385 0.056618
v 49.921398 1.943540 0.051031
v 49.914406 1.948874 0.056921
v 49.914406 1.952186 0.054220
v 49.921398 1.946834 0.047822
v 49.919674 1.944124 0.048335
v 49.912750 1.949677 0.054523
v 49.914406 1.948874 0.056921
v 49.921398 1.943540 0.051031
v 49.902695 1.961468 0.069980
v 49.901386 1.959220 0.069930
v 49.901386 1.962277 0.067882
v 49.900078 1.960029 0.067832
v 49.901386 1.959220 0.069930
v 49.890972 1.965779 0.078296
v 49.884186 1.966655 0.082163
v 49.889912 1.963511 0.077588
v 49.882755 1.964711 0.082006
v 49.889912 1.966924 0.076214
v 49.882755 1.967830 0.080605
v 49.881329 1.965885 0.080448
v 49.888851 1.964657 0.075507
v 49.882755 1.964711 0.082006
v 49.889912 1.963511 0.077588
v 49.884186 1.966655 0.082163
v 49.880772 1.977540 0.100894
v 49.882755 1.964711 0.082006
v 49.879452 1.975999 0.101047
v 49.879452 1.978552 0.099723
v 49.882755 1.967830 0.080605
v 49.881329 1.965885 0.080448
v 49.878132 1.977012 0.099876
v 49.879452 1.975999 0.101047
v 49.882755 1.964711 0.082006
v 49.887623 1.982269 0.105312
v 49.894424 1.987750 0.110868
v 49.886551 1.981936 0.107008
v 49.893410 1.987524 0.112375
v 49.893410 1.989201 0.110403
v 49.886551 1.983963 0.104967
v 49.892391 1.988975 0.111910
v 49.885479 1.983629 0.106662
v 49.886551 1.981936 0.107008
v 49.893410 1.987524 0.112375
v 49.905621 2.001065 0.120742
v 49.904694 2.000915 0.121914
v 49.904694 2.002082 0.120138
v 49.903763 2.001931 0.121311
v 49.904694 2.000915 0.121914
v 49.909763 2.009198 0.125615
v 49.912811 2.017810 0.129782
v 49.908772 2.009030 0.126730
v 49.911919 2.017749 0.130855
v 49.911919 2.018630 0.129088
v 49.908772 2.010034 0.124857
v 49.911026 2.018569 0.130161
v 49.907776 2.009866 0.125973
v 49.911919 2.017749 0.130855
v 49.908772 2.009030 0.126730
v 49.922806 2.031824 0.137033
v 49.922123 2.031922 0.138020
v 49.922123 2.032646 0.136478
v 49.921440 2.032744 0.137465
v 49.922123 2.031922 0.138020
v 49.928974 2.038473 0.139870
v 49.936024 2.044688 0.142024
v 49.928360 2.038718 0.140877
v 49.935455 2.044925 0.142964
v 49.935455 2.045491 0.141481
v 49.928360 2.039330 0.139288
v 49.927746 2.039575 0.140295
v 49.934891 2.045728 0.142421
v 49.935455 2.044925 0.142964
v 49.928360 2.038718 0.140877
v 49.948029 2.057184 0.147188
v 49.947483 2.057354 0.148049
v 49.947483 2.057914 0.146699
v 49.946938 2.058084 0.147560
v 49.947483 2.057354 0.148049
v 49.874016 1.981006 0.108756
v 49.867039 1.983486 0.115153
v 49.872940 1.979310 0.108435
v 49.866158 1.981933 0.114747
v 49.866158 1.984341 0.113795
v 49.872940 1.981961 0.107319
v 49.871864 1.980266 0.106998
v 49.865276 1.982789 0.113390
v 49.866158 1.981933 0.114747
v 49.872940 1.979310 0.108435
v 49.851719 1.988253 0.126987
v 49.851120 1.986927 0.126607
v 49.851120 1.988874 0.125756
v 49.850525 1.987548 0.125376
v 49.851120 1.986927 0.126607
v 49.842754 1.990378 0.131250
v 49.833515 1.991694 0.134405
v 49.842316 1.989001 0.130837
v 49.833069 1.990496 0.133843
v 49.842316 1.990917 0.129917
v 49.833069 1.992388 0.133278
v 49.832623 1.991190 0.132717
v 49.841877 1.989541 0.129504
v 49.833069 1.990496 0.133843
v 49.842316 1.989001 0.130837
v 49.818119 1.993488 0.144177
v 49.817619 1.992570 0.143579
v 49.817619 1.994264 0.143403
v 49.817120 1.993346 0.142806
v 49.817619 1.992570 0.143579
v 49.810863 1.993535 0.150037
v 49.804123 1.993039 0.156632
v 49.810295 1.992701 0.149379
v 49.803589 1.992268 0.156015
v 49.803589 1.993854 0.156075
v 49.810295 1.994404 0.149427
v 49.803055 1.993083 0.155459
v 49.809727 1.993571 0.148768
v 49.810295 1.992701 0.149379
v 49.803589 1.992268 0.156015
v 49.790489 1.993084 0.167912
v 49.790020 1.992353 0.167353
v 49.790020 1.993814 0.167350
v 49.789555 1.993082 0.166790
v 49.790020 1.992353 0.167353
v 50.027210 1.849788 -0.003559
v 50.028736 1.859883 -0.001902
v 50.018833 1.850253 0.005098
v 50.020569 1.859506 0.006353
v 50.020569 1.862002 -0.009889
v 50.018833 1.852457 -0.011808
v 50.012398 1.861625 -0.001634
v 50.010456 1.852921 -0.003151
v 50.020569 1.859506 0.006353
v 50.018833 1.850253 0.005098
v 50.028877 1.879044 0.000772
v 50.021214 1.877557 0.008290
v 50.021214 1.880539 -0.006744
v 50.013550 1.879052 0.000774
v 50.021214 1.877557 0.008290
v 50.028519 1.889201 0.003409
v 50.026993 1.898461 0.005860
v 50.020882 1.886605 0.010648
v 50.019623 1.896354 0.013034
v 50.019623 1.898796 -0.001610
v 50.020882 1.890556 -0.004162
v 50.013245 1.887959 0.003077
v 50.012253 1.896689 0.005565
v 50.019623 1.896354 0.013034
v 50.020882 1.886605 0.010648
v 50.024544 1.916864 0.006872
v 50.017685 1.915388 0.013827
v 50.017685 1.915692 -0.000141
v 50.010826 1.914216 0.006814
v 50.017685 1.915388 0.013827
v 50.022507 1.924190 0.006540
v 50.020363 1.929675 0.005649
v 50.015835 1.922681 0.013670
v 50.013733 1.929087 0.012573
v 50.013733 1.927341 -0.000896
v 50.015835 1.921556 -0.000256
v 50.009167 1.920046 0.006875
v 50.007103 1.926753 0.006028
v 50.013733 1.929087 0.012573
v 50.015835 1.922681 0.013670
v 50.018715 1.941009 0.004324
v 50.012371 1.941634 0.010656
v 50.012371 1.939683 -0.001899
v 50.006027 1.940308 0.004433
v 50.012371 1.941634 0.010656
v 50.018696 1.946841 0.003193
v 50.019089 1.953083 0.001473
v 50.012348 1.948578 0.009311
v 50.012997 1.954719 0.007368
v 50.012348 1.945691 -0.003063
v 50.012997 1.952184 -0.004578
v 50.006901 1.953820 0.001317
v 50.006004 1.947428 0.003056
v 50.012997 1.954719 0.007368
v 50.012348 1.948578 0.009311
v 50.019146 1.965380 -0.000424
v 50.013302 1.966405 0.005336
v 50.013302 1.964643 -0.006227
v 50.007454 1.965668 -0.000467
v 50.013302 1.966405 0.005336
v 50.024021 1.652623 0.002053
v 50.014889 1.651810 0.011151
v 50.014896 1.656230 0.002457
v 50.014889 1.653129 -0.007067
v 50.014896 1.656230 0.002457
v 50.014896 1.656230 0.002457
v 50.005756 1.652317 0.002031
v 50.014896 1.656230 0.002457
v 50.014889 1.651810 0.011151
v 50.055210 0.321427 0.005788
v 50.048176 0.326676 0.016316
v 50.050900 0.330953 0.007100
v 50.048176 0.329381 -0.002878
v 50.050900 0.330953 0.007100
v 50.050900 0.330953 0.007100
v 50.041142 0.334630 0.007649
v 50.050900 0.330953 0.007100
v 50.048176 0.326676 0.016316
v 50.000961 0.608216 -0.052350
v 50.001076 0.611180 -0.042329
v 50.010761 0.605301 -0.050040
v 50.001076 0.598967 -0.057382
v 50.000961 0.608216 -0.052350
v 49.991386 0.604846 -0.049671
v 50.000961 0.608216 -0.052350
v 50.000961 0.608216 -0.052350
v 50.001076 0.611180 -0.042329
v 49.959038 0.747452 0.000810
v 49.963848 0.743514 0.012618
v 49.969002 0.756756 0.002788
v 49.963848 0.748265 -0.011351
v 49.959038 0.747452 0.000810
v 49.959038 0.747452 0.000810
v 49.958698 0.735023 -0.001520
v 49.959038 0.747452 0.000810
v 49.963848 0.743514 0.012618
v 50.032433 0.935099 0.028768
v 50.029373 0.923747 0.032337
v 50.038975 0.929322 0.020030
v 50.029373 0.942760 0.018629
v 50.032433 0.935099 0.028768
v 50.032433 0.935099 0.028768
v 50.019772 0.937184 0.030935
v 50.032433 0.935099 0.028768
v 50.029373 0.923747 0.032337
v 50.040253 1.088863 -0.011516
v 50.031208 1.098667 -0.003607
v 50.033909 1.097961 -0.015297
v 50.033909 1.097961 -0.015297
v 50.031208 1.090589 -0.023994
v 50.033909 1.097961 -0.015297
v 50.022167 1.100393 -0.016084
v 50.031208 1.098667 -0.003607
v 50.033909 1.097961 -0.015297
v 49.993233 1.230656 -0.030207
v 49.981838 1.228374 -0.027727
v 49.984776 1.235451 -0.018464
v 49.984776 1.218005 -0.031130
v 49.981838 1.228374 -0.027727
v 49.976318 1.222801 -0.019387
v 49.981838 1.228374 -0.027727
v 49.981838 1.228374 -0.027727
v 49.984776 1.235451 -0.018464
v 49.993305 1.355775 0.023420
v 49.994663 1.347582 0.029807
v 50.004013 1.355244 0.022877
v 49.993305 1.355775 0.023420
v 49.994663 1.357539 0.012804
v 49.993305 1.355775 0.023420
v 49.985317 1.349876 0.019734
v 49.994663 1.347582 0.029807
v 49.993305 1.355775 0.023420
v 50.035385 1.457728 0.016517
v 50.032776 1.450784 0.022827
v 50.039776 1.450338 0.011881
v 50.032776 1.460149 0.007006
v 50.035385 1.457728 0.016517
v 50.035385 1.457728 0.016517
v 50.025776 1.460595 0.017952
v 50.032776 1.450784 0.022827
v 50.035385 1.457728 0.016517
v 50.018837 1.537636 -0.024703
v 50.017429 1.543785 -0.016507
v 50.026817 1.533078 -0.018367
v 50.017429 1.526325 -0.026882
v 50.018837 1.537636 -0.024703
v 50.008038 1.537032 -0.025022
v 50.018837 1.537636 -0.024703
v 50.018837 1.537636 -0.024703
v 50.017429 1.543785 -0.016507
v 49.994045 1.630206 -0.005687
v 49.996822 1.629317 0.004361
v 50.002998 1.634735 -0.006842
v 49.996822 1.625212 -0.014852
v 49.994045 1.630206 -0.005687
v 49.994045 1.630206 -0.005687
v 49.990646 1.619795 -0.003649
v 49.994045 1.630206 -0.005687
v 49.996822 1.629317 0.004361
v 50.024578 1.693540 0.019879
v 50.023018 1.683361 0.023057
v 50.031368 1.688215 0.013668
v 50.023018 1.698579 0.011592
v 50.024578 1.693540 0.019879
v 50.014660 1.693725 0.020981
v 50.024578 1.693540 0.019879
v 50.023018 1.683361 0.023057
v 50.024578 1.693540 0.019879
v 50.167015 0.365349 -0.021266
v 50.165436 0.363193 -0.025588
v 50.163940 0.367934 -0.026587
v 50.163940 0.359528 -0.022317
v 50.165436 0.363193 -0.025588
v 50.165436 0.363193 -0.025588
v 50.160866 0.362112 -0.027639
v 50.165436 0.363193 -0.025588
v 50.163940 0.367934 -0.026587
v 50.177593 0.429148 0.032040
v 50.175987 0.426563 0.036022
v 50.178459 0.424521 0.030344
v 50.175987 0.429776 0.027377
v 50.177593 0.429148 0.032040
v 50.173515 0.431818 0.033056
v 50.177593 0.429148 0.032040
v 50.177593 0.429148 0.032040
v 50.175987 0.426563 0.036022
v 49.991268 0.746431 -0.194293
v 49.991375 0.748827 -0.189939
v 49.995979 0.745385 -0.193018
v 49.991375 0.741621 -0.195695
v 49.991268 0.746431 -0.194293
v 49.986771 0.745063 -0.192615
v 49.991268 0.746431 -0.194293
v 49.991375 0.748827 -0.189939
v 49.991268 0.746431 -0.194293
v 49.806526 0.801753 0.019039
v 49.805912 0.802681 0.025464
v 49.804016 0.799182 0.022528
v 49.804016 0.799182 0.022528
v 49.805912 0.795319 0.019910
v 49.804016 0.799182 0.022528
v 49.805298 0.796247 0.026335
v 49.805912 0.802681 0.025464
v 49.804016 0.799182 0.022528
v 49.835022 0.793611 0.044577
v 49.829739 0.793640 0.044098
v 49.830681 0.788844 0.042025
v 49.830681 0.798634 0.042578
v 49.829739 0.793640 0.044098
v 49.826340 0.793868 0.040026
v 49.829739 0.793640 0.044098
v 49.830681 0.788844 0.042025
v 49.829739 0.793640 0.044098
v 50.140652 1.013002 0.172565
v 50.137493 1.013914 0.176537
v 50.136681 1.009031 0.175882
v 50.136681 1.018021 0.173822
v 50.137493 1.013914 0.176537
v 50.132710 1.014050 0.177138
v 50.137493 1.013914 0.176537
v 50.136681 1.009031 0.175882
v 50.137493 1.013914 0.176537
v 50.117645 1.002517 0.163395
v 50.112392 1.002462 0.164148
v 50.112896 0.997720 0.161814
v 50.112896 1.007498 0.162558
v 50.112392 1.002462 0.164148
v 50.108143 1.002701 0.160977
v 50.112392 1.002462 0.164148
v 50.112896 0.997720 0.161814
v 50.112392 1.002462 0.164148
v 50.106880 1.178907 -0.047958
v 50.104767 1.182911 -0.050109
v 50.103493 1.183857 -0.045404
v 50.103493 1.179445 -0.053503
v 50.104767 1.182911 -0.050109
v 50.100101 1.184396 -0.050948
v 50.104767 1.182911 -0.050109
v 50.104767 1.182911 -0.050109
v 50.103493 1.183857 -0.045404
v 49.908642 1.284516 -0.112166
v 49.903976 1.283861 -0.110580
v 49.905254 1.287498 -0.107456
v 49.905254 1.279038 -0.111129
v 49.903976 1.283861 -0.110580
v 49.901871 1.282021 -0.106420
v 49.903976 1.283861 -0.110580
v 49.905254 1.287498 -0.107456
v 49.903976 1.283861 -0.110580
v 49.981892 1.400811 0.047688
v 49.977531 1.397080 0.050789
v 49.976917 1.401077 0.047831
v 49.977531 1.401992 0.042983
v 49.976917 1.401077 0.047831
v 49.973175 1.398261 0.046083
v 49.976917 1.401077 0.047831
v 49.977531 1.397080 0.050789
v 49.976917 1.401077 0.047831
v 50.071503 1.499204 0.037914
v 50.070267 1.495520 0.041071
v 50.073765 1.495410 0.035568
v 50.070267 1.500398 0.033243
v 50.071503 1.499204 0.037914
v 50.066769 1.500508 0.038746
v 50.071503 1.499204 0.037914
v 50.070267 1.495520 0.041071
v 50.071503 1.499204 0.037914
v 50.016354 1.945508 0.003801
v 50.011662 1.947166 0.003616
v 50.011868 1.945950 0.008278
v 50.011868 1.944570 -0.000600
v 50.011662 1.947166 0.003616
v 50.007385 1.945012 0.003878
v 50.011662 1.947166 0.003616
v 50.011868 1.945950 0.008278
v 50.011662 1.947166 0.003616
v 50.038994 1.761989 0.001112
v 50.034397 1.767294 0.006720
v 50.036354 1.768065 0.000188
v 50.034397 1.765352 -0.005837
v 50.036354 1.768065 0.000188
v 50.029800 1.770657 -0.000228
v 50.036354 1.768065 0.000188
v 50.034397 1.767294 0.006720
v 50.036354 1.768065 0.000188
v 50.009258 1.811306 -0.026565
v 50.009335 1.814572 -0.021290
v 50.014889 1.810354 -0.024960
v 50.009335 1.805608 -0.027917
v 50.009258 1.811306 -0.026565
v 50.009258 1.811306 -0.026565
v 50.003777 1.809826 -0.024247
v 50.009258 1.811306 -0.026565
v 50.009335 1.814572 -0.021290
v 49.999462 1.864530 0.008930
v 50.000740 1.860794 0.012431
v 50.004829 1.865775 0.009374
v 50.000740 1.865554 0.003534
v 49.999462 1.864530 0.008930
v 49.996647 1.860573 0.006591
v 49.999462 1.864530 0.008930
v 49.999462 1.864530 0.008930
v 50.000740 1.860794 0.012431
v 50.076454 0.355074 0.011412
v 50.074009 0.351320 0.018640
v 50.079384 0.347216 0.010009
v 50.074009 0.354105 0.003385
v 50.076454 0.355074 0.011412
v 50.068634 0.358210 0.012016
v 50.076454 0.355074 0.011412
v 50.076454 0.355074 0.011412
v 50.074009 0.351320 0.018640
v 49.999355 0.641211 -0.081366
v 49.999477 0.643771 -0.073317
v 50.007225 0.638844 -0.079311
v 49.999477 0.633488 -0.084924
v 49.999355 0.641211 -0.081366
v 49.999355 0.641211 -0.081366
v 49.991730 0.638414 -0.078930
v 49.999477 0.643771 -0.073317
v 49.999355 0.641211 -0.081366
v 49.947102 0.767792 0.007561
v 49.940182 0.763390 0.005520
v 49.943092 0.758740 0.012275
v 49.943092 0.764533 -0.002110
v 49.940182 0.763390 0.005520
v 49.939079 0.755480 0.002603
v 49.940182 0.763390 0.005520
v 49.943092 0.758740 0.012275
v 49.940182 0.763390 0.005520
v 50.050945 0.951405 0.042603
v 50.044140 0.947534 0.050282
v 50.045883 0.955633 0.047752
v 50.044140 0.959816 0.040816
v 50.045883 0.955633 0.047752
v 50.037338 0.955946 0.048495
v 50.045883 0.955633 0.047752
v 50.044140 0.947534 0.050282
v 50.045883 0.955633 0.047752
v 50.046410 1.118937 -0.021436
v 50.044941 1.118834 -0.014834
v 50.050083 1.113485 -0.019512
v 50.044941 1.114669 -0.026519
v 50.046410 1.118937 -0.021436
v 50.039799 1.120018 -0.021841
v 50.046410 1.118937 -0.021436
v 50.044941 1.118834 -0.014834
v 50.046410 1.118937 -0.021436
v 49.973232 1.247610 -0.045495
v 49.966618 1.246823 -0.044350
v 49.968197 1.250128 -0.038768
v 49.968197 1.240515 -0.046609
v 49.966618 1.246823 -0.044350
v 49.963158 1.243033 -0.039883
v 49.966618 1.246823 -0.044350
v 49.968197 1.250128 -0.038768
v 49.966618 1.246823 -0.044350
v 49.992069 1.376290 0.032571
v 49.987347 1.372575 0.036194
v 49.986694 1.376816 0.032805
v 49.987347 1.377342 0.027490
v 49.986694 1.376816 0.032805
v 49.982620 1.373628 0.031113
v 49.986694 1.376816 0.032805
v 49.987347 1.372575 0.036194
v 49.986694 1.376816 0.032805
v 50.050674 1.478438 0.025131
v 50.049343 1.474550 0.028741
v 50.053234 1.474155 0.022913
v 50.049343 1.479204 0.019975
v 50.050674 1.478438 0.025131
v 50.045456 1.479599 0.025802
v 50.050674 1.478438 0.025131
v 50.049343 1.474550 0.028741
v 50.050674 1.478438 0.025131
v 50.030270 1.534301 -0.030353
v 50.024628 1.536919 -0.036128
v 50.023285 1.542780 -0.029762
v 50.023285 1.529009 -0.037005
v 50.024628 1.536919 -0.036128
v 50.016300 1.537489 -0.036414
v 50.024628 1.536919 -0.036128
v 50.023285 1.542780 -0.029762
v 50.024628 1.536919 -0.036128
v 49.980762 1.633291 -0.008205
v 49.983444 1.634074 -0.000535
v 49.988052 1.637451 -0.009578
v 49.983444 1.629414 -0.014926
v 49.980762 1.633291 -0.008205
v 49.978840 1.626037 -0.005883
v 49.980762 1.633291 -0.008205
v 49.983444 1.634074 -0.000535
v 49.980762 1.633291 -0.008205
v 50.022095 1.685272 0.002495
v 50.013290 1.688520 0.002598
v 50.013420 1.684311 0.011146
v 50.013420 1.685224 -0.006208
v 50.013290 1.688520 0.002598
v 50.013290 1.688520 0.002598
v 50.004745 1.684263 0.002442
v 50.013420 1.684311 0.011146
v 50.013290 1.688520 0.002598
v 50.032379 1.694043 0.028633
v 50.030743 1.686879 0.030329
v 50.037018 1.691030 0.023576
v 50.030743 1.698894 0.022578
v 50.032379 1.694043 0.028633
v 50.032379 1.694043 0.028633
v 50.024467 1.694743 0.029331
v 50.030743 1.686879 0.030329
v 50.032379 1.694043 0.028633
v 50.236065 0.328329 -0.075236
v 50.234829 0.326356 -0.077825
v 50.233860 0.329468 -0.079048
v 50.233860 0.324352 -0.075149
v 50.234829 0.326356 -0.077825
v 50.231655 0.325490 -0.078961
v 50.234829 0.326356 -0.077825
v 50.234829 0.326356 -0.077825
v 50.233860 0.329468 -0.079048
v 50.245899 0.464992 0.049414
v 50.244682 0.462842 0.052120
v 50.246353 0.461749 0.047769
v 50.245899 0.464992 0.049414
v 50.244682 0.465906 0.046082
v 50.245899 0.464992 0.049414
v 50.243008 0.466999 0.050433
v 50.244682 0.462842 0.052120
v 50.245899 0.464992 0.049414
v 49.986073 0.801500 -0.270371
v 49.986153 0.803467 -0.267280
v 49.989532 0.800803 -0.269378
v 49.986153 0.797924 -0.271169
v 49.986073 0.801500 -0.270371
v 49.986073 0.801500 -0.270371
v 49.982773 0.800588 -0.269071
v 49.986153 0.803467 -0.267280
v 49.986073 0.801500 -0.270371
v 49.810162 0.765848 0.195972
v 49.807610 0.765579 0.197053
v 49.807590 0.763339 0.195399
v 49.807590 0.768333 0.196639
v 49.807610 0.765579 0.197053
v 49.805016 0.765824 0.196066
v 49.807610 0.765579 0.197053
v 49.807590 0.763339 0.195399
v 49.807610 0.765579 0.197053
v 49.663967 0.786634 -0.001599
v 49.665066 0.788083 -0.003899
v 49.665619 0.784482 -0.002713
v 49.665066 0.785591 0.000911
v 49.663967 0.786634 -0.001599
v 49.664513 0.789191 -0.000274
v 49.663967 0.786634 -0.001599
v 49.665066 0.788083 -0.003899
v 49.663967 0.786634 -0.001599
v 50.086803 0.946906 0.334066
v 50.084068 0.946694 0.334536
v 50.084286 0.944778 0.332528
v 50.084286 0.949468 0.334643
v 50.084068 0.946694 0.334536
v 50.084068 0.946694 0.334536
v 50.081768 0.947340 0.333105
v 50.084286 0.944778 0.332528
v 50.084068 0.946694 0.334536
v 50.248669 1.019382 0.320887
v 50.248230 1.017226 0.319689
v 50.250305 1.019644 0.319094
v 50.248230 1.021754 0.320416
v 50.248669 1.019382 0.320887
v 50.248669 1.019382 0.320887
v 50.246155 1.019336 0.321012
v 50.248230 1.017226 0.319689
v 50.248669 1.019382 0.320887
v 50.271095 1.032737 0.196879
v 50.270435 1.034935 0.197778
v 50.272160 1.032508 0.199063
v 50.270435 1.030370 0.197339
v 50.271095 1.032737 0.196879
v 50.271095 1.032737 0.196879
v 50.268715 1.032797 0.196054
v 50.270435 1.034935 0.197778
v 50.271095 1.032737 0.196879
v 50.106678 1.182663 -0.193669
v 50.104141 1.182499 -0.194278
v 50.104290 1.185070 -0.194073
v 50.104290 1.180478 -0.192584
v 50.104141 1.182499 -0.194278
v 50.101906 1.182885 -0.192987
v 50.104141 1.182499 -0.194278
v 50.104290 1.185070 -0.194073
v 50.104141 1.182499 -0.194278
v 50.224396 1.263130 -0.115165
v 50.223694 1.264732 -0.117217
v 50.222885 1.266299 -0.115223
v 50.222885 1.262353 -0.118238
v 50.223694 1.264732 -0.117217
v 50.221375 1.265522 -0.118296
v 50.223694 1.264732 -0.117217
v 50.223694 1.264732 -0.117217
v 50.222885 1.266299 -0.115223
v 50.225700 1.260104 -0.102630
v 50.224953 1.260678 -0.100336
v 50.224056 1.258071 -0.100284
v 50.224056 1.262924 -0.101333
v 50.224953 1.260678 -0.100336
v 50.222416 1.260891 -0.098987
v 50.224953 1.260678 -0.100336
v 50.224056 1.258071 -0.100284
v 50.224953 1.260678 -0.100336
v 49.899509 1.285615 -0.272896
v 49.899361 1.288163 -0.272484
v 49.901741 1.285906 -0.271538
v 49.899361 1.283466 -0.271372
v 49.899509 1.285615 -0.272896
v 49.896980 1.285722 -0.272318
v 49.899509 1.285615 -0.272896
v 49.899361 1.288163 -0.272484
v 49.899509 1.285615 -0.272896
v 49.766598 1.299350 -0.235379
v 49.764297 1.299548 -0.234298
v 49.765022 1.302014 -0.234126
v 49.765022 1.297386 -0.233187
v 49.764297 1.299548 -0.234298
v 49.764297 1.299548 -0.234298
v 49.763447 1.300049 -0.231934
v 49.765022 1.302014 -0.234126
v 49.764297 1.299548 -0.234298
v 50.003059 1.503431 0.125621
v 50.002312 1.501371 0.127041
v 50.003876 1.501516 0.124011
v 50.002312 1.504476 0.123346
v 50.003059 1.503431 0.125621
v 50.003059 1.503431 0.125621
v 50.000748 1.504330 0.126376
v 50.002312 1.501371 0.127041
v 50.003059 1.503431 0.125621
v 49.917942 1.525317 0.147233
v 49.915390 1.525311 0.147211
v 49.915768 1.522983 0.148221
v 49.915768 1.526365 0.144925
v 49.915390 1.525311 0.147211
v 49.913593 1.524031 0.145913
v 49.915390 1.525311 0.147211
v 49.915390 1.525311 0.147211
v 49.915768 1.522983 0.148221
v 50.157051 1.565233 0.148180
v 50.156700 1.562708 0.147530
v 50.158962 1.565007 0.146409
v 50.157051 1.565233 0.148180
v 50.156700 1.567503 0.146974
v 50.157051 1.565233 0.148180
v 50.154442 1.565203 0.148095
v 50.156700 1.562708 0.147530
v 50.157051 1.565233 0.148180
v 50.196899 1.601877 0.121305
v 50.196205 1.599666 0.122401
v 50.197857 1.600266 0.119563
v 50.196205 1.603145 0.119209
v 50.196899 1.601877 0.121305
v 50.196899 1.601877 0.121305
v 50.194550 1.602545 0.122047
v 50.196205 1.599666 0.122401
v 50.196899 1.601877 0.121305
v 50.105419 1.591476 -0.159467
v 50.103542 1.591767 -0.161155
v 50.103199 1.593935 -0.159869
v 50.103199 1.589276 -0.160637
v 50.103542 1.591767 -0.161155
v 50.100975 1.591735 -0.161040
v 50.103542 1.591767 -0.161155
v 50.103199 1.593935 -0.159869
v 50.103542 1.591767 -0.161155
v 50.080544 1.584350 -0.160777
v 50.078472 1.586745 -0.160069
v 50.078030 1.584413 -0.160642
v 50.078472 1.582186 -0.159532
v 50.078030 1.584413 -0.160642
v 50.076397 1.584580 -0.158824
v 50.078030 1.584413 -0.160642
v 50.078472 1.586745 -0.160069
v 50.078030 1.584413 -0.160642
v 49.845852 1.726066 -0.059556
v 49.846653 1.727374 -0.057533
v 49.848019 1.727000 -0.060557
v 49.846653 1.723963 -0.060798
v 49.845852 1.726066 -0.059556
v 49.845852 1.726066 -0.059556
v 49.845287 1.724337 -0.057774
v 49.846653 1.727374 -0.057533
v 49.845852 1.726066 -0.059556
v 49.871586 1.731428 -0.073262
v 49.871616 1.732768 -0.071222
v 49.873905 1.730957 -0.072643
v 49.871616 1.728954 -0.073777
v 49.871586 1.731428 -0.073262
v 49.871586 1.731428 -0.073262
v 49.869328 1.730765 -0.072356
v 49.871586 1.731428 -0.073262
v 49.871616 1.732768 -0.071222
v 50.067833 1.738400 0.108857
v 50.067524 1.735852 0.108774
v 50.069767 1.737833 0.107295
v 50.067524 1.740304 0.107199
v 50.067833 1.738400 0.108857
v 50.065281 1.738323 0.108678
v 50.067833 1.738400 0.108857
v 50.067833 1.738400 0.108857
v 50.067524 1.735852 0.108774
v 50.106106 1.842924 -0.018498
v 50.105415 1.843087 -0.016054
v 50.107082 1.840702 -0.017691
v 50.105415 1.841453 -0.020484
v 50.106106 1.842924 -0.018498
v 50.103748 1.843838 -0.018847
v 50.106106 1.842924 -0.018498
v 50.105415 1.843087 -0.016054
v 50.106106 1.842924 -0.018498
v 50.000854 1.838023 -0.058400
v 50.001102 1.839394 -0.056261
v 50.003368 1.837849 -0.058161
v 50.001102 1.835548 -0.059001
v 50.000854 1.838023 -0.058400
v 49.998833 1.837093 -0.057101
v 50.000854 1.838023 -0.058400
v 50.001102 1.839394 -0.056261
v 50.000854 1.838023 -0.058400
v 49.974651 1.899365 0.019040
v 49.972237 1.898565 0.018685
v 49.972904 1.897078 0.020732
v 49.972904 1.898662 0.016284
v 49.972237 1.898565 0.018685
v 49.971153 1.896375 0.017976
v 49.972237 1.898565 0.018685
v 49.972237 1.898565 0.018685
v 49.972904 1.897078 0.020732
v 50.017536 1.969509 -0.001053
v 50.013447 1.971304 -0.001327
v 50.013405 1.970234 0.003019
v 50.013405 1.968988 -0.005157
v 50.013447 1.971304 -0.001327
v 50.009270 1.969713 -0.001084
v 50.013447 1.971304 -0.001327
v 50.013405 1.970234 0.003019
v 50.013447 1.971304 -0.001327
v 50.196594 0.351551 -0.045033
v 50.195316 0.349432 -0.048308
v 50.194069 0.353146 -0.049451
v 50.194069 0.346861 -0.045281
v 50.195316 0.349432 -0.048308
v 50.191544 0.348456 -0.049699
v 50.195316 0.349432 -0.048308
v 50.195316 0.349432 -0.048308
v 50.194069 0.353146 -0.049451
v 50.199497 0.441731 0.037197
v 50.198013 0.439278 0.040492
v 50.200069 0.437757 0.035495
v 50.199497 0.441731 0.037197
v 50.198013 0.442457 0.033217
v 50.199497 0.441731 0.037197
v 50.195953 0.443978 0.038213
v 50.198013 0.439278 0.040492
v 50.199497 0.441731 0.037197
v 49.993614 0.764311 -0.217431
v 49.989552 0.765255 -0.218635
v 49.989651 0.767345 -0.214862
v 49.989651 0.761011 -0.219649
v 49.989552 0.765255 -0.218635
v 49.985687 0.764046 -0.217080
v 49.989552 0.765255 -0.218635
v 49.989651 0.767345 -0.214862
v 49.989552 0.765255 -0.218635
v 49.818298 0.789639 0.083768
v 49.814709 0.786030 0.082180
v 49.814152 0.789604 0.084182
v 49.814152 0.789604 0.084182
v 49.814709 0.793520 0.083066
v 49.814152 0.789604 0.084182
v 49.811119 0.789910 0.081477
v 49.814709 0.786030 0.082180
v 49.814152 0.789604 0.084182
v 49.778049 0.801565 0.014917
v 49.775448 0.800874 0.018478
v 49.777180 0.804643 0.019531
v 49.777180 0.796877 0.017880
v 49.775448 0.800874 0.018478
v 49.776310 0.799954 0.022494
v 49.775448 0.800874 0.018478
v 49.777180 0.804643 0.019531
v 49.775448 0.800874 0.018478
v 50.107239 0.994778 0.211320
v 50.103210 0.994564 0.212538
v 50.103489 0.991179 0.210122
v 50.103489 0.998549 0.211726
v 50.103210 0.994564 0.212538
v 50.099739 0.994950 0.210528
v 50.103210 0.994564 0.212538
v 50.103489 0.991179 0.210122
v 50.103210 0.994564 0.212538
v 50.158039 1.019718 0.202084
v 50.157009 1.015463 0.201186
v 50.160435 1.019158 0.198710
v 50.157009 1.023343 0.200216
v 50.158039 1.019718 0.202084
v 50.153584 1.019648 0.202692
v 50.158039 1.019718 0.202084
v 50.157009 1.015463 0.201186
v 50.158039 1.019718 0.202084
v 50.127441 1.199253 -0.058597
v 50.125088 1.201313 -0.060802
v 50.123886 1.203629 -0.058099
v 50.123886 1.196782 -0.062243
v 50.125088 1.201313 -0.060802
v 50.120331 1.201158 -0.061745
v 50.125088 1.201313 -0.060802
v 50.125088 1.201313 -0.060802
v 50.123886 1.203629 -0.058099
v 49.886086 1.292817 -0.133296
v 49.882030 1.292318 -0.131887
v 49.883236 1.295550 -0.129303
v 49.883236 1.288125 -0.132115
v 49.882030 1.292318 -0.131887
v 49.880390 1.290858 -0.128123
v 49.882030 1.292318 -0.131887
v 49.882030 1.292318 -0.131887
v 49.883236 1.295550 -0.129303
v 49.967361 1.423761 0.062637
v 49.967941 1.420182 0.065052
v 49.971684 1.423478 0.062472
v 49.967361 1.423761 0.062637
v 49.967941 1.424560 0.058428
v 49.967361 1.423761 0.062637
v 49.964203 1.421264 0.061009
v 49.967941 1.420182 0.065052
v 49.967361 1.423761 0.062637
v 50.093391 1.515179 0.048224
v 50.091560 1.518483 0.050376
v 50.090408 1.515187 0.052981
v 50.090408 1.519549 0.046346
v 50.091560 1.518483 0.050376
v 50.087425 1.519557 0.051102
v 50.091560 1.518483 0.050376
v 50.091560 1.518483 0.050376
v 50.090408 1.515187 0.052981
v 50.036194 1.551487 -0.052369
v 50.035389 1.553880 -0.048876
v 50.038788 1.549440 -0.049393
v 50.036194 1.551487 -0.052369
v 50.035389 1.547298 -0.053316
v 50.036194 1.551487 -0.052369
v 50.031994 1.551737 -0.052798
v 50.035389 1.553880 -0.048876
v 50.036194 1.551487 -0.052369
v 49.967129 1.653955 -0.015603
v 49.963108 1.652500 -0.014829
v 49.964371 1.652963 -0.010815
v 49.964371 1.649732 -0.018068
v 49.963108 1.652500 -0.014829
v 49.961613 1.648740 -0.013280
v 49.963108 1.652500 -0.014829
v 49.964371 1.652963 -0.010815
v 49.963108 1.652500 -0.014829
v 50.041847 1.706282 0.042401
v 50.039513 1.707803 0.044493
v 50.038952 1.704417 0.045282
v 50.038952 1.709632 0.041656
v 50.039513 1.707803 0.044493
v 50.036053 1.707767 0.044537
v 50.039513 1.707803 0.044493
v 50.039513 1.707803 0.044493
v 50.038952 1.704417 0.045282
v 50.051868 1.783955 -0.002452
v 50.050346 1.787065 -0.002989
v 50.049458 1.786551 0.000311
v 50.049458 1.785436 -0.005942
v 50.050346 1.787065 -0.002989
v 50.047050 1.788032 -0.003179
v 50.050346 1.787065 -0.002989
v 50.049458 1.786551 0.000311
v 50.050346 1.787065 -0.002989
v 50.006077 1.825065 -0.040339
v 50.006218 1.826297 -0.037891
v 50.008732 1.824569 -0.039791
v 50.006218 1.822366 -0.041111
v 50.006077 1.825065 -0.040339
v 50.003704 1.824094 -0.039211
v 50.006077 1.825065 -0.040339
v 50.006218 1.826297 -0.037891
v 50.006077 1.825065 -0.040339
v 49.991013 1.882146 0.014474
v 49.988346 1.881590 0.014316
v 49.988968 1.879874 0.016366
v 49.988968 1.881568 0.011575
v 49.988346 1.881590 0.014316
v 49.988346 1.881590 0.014316
v 49.986927 1.879296 0.013467
v 49.988968 1.879874 0.016366
v 49.988346 1.881590 0.014316
v 50.355232 1.021238 0.128563
v 50.354778 1.020804 0.126991
v 50.354267 1.022419 0.126961
v 50.354267 1.019403 0.127793
v 50.354778 1.020804 0.126991
v 50.353302 1.020583 0.126190
v 50.354778 1.020804 0.126991
v 50.354267 1.022419 0.126961
v 50.354778 1.020804 0.126991
v 50.276260 0.991444 0.425567
v 50.274834 0.991181 0.426444
v 50.274719 0.989866 0.425384
v 50.274719 0.992862 0.426283
v 50.274834 0.991181 0.426444
v 50.273182 0.991284 0.426099
v 50.274834 0.991181 0.426444
v 50.274834 0.991181 0.426444
v 50.274719 0.989866 0.425384
v 50.332539 1.259230 0.004360
v 50.332176 1.258050 0.003801
v 50.333073 1.259421 0.003129
v 50.332176 1.260524 0.004185
v 50.332539 1.259230 0.004360
v 50.332539 1.259230 0.004360
v 50.331284 1.259153 0.004857
v 50.332176 1.258050 0.003801
v 50.332539 1.259230 0.004360
v 50.347664 1.292567 -0.195396
v 50.347431 1.292768 -0.196714
v 50.346992 1.293963 -0.196251
v 50.346992 1.291489 -0.196628
v 50.347431 1.292768 -0.196714
v 50.346321 1.292885 -0.197483
v 50.347431 1.292768 -0.196714
v 50.346992 1.293963 -0.196251
v 50.347431 1.292768 -0.196714
v 50.080120 1.543763 0.159588
v 50.079769 1.545094 0.160721
v 50.079205 1.543737 0.161728
v 50.079205 1.545872 0.159221
v 50.079769 1.545094 0.160721
v 50.078285 1.545845 0.161361
v 50.079769 1.545094 0.160721
v 50.079769 1.545094 0.160721
v 50.079205 1.543737 0.161728
v 49.885250 1.573376 0.202661
v 49.883373 1.573349 0.202628
v 49.883663 1.571599 0.203238
v 49.883663 1.574256 0.201011
v 49.883373 1.573349 0.202628
v 49.882076 1.572478 0.201589
v 49.883373 1.573349 0.202628
v 49.883663 1.571599 0.203238
v 49.883373 1.573349 0.202628
v 50.193886 1.567515 0.239667
v 50.192596 1.567511 0.240895
v 50.192348 1.565866 0.240252
v 50.192348 1.569160 0.240264
v 50.192596 1.567511 0.240895
v 50.190811 1.567511 0.240850
v 50.192596 1.567511 0.240895
v 50.192348 1.565866 0.240252
v 50.192596 1.567511 0.240895
v 50.258926 1.638846 0.167853
v 50.258408 1.637167 0.168510
v 50.259602 1.637785 0.166461
v 50.258408 1.639925 0.166409
v 50.258926 1.638846 0.167853
v 50.257210 1.639307 0.168458
v 50.258926 1.638846 0.167853
v 50.258408 1.637167 0.168510
v 50.258926 1.638846 0.167853
v 50.046993 1.545676 -0.272675
v 50.045605 1.545547 -0.272955
v 50.045696 1.546968 -0.273019
v 50.045696 1.544577 -0.271914
v 50.045605 1.545547 -0.272955
v 50.045605 1.545547 -0.272955
v 50.044399 1.545869 -0.272259
v 50.045696 1.546968 -0.273019
v 50.045605 1.545547 -0.272955
v 50.179878 1.572982 -0.240273
v 50.179455 1.573663 -0.241259
v 50.180077 1.574124 -0.239790
v 50.179455 1.572748 -0.239097
v 50.179878 1.572982 -0.240273
v 50.179878 1.572982 -0.240273
v 50.178837 1.572287 -0.240567
v 50.179455 1.573663 -0.241259
v 50.179878 1.572982 -0.240273
v 50.141991 1.591137 -0.293590
v 50.141911 1.592363 -0.293303
v 50.143074 1.591229 -0.292966
v 50.141911 1.590045 -0.292928
v 50.141991 1.591137 -0.293590
v 50.141991 1.591137 -0.293590
v 50.140747 1.591180 -0.293265
v 50.141911 1.592363 -0.293303
v 50.141991 1.591137 -0.293590
v 49.840046 1.778094 -0.189831
v 49.838623 1.778112 -0.189893
v 49.838806 1.779241 -0.189043
v 49.838806 1.776704 -0.189756
v 49.838623 1.778112 -0.189893
v 49.837570 1.777851 -0.188968
v 49.838623 1.778112 -0.189893
v 49.838806 1.779241 -0.189043
v 49.838623 1.778112 -0.189893
v 49.741596 1.770924 -0.149817
v 49.740322 1.770886 -0.149642
v 49.740582 1.771902 -0.148940
v 49.740582 1.769636 -0.149555
v 49.740322 1.770886 -0.149642
v 49.739567 1.770615 -0.148678
v 49.740322 1.770886 -0.149642
v 49.740322 1.770886 -0.149642
v 49.740582 1.771902 -0.148940
v 49.754951 1.704503 -0.132477
v 49.753666 1.704446 -0.132515
v 49.753845 1.705325 -0.133399
v 49.753845 1.704387 -0.131246
v 49.753666 1.704446 -0.132515
v 49.752735 1.705209 -0.132168
v 49.753666 1.704446 -0.132515
v 49.753666 1.704446 -0.132515
v 49.753845 1.705325 -0.133399
v 50.100681 1.761775 0.243605
v 50.100536 1.760558 0.243162
v 50.101700 1.761756 0.242795
v 50.100681 1.761775 0.243605
v 50.100536 1.762974 0.243089
v 50.100681 1.761775 0.243605
v 50.099373 1.761776 0.243456
v 50.100536 1.760558 0.243162
v 50.100681 1.761775 0.243605
v 50.214458 1.929319 -0.066583
v 50.214119 1.930363 -0.067282
v 50.213718 1.930786 -0.066111
v 50.213718 1.929441 -0.068120
v 50.214119 1.930363 -0.067282
v 50.212978 1.930908 -0.067648
v 50.214119 1.930363 -0.067282
v 50.214119 1.930363 -0.067282
v 50.213718 1.930786 -0.066111
v 49.942768 1.891212 -0.157126
v 49.941376 1.891198 -0.156643
v 49.941799 1.892219 -0.156142
v 49.941799 1.889868 -0.156709
v 49.941376 1.891198 -0.156643
v 49.940830 1.890875 -0.155725
v 49.941376 1.891198 -0.156643
v 49.941799 1.892219 -0.156142
v 49.941376 1.891198 -0.156643
v 49.918716 1.897165 -0.098470
v 49.919174 1.896816 -0.097328
v 49.919498 1.898120 -0.098241
v 49.919174 1.897260 -0.099582
v 49.918716 1.897165 -0.098470
v 49.918858 1.895956 -0.098668
v 49.918716 1.897165 -0.098470
v 49.918716 1.897165 -0.098470
v 49.919174 1.896816 -0.097328
v 49.881313 1.966483 0.082194
v 49.881737 1.965318 0.082429
v 49.882744 1.966693 0.082540
v 49.881737 1.967523 0.081439
v 49.881313 1.966483 0.082194
v 49.880726 1.966148 0.081328
v 49.881313 1.966483 0.082194
v 49.881737 1.965318 0.082429
v 49.881313 1.966483 0.082194
v 49.875965 1.950766 0.006995
v 49.875141 1.951793 0.007946
v 49.874802 1.950707 0.007458
v 49.874802 1.950707 0.007458
v 49.875141 1.949518 0.007630
v 49.874802 1.950707 0.007458
v 49.874317 1.950546 0.008581
v 49.875141 1.951793 0.007946
v 49.874802 1.950707 0.007458
v 50.305485 1.032373 0.165431
v 50.304913 1.032147 0.163501
v 50.304310 1.033992 0.163780
v 50.304310 1.030359 0.164294
v 50.304913 1.032147 0.163501
v 50.303131 1.031978 0.162643
v 50.304913 1.032147 0.163501
v 50.304310 1.033992 0.163780
v 50.304913 1.032147 0.163501
v 50.266441 1.010117 0.364514
v 50.264931 1.009840 0.365724
v 50.264671 1.008222 0.364530
v 50.264671 1.011782 0.365420
v 50.264931 1.009840 0.365724
v 50.262897 1.009887 0.365436
v 50.264931 1.009840 0.365724
v 50.264671 1.008222 0.364530
v 50.264931 1.009840 0.365724
v 50.097843 1.169382 -0.234222
v 50.097969 1.171597 -0.234024
v 50.100002 1.169541 -0.233707
v 50.097969 1.167665 -0.232808
v 50.097843 1.169382 -0.234222
v 50.095932 1.169721 -0.233125
v 50.097843 1.169382 -0.234222
v 50.097969 1.171597 -0.234024
v 50.097843 1.169382 -0.234222
v 50.256466 1.264481 -0.073823
v 50.255947 1.264768 -0.071951
v 50.255295 1.262869 -0.072163
v 50.255295 1.266499 -0.072689
v 50.255947 1.264768 -0.071951
v 50.254124 1.264886 -0.071028
v 50.255947 1.264768 -0.071951
v 50.255947 1.264768 -0.071951
v 50.255295 1.262869 -0.072163
v 50.257587 1.276850 -0.136603
v 50.257141 1.277809 -0.138302
v 50.256489 1.279166 -0.137005
v 50.256489 1.275952 -0.138775
v 50.257141 1.277809 -0.138302
v 50.255390 1.278268 -0.139178
v 50.257141 1.277809 -0.138302
v 50.257141 1.277809 -0.138302
v 50.256489 1.279166 -0.137005
v 49.906918 1.275245 -0.316106
v 49.906788 1.277437 -0.315733
v 49.908821 1.275498 -0.314974
v 49.906918 1.275245 -0.316106
v 49.906788 1.273419 -0.314835
v 49.906918 1.275245 -0.316106
v 49.904755 1.275359 -0.315594
v 49.906788 1.277437 -0.315733
v 49.906918 1.275245 -0.316106
v 49.744194 1.296284 -0.254629
v 49.742085 1.296455 -0.253614
v 49.742760 1.298690 -0.253387
v 49.742760 1.294417 -0.252669
v 49.742085 1.296455 -0.253614
v 49.741325 1.296822 -0.251427
v 49.742085 1.296455 -0.253614
v 49.742760 1.298690 -0.253387
v 49.742085 1.296455 -0.253614
v 50.035202 1.522648 0.141798
v 50.034527 1.521006 0.142939
v 50.035667 1.521054 0.140458
v 50.034527 1.523490 0.139982
v 50.035202 1.522648 0.141798
v 50.033386 1.523442 0.142463
v 50.035202 1.522648 0.141798
v 50.034527 1.521006 0.142939
v 50.035202 1.522648 0.141798
v 49.907120 1.542138 0.165049
v 49.904903 1.542166 0.165051
v 49.905254 1.540091 0.165817
v 49.905254 1.543103 0.163087
v 49.904903 1.542166 0.165051
v 49.904903 1.542166 0.165051
v 49.903389 1.541057 0.163856
v 49.905254 1.540091 0.165817
v 49.904903 1.542166 0.165051
v 50.172344 1.568142 0.188360
v 50.172043 1.566158 0.187640
v 50.173843 1.568061 0.186876
v 50.172043 1.570017 0.187490
v 50.172344 1.568142 0.188360
v 50.172344 1.568142 0.188360
v 50.170238 1.568114 0.188254
v 50.172043 1.566158 0.187640
v 50.172344 1.568142 0.188360
v 50.218220 1.613764 0.134684
v 50.217453 1.615120 0.136272
v 50.216808 1.613146 0.137110
v 50.216808 1.616261 0.134499
v 50.217453 1.615120 0.136272
v 50.215397 1.615642 0.136924
v 50.217453 1.615120 0.136272
v 50.217453 1.615120 0.136272
v 50.216808 1.613146 0.137110
v 50.068329 1.580153 -0.183615
v 50.068665 1.582182 -0.183209
v 50.070454 1.580147 -0.183561
v 50.068329 1.580153 -0.183615
v 50.068665 1.578390 -0.182477
v 50.068329 1.580153 -0.183615
v 50.066879 1.580425 -0.182125
v 50.068665 1.582182 -0.183209
v 50.068329 1.580153 -0.183615
v 50.111744 1.595300 -0.185137
v 50.111454 1.597184 -0.183999
v 50.113461 1.595128 -0.183991
v 50.111454 1.593163 -0.184595
v 50.111744 1.595300 -0.185137
v 50.111744 1.595300 -0.185137
v 50.109444 1.595219 -0.184604
v 50.111454 1.597184 -0.183999
v 50.111744 1.595300 -0.185137
v 49.868214 1.744798 -0.096144
v 49.868313 1.746039 -0.094461
v 49.870228 1.744486 -0.095636
v 49.868313 1.742685 -0.096376
v 49.868214 1.744798 -0.096144
v 49.866402 1.744237 -0.095200
v 49.868214 1.744798 -0.096144
v 49.868214 1.744798 -0.096144
v 49.868313 1.746039 -0.094461
v 49.823589 1.736859 -0.071712
v 49.824318 1.737935 -0.069876
v 49.825699 1.737566 -0.072370
v 49.824318 1.735076 -0.072765
v 49.823589 1.736859 -0.071712
v 49.823589 1.736859 -0.071712
v 49.822937 1.735446 -0.070272
v 49.823589 1.736859 -0.071712
v 49.824318 1.737935 -0.069876
v 50.075176 1.745740 0.130811
v 50.074905 1.743527 0.130612
v 50.076847 1.745287 0.129431
v 50.074905 1.747405 0.129391
v 50.075176 1.745740 0.130811
v 50.072964 1.745645 0.130571
v 50.075176 1.745740 0.130811
v 50.074905 1.743527 0.130612
v 50.075176 1.745740 0.130811
v 50.124813 1.857538 -0.024220
v 50.124023 1.859466 -0.024998
v 50.123386 1.859649 -0.022890
v 50.123386 1.858103 -0.026650
v 50.124023 1.859466 -0.024998
v 50.124023 1.859466 -0.024998
v 50.121960 1.860214 -0.025320
v 50.124023 1.859466 -0.024998
v 50.123386 1.859649 -0.022890
v 49.994015 1.850176 -0.075608
v 49.994286 1.851322 -0.073709
v 49.996178 1.850125 -0.075515
v 49.994286 1.848041 -0.076109
v 49.994015 1.850176 -0.075608
v 49.992397 1.849238 -0.074304
v 49.994015 1.850176 -0.075608
v 49.994015 1.850176 -0.075608
v 49.994286 1.851322 -0.073709
v 49.957500 1.913749 0.026197
v 49.958096 1.912244 0.027740
v 49.959602 1.914364 0.026514
v 49.958096 1.914031 0.024089
v 49.957500 1.913749 0.026197
v 49.956589 1.911911 0.025314
v 49.957500 1.913749 0.026197
v 49.958096 1.912244 0.027740
v 49.957500 1.913749 0.026197
v 50.246769 1.529716 -0.246102
v 50.246311 1.529102 -0.246937
v 50.246586 1.528870 -0.246148
v 50.246586 1.528870 -0.246148
v 50.246311 1.529016 -0.245338
v 50.246586 1.528870 -0.246148
v 50.245853 1.528402 -0.246173
v 50.246311 1.529102 -0.246937
v 50.246586 1.528870 -0.246148
v 50.164268 1.568743 -0.369301
v 50.163605 1.568561 -0.369830
v 50.163506 1.569421 -0.369792
v 50.163506 1.567906 -0.369270
v 50.163605 1.568561 -0.369830
v 50.162743 1.568584 -0.369761
v 50.163605 1.568561 -0.369830
v 50.163506 1.569421 -0.369792
v 50.163605 1.568561 -0.369830
v 49.730022 1.636796 -0.175748
v 49.729160 1.636719 -0.175803
v 49.729256 1.637441 -0.176273
v 49.729256 1.636516 -0.174965
v 49.729160 1.636719 -0.175803
v 49.728485 1.637161 -0.175490
v 49.729160 1.636719 -0.175803
v 49.729160 1.636719 -0.175803
v 49.729256 1.637441 -0.176273
v 49.686501 1.778715 -0.216185
v 49.686722 1.779499 -0.215888
v 49.687321 1.778732 -0.216466
v 49.686722 1.777900 -0.215985
v 49.686501 1.778715 -0.216185
v 49.686501 1.778715 -0.216185
v 49.686119 1.778667 -0.215407
v 49.686722 1.779499 -0.215888
v 49.686501 1.778715 -0.216185
v 49.864773 1.909823 -0.084504
v 49.864174 1.909409 -0.085055
v 49.864506 1.908669 -0.084637
v 49.864506 1.910017 -0.085649
v 49.864174 1.909409 -0.085055
v 49.864239 1.908863 -0.085783
v 49.864174 1.909409 -0.085055
v 49.864506 1.908669 -0.084637
v 49.864174 1.909409 -0.085055
v 49.982052 1.846113 -0.269617
v 49.981636 1.845905 -0.269926
v 49.981564 1.846447 -0.270047
v 49.981564 1.845590 -0.269470
v 49.981636 1.845905 -0.269926
v 49.981075 1.845923 -0.269900
v 49.981636 1.845905 -0.269926
v 49.981636 1.845905 -0.269926
v 49.981564 1.846447 -0.270047
v 49.888245 1.874764 -0.274108
v 49.887691 1.874788 -0.274040
v 49.887798 1.875336 -0.274031
v 49.887798 1.874359 -0.273697
v 49.887691 1.874788 -0.274040
v 49.887348 1.874931 -0.273620
v 49.887691 1.874788 -0.274040
v 49.887798 1.875336 -0.274031
v 49.887691 1.874788 -0.274040
v 49.839951 1.953193 -0.041210
v 49.839058 1.953187 -0.041023
v 49.839256 1.954021 -0.040709
v 49.839256 1.952336 -0.040760
v 49.839058 1.953187 -0.041023
v 49.838558 1.953164 -0.040259
v 49.839058 1.953187 -0.041023
v 49.839256 1.954021 -0.040709
v 49.839058 1.953187 -0.041023
v 49.947968 2.058137 0.147583
v 49.947826 2.057792 0.147999
v 49.948212 2.057672 0.147390
v 49.947826 2.058187 0.147044
v 49.947968 2.058137 0.147583
v 49.947441 2.058308 0.147653
v 49.947968 2.058137 0.147583
v 49.947826 2.057792 0.147999
v 49.947968 2.058137 0.147583
v 49.789955 1.993084 0.168079
v 49.789459 1.993084 0.167819
v 49.789623 1.992567 0.167683
v 49.789623 1.993600 0.167681
v 49.789459 1.993084 0.167819
v 49.789459 1.993084 0.167819
v 49.789291 1.993083 0.167285
v 49.789623 1.992567 0.167683
v 49.789459 1.993084 0.167819
v 50.209351 1.554904 -0.245370
v 50.209000 1.555250 -0.246252
v 50.209507 1.555898 -0.245211
v 50.209000 1.554984 -0.244393
v 50.209351 1.554904 -0.245370
v 50.209351 1.554904 -0.245370
v 50.208488 1.554336 -0.245434
v 50.209000 1.555250 -0.246252
v 50.209351 1.554904 -0.245370
v 50.148819 1.583503 -0.328054
v 50.148720 1.584499 -0.327916
v 50.149628 1.583663 -0.327420
v 50.148720 1.582691 -0.327408
v 50.148819 1.583503 -0.328054
v 50.148819 1.583503 -0.328054
v 50.147816 1.583527 -0.327903
v 50.148720 1.584499 -0.327916
v 50.148819 1.583503 -0.328054
v 49.743252 1.673701 -0.148633
v 49.742226 1.673603 -0.148676
v 49.742359 1.674449 -0.149268
v 49.742359 1.673434 -0.147688
v 49.742226 1.673603 -0.148676
v 49.741463 1.674183 -0.148323
v 49.742226 1.673603 -0.148676
v 49.742359 1.674449 -0.149268
v 49.742226 1.673603 -0.148676
v 49.720261 1.777102 -0.180344
v 49.719280 1.777084 -0.180084
v 49.719532 1.777954 -0.179634
v 49.719532 1.776093 -0.179883
v 49.719280 1.777084 -0.180084
v 49.718800 1.776945 -0.179173
v 49.719280 1.777084 -0.180084
v 49.719280 1.777084 -0.180084
v 49.719532 1.777954 -0.179634
v 50.107086 1.762672 0.263713
v 50.106133 1.762703 0.264440
v 50.106014 1.761576 0.264043
v 50.106014 1.763792 0.263949
v 50.106133 1.762703 0.264440
v 50.104942 1.762696 0.264279
v 50.106133 1.762703 0.264440
v 50.106133 1.762703 0.264440
v 50.106014 1.761576 0.264043
v 50.231693 1.941998 -0.075124
v 50.231335 1.942381 -0.074044
v 50.232021 1.941041 -0.074479
v 50.231693 1.941998 -0.075124
v 50.231335 1.941142 -0.075884
v 50.231693 1.941998 -0.075124
v 50.230644 1.942482 -0.075449
v 50.231335 1.942381 -0.074044
v 50.231693 1.941998 -0.075124
v 49.901009 1.903188 -0.094936
v 49.900291 1.902573 -0.095460
v 49.900707 1.901837 -0.094747
v 49.900707 1.903066 -0.096296
v 49.900291 1.902573 -0.095460
v 49.900406 1.901714 -0.096107
v 49.900291 1.902573 -0.095460
v 49.900707 1.901837 -0.094747
v 49.900291 1.902573 -0.095460
v 49.938717 1.891377 -0.177781
v 49.937672 1.891366 -0.177848
v 49.937775 1.892367 -0.177334
v 49.937775 1.890337 -0.177467
v 49.937672 1.891366 -0.177848
v 49.936832 1.891327 -0.177021
v 49.937672 1.891366 -0.177848
v 49.937672 1.891366 -0.177848
v 49.937775 1.892367 -0.177334
v 49.861877 1.952499 -0.007876
v 49.860813 1.952488 -0.007572
v 49.861111 1.953435 -0.007177
v 49.861111 1.951464 -0.007333
v 49.860813 1.952488 -0.007572
v 49.860344 1.952401 -0.006633
v 49.860813 1.952488 -0.007572
v 49.861111 1.953435 -0.007177
v 49.860813 1.952488 -0.007572
v 49.879219 1.978051 0.101729
v 49.879288 1.976921 0.101804
v 49.880219 1.978011 0.101696
v 49.879288 1.978727 0.100867
v 49.879219 1.978051 0.101729
v 49.878353 1.977637 0.100976
v 49.879219 1.978051 0.101729
v 49.879219 1.978051 0.101729
v 49.879288 1.976921 0.101804
v 50.018593 1.622758 -0.432681
v 50.185608 1.495458 -0.474339
v 50.051254 1.539741 -0.536507
v 50.152946 1.578476 -0.370512
v 50.297314 1.327557 -0.378402
v 50.264652 1.410575 -0.274576
v 50.202938 1.328747 -0.555303
v 50.068584 1.373030 -0.617471
v 50.314644 1.160846 -0.459367
v 50.299641 0.383232 -0.107283
v 50.410515 0.525124 0.084298
v 50.468910 0.450072 -0.058507
v 50.241249 0.458284 0.035522
v 50.309124 0.496802 0.249251
v 50.139858 0.429962 0.200475
v 50.561234 0.547366 0.142630
v 50.619625 0.472314 -0.000176
v 50.459839 0.519044 0.307582
v 50.111607 1.952871 -0.111061
v 50.125248 1.958094 0.083314
v 50.213036 2.026529 -0.017829
v 50.023823 1.884436 -0.009917
v 50.043037 1.748913 0.184192
v 49.941608 1.675254 0.090961
v 50.232201 1.892264 0.176283
v 50.319984 1.960699 0.075140
v 50.149986 1.683082 0.277161
v 50.240746 1.280507 -0.337013
v 50.462318 1.266688 -0.288105
v 50.367863 1.251297 -0.422194
v 50.335197 1.295899 -0.202925
v 50.531231 1.158247 -0.136493
v 50.404114 1.187457 -0.051313
v 50.571800 1.151970 -0.361185
v 50.477348 1.136578 -0.495273
v 50.640717 1.043528 -0.209572
v 49.624794 0.873926 0.152471
v 49.522419 0.737932 -0.011227
v 49.478119 0.814678 0.131387
v 49.669094 0.797180 0.009857
v 49.593754 0.575209 -0.153166
v 49.740429 0.634457 -0.132081
v 49.397469 0.609589 -0.031769
v 49.353168 0.686335 0.110845
v 49.468803 0.446866 -0.173707
v 50.242966 1.865194 0.253474
v 50.144318 1.726818 0.381914
v 50.273506 1.818334 0.376495
v 50.113777 1.773678 0.258893
v 50.025291 1.517939 0.353446
v 49.994755 1.564799 0.230425
v 50.184158 1.572574 0.473929
v 50.313347 1.664089 0.468510
v 50.065136 1.363694 0.445461
v 49.768429 1.972440 -0.216502
v 49.816277 1.810796 -0.351859
v 49.702156 1.895594 -0.300746
v 49.882545 1.887642 -0.267615
v 49.915821 1.594616 -0.366862
v 49.982094 1.671462 -0.282618
v 49.740620 1.649318 -0.412842
v 49.626499 1.734115 -0.361729
v 49.840164 1.433137 -0.427845
v 49.953655 2.056435 0.115698
v 49.899052 1.990935 -0.055078
v 49.840424 2.097885 0.046528
v 50.012283 1.949486 0.014092
v 49.952667 1.753898 -0.148969
v 50.065899 1.712448 -0.079798
v 49.780224 1.887179 -0.115636
v 49.721596 1.994128 -0.014030
v 49.833836 1.650141 -0.209527
v 50.031727 1.614282 0.270293
v 49.816654 1.651733 0.340965
v 49.951916 1.690703 0.410147
v 49.896469 1.575312 0.201111
v 49.703285 1.488402 0.264143
v 49.783096 1.411981 0.124290
v 49.752319 1.640234 0.475418
v 49.887577 1.679204 0.544601
v 49.638950 1.476904 0.398597
v 49.810143 0.792959 -0.203441
v 49.950291 0.902110 -0.409560
v 49.785137 0.896687 -0.354222
v 49.975292 0.798382 -0.258779
v 50.114143 0.803013 -0.415790
v 50.139149 0.699284 -0.265009
v 49.925056 0.987368 -0.551663
v 49.759907 0.981944 -0.496325
v 50.088909 0.888270 -0.557893
v 50.345482 1.570695 0.033714
v 50.407654 1.679821 0.249007
v 50.493294 1.615641 0.128405
v 50.259838 1.634874 0.154316
v 50.258507 1.625435 0.370714
v 50.110691 1.580488 0.276023
v 50.515614 1.650357 0.344392
v 50.601254 1.586178 0.223790
v 50.366467 1.595971 0.466099
v 50.155964 2.024798 0.028190
v 50.008179 2.122507 0.107866
v 50.140491 2.179099 0.138107
v 50.023651 1.968207 -0.002051
v 49.869137 1.918414 0.072261
v 49.884609 1.764114 -0.037656
v 49.988426 2.183044 0.214374
v 50.120743 2.239635 0.244615
v 49.849384 1.978951 0.178769
v 49.529652 1.903116 -0.177926
v 49.614845 1.794487 -0.347038
v 49.465965 1.910246 -0.316773
v 49.678535 1.787356 -0.208191
v 49.786839 1.616401 -0.372524
v 49.850525 1.609270 -0.233677
v 49.591438 1.692985 -0.477557
v 49.442558 1.808744 -0.447292
v 49.763432 1.514899 -0.503043
v 50.446648 1.005606 0.392968
v 50.305794 0.922676 0.554518
v 50.466564 0.930167 0.529042
v 50.285877 0.998115 0.418444
v 50.128418 0.808282 0.551114
v 50.108501 0.883721 0.415040
v 50.315762 0.783182 0.673287
v 50.476536 0.790673 0.647811
v 50.138390 0.668789 0.669883
v 50.063679 1.958964 -0.117804
v 50.294609 2.076021 -0.159464
v 50.139729 2.092285 -0.201934
v 50.218555 1.942700 -0.075333
v 50.391495 1.916547 -0.097462
v 50.315441 1.783227 -0.013331
v 50.360123 2.183311 -0.240044
v 50.205242 2.199575 -0.282514
v 50.457008 2.023837 -0.178042
v 49.894859 2.023069 0.284406
v 49.709915 1.947184 0.255389
v 49.805244 1.969812 0.366670
v 49.799530 2.000442 0.173125
v 49.638565 1.780241 0.119468
v 49.728180 1.833499 0.037204
v 49.637737 1.788967 0.319732
v 49.733067 1.811594 0.431013
v 49.566387 1.622024 0.183811
v 49.885288 1.962682 -0.064903
v 50.030548 2.075952 -0.049452
v 49.907829 2.120078 -0.117717
v 50.008007 1.918556 0.003361
v 50.152088 1.884510 0.030245
v 50.129547 1.727114 0.083059
v 50.052975 2.218459 -0.101110
v 49.930252 2.262585 -0.169375
v 50.174511 2.027017 -0.021413
v 49.639927 1.298391 -0.108295
v 49.627239 1.245030 -0.327713
v 49.526821 1.241599 -0.196054
v 49.740345 1.301821 -0.239954
v 49.757328 1.129768 -0.420660
v 49.870430 1.186560 -0.332901
v 49.534119 1.108299 -0.389399
v 49.433701 1.104869 -0.257740
v 49.664207 0.993038 -0.482346
v 49.798164 0.912901 0.318392
v 49.620022 0.733897 0.230193
v 49.606346 0.879682 0.355468
v 49.811840 0.767116 0.193117
v 49.633766 0.587857 0.104912
v 49.825584 0.621080 0.067836
v 49.443153 0.645433 0.268629
v 49.429482 0.791218 0.393903
v 49.456898 0.499393 0.143348
v 50.500431 1.044553 0.007707
v 50.487835 1.010740 0.272840
v 50.637676 1.034416 0.156301
v 50.350594 1.020877 0.124245
v 50.334866 0.978078 0.388385
v 50.197620 0.988215 0.239791
v 50.603371 0.938300 0.414547
v 50.753208 0.961976 0.298008
v 50.450397 0.905638 0.530092
v 50.177876 1.079188 -0.290514
v 50.164967 1.344408 -0.275630
v 50.245811 1.258341 -0.336075
v 50.097027 1.165253 -0.230069
v 50.128319 1.659498 -0.322335
v 50.060379 1.480344 -0.276774
v 50.232689 1.522451 -0.320673
v 50.313538 1.436385 -0.381117
v 50.196041 1.837542 -0.367377
v 49.802391 1.554496 -0.365646
v 49.604221 1.745745 -0.087714
v 49.673214 1.665593 -0.274523
v 49.733395 1.634648 -0.178837
v 49.374271 1.901629 0.224708
v 49.503448 1.790533 0.133585
v 49.476345 1.856228 0.002392
v 49.545341 1.776076 -0.184417
v 49.246399 2.012113 0.314814
v 49.741734 2.046971 -0.112199
v 49.878559 2.043020 -0.227669
v 49.756100 2.183676 -0.257779
v 49.864197 1.906314 -0.082088
v 50.018616 2.036216 -0.236021
v 50.004250 1.899511 -0.090440
v 49.890144 2.158561 -0.367168
v 49.767685 2.299217 -0.397279
v 50.030201 2.151757 -0.375520
v 50.081654 1.291131 -0.260235
v 50.105938 1.723545 -0.275920
v 50.142918 1.474309 -0.265306
v 50.044674 1.540368 -0.270849
v 50.101986 2.146368 -0.332532
v 50.040726 1.963191 -0.327461
v 50.166882 1.905043 -0.280546
v 50.203857 1.655807 -0.269933
v 50.162930 2.327866 -0.337159
v 50.062134 2.181832 0.226324
v 50.080082 1.933263 0.195663
v 50.197117 2.053720 0.276491
v 49.945099 2.061375 0.145496
v 49.962971 1.813908 0.108137
v 49.827988 1.942020 0.057969
v 50.213757 1.823716 0.132981
v 50.330791 1.944174 0.213809
v 50.096645 1.704361 0.045454
v 50.117157 1.800894 0.052766
v 49.991142 2.057088 0.042309
v 50.085777 1.984393 0.094957
v 50.022518 1.873589 0.000117
v 49.885170 2.415940 -0.009800
v 49.916550 2.232440 -0.051992
v 49.959850 2.238302 0.084496
v 50.054489 2.165607 0.137144
v 49.853882 2.597154 0.032387
v 50.009377 1.816437 -0.092295
v 50.066441 2.093413 -0.010464
v 50.059353 1.999889 -0.109472
v 50.016464 1.909961 0.006713
v 50.075809 2.471424 0.066465
v 50.025833 2.287972 0.083643
v 50.116398 2.274528 -0.027460
v 50.109306 2.181005 -0.126468
v 50.125763 2.652540 0.049469
v 50.180538 1.404602 0.162768
v 49.977444 1.640655 0.288918
v 50.077232 1.504648 0.295480
v 50.080750 1.540609 0.156206
v 49.798370 1.937808 0.436293
v 49.901676 1.837761 0.303581
v 49.874603 1.739751 0.420721
v 49.974396 1.603744 0.427283
v 49.695534 2.036903 0.568097
v 50.328060 0.252018 -0.009536
v 50.328510 0.502310 -0.099725
v 50.427814 0.430362 -0.035550
v 50.228756 0.323969 -0.073710
v 50.361790 0.759156 -0.249038
v 50.262035 0.580816 -0.223024
v 50.427811 0.680017 -0.125449
v 50.527115 0.608067 -0.061275
v 50.461090 0.936865 -0.274763
v 49.992756 0.880628 0.174902
v 50.154362 1.115395 0.352918
v 50.063358 1.050591 0.196688
v 50.083759 0.945432 0.331133
v 50.244972 1.177918 0.508545
v 50.174370 1.007955 0.486759
v 50.226093 1.291866 0.376429
v 50.135090 1.227062 0.220198
v 50.316708 1.354390 0.532056
v 50.155830 1.181374 -0.007330
v 50.411488 1.388997 -0.087578
v 50.237206 1.313232 -0.099849
v 50.330116 1.257139 0.004942
v 50.584843 1.462755 -0.074625
v 50.503468 1.330897 0.017894
v 50.496216 1.528081 -0.182546
v 50.321934 1.452316 -0.194818
v 50.669571 1.601839 -0.169594
v 49.999802 1.211488 -0.158023
v 49.823547 1.430350 -0.340188
v 49.915501 1.368762 -0.185094
v 49.907848 1.273076 -0.313116
v 49.732178 1.489811 -0.494635
v 49.816479 1.332537 -0.467564
v 49.737141 1.595290 -0.369589
v 49.829098 1.533702 -0.214496
v 49.645771 1.654751 -0.524036
v 49.895161 1.787183 -0.103923
v 49.844475 1.902198 -0.370063
v 49.754589 1.844536 -0.206158
v 49.985046 1.844846 -0.267828
v 49.929024 1.886092 -0.514431
v 50.069595 1.828740 -0.412196
v 49.702164 1.935534 -0.465937
v 49.612278 1.877872 -0.302032
v 49.786713 1.919428 -0.610305
v 50.019386 1.953498 0.014156
v 49.761578 2.096235 0.007156
v 49.940342 2.099698 0.062670
v 49.840622 1.950034 -0.041358
v 49.584988 2.087747 -0.048619
v 49.664032 1.941546 -0.097134
v 49.677696 2.253594 0.056250
v 49.856461 2.257057 0.111765
v 49.501106 2.245106 0.000475
v 49.991360 1.868011 -0.128726
v 49.766956 1.930308 -0.159509
v 49.918324 2.024628 -0.099008
v 49.839993 1.773690 -0.189226
v 49.617062 1.831986 -0.219748
v 49.690098 1.675369 -0.249466
v 49.690247 2.096891 -0.130442
v 49.841614 2.191212 -0.069941
v 49.540352 1.998569 -0.190681
v 49.964710 1.836019 -0.170669
v 50.053982 2.043325 -0.010944
v 49.997921 2.003718 -0.183640
v 50.020771 1.875626 0.002027
v 50.110287 2.076808 0.161740
v 50.077076 1.909109 0.174711
v 50.086666 2.224356 -0.023890
v 50.030605 2.184749 -0.196586
v 50.142971 2.257840 0.148795
v 50.042461 1.676965 0.245619
v 50.207489 1.741403 0.237853
v 50.057743 1.855273 0.245058
v 50.192207 1.563095 0.238413
v 50.357079 1.624729 0.229938
v 50.341801 1.446421 0.230498
v 50.223240 1.928105 0.239415
v 50.073490 2.041975 0.246620
v 50.372829 1.811430 0.231500
v 49.897797 1.958628 0.127176
v 49.970959 2.065137 -0.057637
v 49.845974 2.115006 0.059909
v 50.022766 1.908731 0.009616
v 50.095573 1.972228 -0.171853
v 50.147396 1.815822 -0.104601
v 49.919147 2.221459 -0.124903
v 49.794163 2.271328 -0.007343
v 50.043762 2.128579 -0.239120
v 50.055889 1.499667 -0.200910
v 50.259296 1.570206 -0.421290
v 50.068882 1.541424 -0.380033
v 50.246304 1.528449 -0.242167
v 50.428471 1.547703 -0.442070
v 50.415478 1.505945 -0.262946
v 50.266991 1.599172 -0.595306
v 50.076572 1.570390 -0.554049
v 50.436161 1.576668 -0.616085
vn 0.9484 -0.0190 -0.3164
vn 0.9998 -0.0207 -0.0001
vn 0.3161 -0.0183 0.9486
vn -0.0000 -0.0011 1.0000
vn -0.3160 0.0184 -0.9486
vn -0.0000 0.0011 -1.0000
vn -0.9998 0.0206 0.0001
vn -0.9484 0.0189 0.3164
vn -0.0000 -0.0012 1.0000
vn 0.3160 -0.0185 0.9486
vn 0.5143 -0.7986 -0.3126
vn 0.7545 -0.6562 -0.0135
vn 0.2415 -0.2801 0.9291
vn 0.1002 0.0235 0.9947
vn -0.2683 0.2443 -0.9318
vn 0.0086 0.1559 -0.9877
vn -0.6501 0.7561 0.0747
vn -0.7762 0.5343 0.3347
vn 0.1002 0.0233 0.9947
vn 0.2416 -0.2800 0.9291
vn 0.8442 -0.5313 -0.0713
vn 0.8232 -0.5375 -0.1828
vn 0.1023 -0.0083 0.9947
vn 0.1851 -0.0955 0.9781
vn 0.1010 0.2390 -0.9658
vn 0.0295 0.3214 -0.9465
vn -0.6090 0.7635 0.2149
vn -0.6409 0.7619 0.0938
vn 0.1851 -0.0952 0.9781
vn 0.1024 -0.0083 0.9947
vn 0.7916 -0.5722 -0.2144
vn 0.7008 -0.6983 -0.1454
vn 0.1831 -0.1490 0.9717
vn 0.0170 -0.1888 0.9819
vn 0.0314 0.3540 -0.9347
vn 0.0240 0.2252 -0.9740
vn -0.6601 0.7353 0.1535
vn -0.5769 0.7773 0.2509
vn 0.0172 -0.1889 0.9818
vn 0.4250 -0.7107 0.5606
vn 0.6185 -0.0082 0.7857
vn -0.0237 0.5497 0.8350
vn 0.1553 0.9758 -0.1538
vn 0.0383 -0.5374 -0.8425
vn -0.1328 -0.9847 0.1130
vn -0.5885 -0.0434 -0.8073
vn -0.4127 0.7317 -0.5425
vn 0.1550 0.9758 -0.1540
vn -0.0239 0.5498 0.8349
vn 0.6022 0.3154 0.7334
vn 0.7464 0.2017 0.6342
vn 0.0191 0.9118 -0.4102
vn 0.1763 0.8738 -0.4532
vn 0.0073 -0.9195 0.3929
vn 0.0420 -0.9569 0.2875
vn -0.5286 -0.2844 -0.7998
vn -0.5770 -0.3212 -0.7510
vn 0.1763 0.8737 -0.4534
vn 0.0187 0.9117 -0.4103
vn 0.7550 0.2711 0.5971
vn 0.6921 0.4335 0.5772
vn 0.1652 0.8188 -0.5497
vn 0.0182 0.7887 -0.6145
vn 0.0340 -0.9150 0.4020
vn 0.0046 -0.8019 0.5974
vn -0.6694 -0.4464 -0.5938
vn -0.5563 -0.3662 -0.7459
vn 0.0180 0.7889 -0.6143
vn 0.1652 0.8188 -0.5498
vn 0.5987 -0.6365 -0.4861
vn 0.6380 -0.7444 -0.1973
vn 0.2012 -0.4679 0.8606
vn 0.0144 -0.2455 0.9693
vn -0.1940 0.4737 -0.8591
vn 0.0215 0.2723 -0.9620
vn -0.6021 0.7717 0.2048
vn -0.5945 0.6400 0.4868
vn 0.2013 -0.4680 0.8605
vn 0.5959 -0.7676 -0.2359
vn 0.5717 -0.7785 -0.2591
vn 0.0153 -0.2830 0.9590
vn 0.0131 -0.3077 0.9514
vn 0.0218 0.3086 -0.9510
vn 0.0183 0.3269 -0.9449
vn -0.5406 0.7981 0.2661
vn -0.5585 0.7929 0.2438
vn 0.0130 -0.3079 0.9513
vn 0.6338 -0.6576 -0.4071
vn 0.5125 -0.7669 -0.3862
vn 0.1774 -0.4106 0.8944
vn 0.0033 -0.4482 0.8939
vn 0.0581 0.5443 -0.8369
vn 0.0158 0.4579 -0.8888
vn -0.4935 0.7767 0.3914
vn -0.3983 0.7915 0.4635
vn 0.0031 -0.4482 0.8939
vn 0.1775 -0.4106 0.8944
vn 1.0000 -0.0000 -0.0001
vn 1.0000 0.0013 -0.0001
vn -0.0000 -0.0115 0.9999
vn -0.0002 -0.0043 1.0000
vn 0.0001 0.0196 -0.9998
vn -0.0000 0.0207 -0.9998
vn -0.9999 0.0155 0.0003
vn -1.0000 0.0082 0.0001
vn -0.0000 -0.0041 1.0000
vn 0.0001 -0.0114 0.9999
vn 0.9460 -0.1841 -0.2666
vn 0.9946 0.0829 -0.0626
vn 0.3094 0.4913 0.8141
vn -0.0052 0.6784 0.7347
vn -0.3137 -0.5600 -0.7668
vn -0.0059 -0.5368 -0.8437
vn -0.9950 0.0726 -0.0683
vn -0.9478 0.1489 0.2821
vn -0.0051 0.6782 0.7349
vn 0.3095 0.4913 0.8141
vn 0.9941 0.0856 -0.0661
vn 0.9779 0.0734 -0.1957
vn -0.0015 0.6739 0.7389
vn 0.1020 0.7375 0.6676
vn -0.0047 -0.5327 -0.8463
vn -0.1105 -0.5007 -0.8586
vn -0.9865 0.1635 0.0045
vn -0.9976 0.0569 -0.0405
vn 0.1018 0.7375 0.6676
vn -0.0012 0.6739 0.7388
vn 0.9781 0.0637 -0.1981
vn 0.9981 0.0451 -0.0417
vn 0.1017 0.7613 0.6403
vn -0.0012 0.6957 0.7183
vn -0.1118 -0.5453 -0.8307
vn -0.0008 -0.6606 -0.7507
vn -0.9999 -0.0101 0.0090
vn -0.9882 0.1528 0.0082
vn -0.0010 0.6958 0.7183
vn 0.1016 0.7613 0.6404
vn 0.9975 0.0499 -0.0498
vn 0.9975 0.0490 -0.0516
vn -0.0014 0.7261 0.6876
vn -0.0011 0.7364 0.6765
vn -0.0011 -0.6934 -0.7206
vn -0.0011 -0.7107 -0.7035
vn -0.9994 -0.0234 0.0241
vn -0.9997 -0.0164 0.0171
vn -0.0011 0.7366 0.6763
vn -0.0008 0.7260 0.6877
vn 0.9975 0.0465 -0.0530
vn 0.9978 0.0426 -0.0514
vn -0.0011 0.7650 0.6440
vn -0.0006 0.7763 0.6304
vn -0.0009 -0.7410 -0.6715
vn -0.0009 -0.7573 -0.6531
vn -0.9993 -0.0242 0.0286
vn -0.9994 -0.0223 0.0258
vn -0.0009 0.7763 0.6304
vn -0.0007 0.7651 0.6439
vn 0.9766 0.0284 -0.2130
vn 0.9981 0.0360 -0.0506
vn 0.0999 0.8679 0.4866
vn -0.0003 0.8206 0.5715
vn -0.1141 -0.7050 -0.7000
vn -0.0001 -0.8070 -0.5905
vn -0.9992 -0.0228 0.0316
vn -0.9908 0.1355 -0.0000
vn -0.0004 0.8207 0.5713
vn 0.1003 0.8680 0.4863
vn 0.9999 0.0169 -0.0002
vn 0.9996 0.0270 -0.0000
vn -0.0001 0.0196 0.9998
vn -0.0002 0.0032 1.0000
vn -0.0000 -0.0088 -1.0000
vn -0.0001 0.0002 -1.0000
vn -0.9997 -0.0235 -0.0000
vn -1.0000 -0.0061 -0.0000
vn -0.0000 0.0033 1.0000
vn -0.0000 0.0196 0.9998
vn 0.6368 0.7155 -0.2872
vn 0.3829 0.9207 0.0756
vn 0.2207 0.2053 0.9535
vn -0.0976 -0.0510 0.9939
vn 0.1164 -0.4800 -0.8695
vn -0.0425 0.0900 -0.9950
vn -0.3515 -0.9351 0.0456
vn -0.1278 -0.9004 0.4159
vn 0.2207 0.2051 0.9535
vn 0.3398 0.9064 0.2510
vn 0.4617 0.7472 0.4781
vn -0.1271 -0.1876 0.9740
vn -0.0209 -0.5249 0.8509
vn -0.1925 0.3647 -0.9110
vn -0.0567 0.5640 -0.8238
vn -0.5411 -0.7106 -0.4499
vn -0.6581 -0.7279 -0.1926
vn -0.0208 -0.5249 0.8509
vn -0.1272 -0.1878 0.9739
vn 0.3543 0.8130 0.4620
vn 0.2845 0.8557 0.4322
vn -0.0305 -0.4822 0.8756
vn -0.0395 -0.4400 0.8971
vn -0.0067 0.4975 -0.8674
vn -0.0208 0.4566 -0.8894
vn -0.3444 -0.8381 -0.4231
vn -0.3918 -0.7996 -0.4551
vn -0.0395 -0.4399 0.8972
vn 0.8389 0.3725 0.3970
vn 0.8096 0.0973 0.5788
vn 0.3983 -0.9127 0.0913
vn 0.0377 -0.9913 0.1259
vn -0.3342 0.9269 -0.1711
vn -0.1672 0.9773 0.1300
vn -0.9331 -0.1063 -0.3437
vn -0.7904 -0.3721 -0.4866
vn 0.0383 -0.9913 0.1261
vn 0.3988 -0.9124 0.0918
vn 0.8917 0.0548 0.4494
vn 0.9701 -0.0341 0.2403
vn 0.0588 -0.9973 0.0433
vn 0.0013 -0.9892 -0.1463
vn -0.1458 0.9663 0.2119
vn -0.0060 0.9852 0.1713
vn -0.9761 0.0301 -0.2153
vn -0.9773 -0.0852 -0.1937
vn 0.0013 -0.9892 -0.1462
vn 0.0588 -0.9973 0.0434
vn 0.9966 -0.0154 0.0806
vn 0.9994 0.0092 -0.0345
vn 0.0001 -0.9764 -0.2161
vn -0.0003 -0.9685 -0.2489
vn -0.0025 0.9711 0.2387
vn 0.0020 0.9634 0.2680
vn -0.9985 -0.0141 0.0536
vn -0.9983 0.0109 -0.0574
vn -0.0003 -0.9685 -0.2490
vn 0.0003 -0.9764 -0.2161
vn 0.1413 0.9828 0.1192
vn 0.1260 0.9406 -0.3152
vn -0.0607 -0.1076 0.9923
vn -0.0364 0.3218 0.9461
vn -0.0493 0.1294 -0.9904
vn -0.0274 -0.3132 -0.9493
vn -0.1899 -0.9307 0.3125
vn -0.2510 -0.9613 -0.1137
vn -0.0363 0.3218 0.9461
vn -0.0605 -0.1078 0.9923
vn 0.0605 0.1141 -0.9916
vn 0.3397 0.0008 -0.9405
vn -0.0926 0.9918 0.0884
vn 0.0060 1.0000 0.0003
vn -0.1861 -0.9727 -0.1388
vn -0.0230 -0.9997 -0.0073
vn -0.3566 0.0009 0.9343
vn -0.3374 -0.0948 0.9366
vn 0.0059 1.0000 0.0004
vn -0.0926 0.9917 0.0890
vn 0.1922 -0.6098 -0.7689
vn 0.2509 -0.8965 -0.3652
vn -0.0367 0.7785 -0.6266
vn 0.0138 0.3776 -0.9258
vn -0.0334 -0.7875 0.6154
vn 0.0377 -0.3690 0.9287
vn -0.2003 0.9077 0.3686
vn -0.2616 0.6008 0.7553
vn 0.0137 0.3776 -0.9258
vn -0.0365 0.7784 -0.6267
vn 1.0000 0.0039 -0.0001
vn 1.0000 0.0060 -0.0002
vn -0.0000 0.0230 0.9997
vn -0.0001 0.0304 0.9995
vn 0.0001 -0.0169 -0.9999
vn -0.0001 -0.0221 -0.9998
vn -1.0000 0.0022 -0.0001
vn -1.0000 0.0019 -0.0000
vn 0.0001 0.0304 0.9995
vn 0.0001 0.0227 0.9997
vn 0.8140 -0.1883 -0.5495
vn 0.8107 -0.3987 -0.4288
vn 0.3196 -0.5908 0.7408
vn -0.0118 -0.7139 0.7002
vn 0.0372 0.7658 -0.6420
vn -0.2003 0.7354 -0.6474
vn -0.7979 0.4060 0.4457
vn -0.6716 0.5095 0.5380
vn 0.3191 -0.5902 0.7415
vn -0.0120 -0.7136 0.7005
vn 0.9414 -0.0982 -0.3228
vn 0.9151 -0.2171 -0.3399
vn 0.2021 -0.6955 0.6895
vn 0.0055 -0.8390 0.5441
vn 0.0091 0.8558 -0.5172
vn -0.0223 0.8947 -0.4462
vn -0.9000 0.2334 0.3682
vn -0.7675 0.3004 0.5663
vn 0.2023 -0.6954 0.6896
vn 0.0057 -0.8391 0.5440
vn 0.8136 -0.2967 -0.5000
vn 0.7496 -0.3273 -0.5752
vn 0.0009 -0.8588 0.5122
vn 0.0104 -0.8633 0.5046
vn 0.0189 0.8780 -0.4784
vn 0.0235 0.8764 -0.4809
vn -0.7208 0.3430 0.6023
vn -0.7879 0.3136 0.5299
vn 0.0008 -0.8588 0.5122
vn 0.0102 -0.8633 0.5045
vn 0.9273 0.2962 0.2288
vn 0.9203 0.0799 0.3829
vn 0.3180 -0.9481 -0.0034
vn 0.0649 -0.9946 0.0806
vn -0.1327 0.9745 0.1810
vn -0.3188 0.9475 -0.0262
vn -0.9872 -0.1018 -0.1231
vn -0.9097 -0.2922 -0.2950
vn 0.3181 -0.9480 -0.0033
vn 0.9593 0.0521 0.2776
vn 0.9992 -0.0103 0.0385
vn 0.0880 -0.9939 -0.0662
vn 0.0001 -0.9610 -0.2765
vn -0.0003 0.9548 0.2973
vn -0.1254 0.9370 0.3259
vn -0.9998 0.0039 -0.0175
vn -0.9941 -0.1069 -0.0168
vn 0.0875 -0.9940 -0.0660
vn -0.0001 -0.9610 -0.2765
vn 0.9830 -0.0666 0.1713
vn 0.9698 -0.1009 0.2222
vn -0.0038 -0.9409 -0.3387
vn -0.0027 -0.9167 -0.3996
vn -0.0016 0.9095 0.4156
vn 0.0006 0.9342 0.3567
vn -0.9740 0.0932 -0.2065
vn -0.9864 0.0607 -0.1530
vn -0.0040 -0.9409 -0.3387
vn -0.0024 -0.9166 -0.3997
vn 0.8559 -0.1807 -0.4845
vn 0.9011 -0.1189 -0.4170
vn 0.0210 -0.9265 0.3758
vn 0.0086 -0.9583 0.2857
vn 0.0025 0.9644 -0.2644
vn -0.0011 0.9366 -0.3504
vn -0.8900 0.1243 0.4388
vn -0.8383 0.1921 0.5103
vn 0.0211 -0.9265 0.3757
vn 0.0085 -0.9583 0.2857
vn 0.9098 0.0647 -0.4100
vn 0.9400 -0.0155 -0.3409
vn 0.1912 -0.9588 0.2099
vn -0.0052 -0.9997 -0.0258
vn 0.0178 0.9988 0.0464
vn -0.0452 0.9988 0.0179
vn -0.9263 0.0074 0.3768
vn -0.7691 -0.0229 0.6387
vn 0.1911 -0.9588 0.2101
vn -0.0052 -0.9997 -0.0259
vn 0.2612 -0.9167 0.3024
vn 0.5033 -0.3980 0.7670
vn 0.3633 0.3922 0.8451
vn 0.1173 0.9046 0.4098
vn -0.0906 -0.8951 -0.4366
vn -0.4429 -0.3981 -0.8033
vn -0.4774 0.3925 -0.7862
vn -0.3388 0.8957 -0.2881
vn 0.3632 0.3925 0.8450
vn 0.1166 0.9050 0.4091
vn 0.6701 -0.0981 0.7358
vn 0.8214 -0.1553 0.5488
vn 0.0311 0.9940 0.1053
vn 0.1672 0.9840 0.0620
vn 0.0162 -0.9652 -0.2609
vn -0.0133 -0.9928 -0.1192
vn -0.6395 0.1746 -0.7487
vn -0.6532 0.0992 -0.7507
vn 0.0307 0.9940 0.1051
vn 0.1673 0.9840 0.0618
vn 0.7308 -0.0022 0.6826
vn 0.5987 0.2257 0.7685
vn 0.1465 0.9808 -0.1283
vn 0.0131 0.9568 -0.2904
vn -0.0003 -0.9598 0.2806
vn 0.0448 -0.9985 -0.0319
vn -0.5853 -0.2293 -0.7777
vn -0.5391 -0.0133 -0.8421
vn 0.1459 0.9808 -0.1292
vn 0.0133 0.9568 -0.2904
vn 0.6579 -0.0963 -0.7470
vn 0.8209 -0.0087 -0.5710
vn 0.1026 -0.9760 0.1918
vn -0.0001 -0.9998 0.0180
vn 0.0085 0.9999 -0.0060
vn -0.0748 0.9817 -0.1749
vn -0.8126 0.0093 0.5828
vn -0.6351 0.1002 0.7659
vn 0.1022 -0.9760 0.1922
vn -0.0000 -0.9998 0.0179
vn 0.8823 0.0494 -0.4681
vn 0.9471 0.1543 -0.2815
vn 0.0109 -0.9961 -0.0879
vn 0.1621 -0.9846 -0.0662
vn -0.0422 0.9495 0.3110
vn 0.0008 0.9943 0.1068
vn -0.8284 -0.1889 0.5273
vn -0.8716 -0.0519 0.4875
vn 0.0111 -0.9961 -0.0880
vn 0.1620 -0.9846 -0.0663
vn 0.9831 0.1413 -0.1168
vn 0.9912 0.0369 -0.1274
vn 0.1451 -0.9810 -0.1287
vn 0.0018 -0.9620 -0.2731
vn -0.0008 0.9591 0.2829
vn -0.0722 0.9259 0.3708
vn -0.9897 -0.0400 0.1371
vn -0.9124 -0.1960 0.3592
vn 0.1448 -0.9811 -0.1288
vn 0.0013 -0.9620 -0.2730
vn 0.9997 -0.0235 0.0002
vn 0.9987 -0.0503 -0.0001
vn -0.0001 0.0052 1.0000
vn -0.0002 -0.0005 1.0000
vn 0.0001 0.0013 -1.0000
vn -0.0000 -0.0004 -1.0000
vn -0.9987 0.0512 0.0001
vn -0.9996 0.0281 -0.0002
vn 0.0001 0.0051 1.0000
vn -0.0000 -0.0005 1.0000
vn 0.7930 -0.5809 -0.1836
vn 0.9059 -0.4046 0.1253
vn 0.2873 0.0576 0.9561
vn 0.0726 0.4212 0.9041
vn 0.0825 -0.2083 -0.9746
vn -0.3139 -0.1593 -0.9360
vn -0.7554 0.6159 -0.2238
vn -0.8572 0.4701 0.2105
vn 0.2871 0.0576 0.9562
vn 0.0729 0.4210 0.9041
vn 0.9196 -0.3918 0.0290
vn 0.8113 -0.5470 0.2061
vn 0.1896 0.4210 0.8870
vn 0.0061 0.3596 0.9331
vn 0.0167 -0.3324 -0.9430
vn 0.0209 -0.1171 -0.9929
vn -0.7890 0.5749 -0.2169
vn -0.7069 0.6941 -0.1363
vn 0.1897 0.4207 0.8871
vn 0.0062 0.3599 0.9330
vn 0.7807 -0.5693 0.2575
vn 0.7604 -0.5820 0.2883
vn 0.0089 0.4216 0.9067
vn 0.0065 0.4500 0.8930
vn 0.0144 -0.4294 -0.9030
vn 0.0137 -0.3961 -0.9181
vn -0.7399 0.6027 -0.2988
vn -0.7577 0.5948 -0.2685
vn 0.0090 0.4216 0.9067
vn 0.0066 0.4499 0.8930
vn 0.8812 -0.3695 0.2948
vn 0.9973 -0.0430 -0.0602
vn 0.1023 0.8414 0.5306
vn -0.0045 0.9981 -0.0616
vn -0.0124 -0.9995 0.0284
vn 0.0635 -0.7222 -0.6888
vn -0.9988 0.0362 0.0341
vn -0.7192 0.5139 -0.4676
vn 0.1026 0.8414 0.5307
vn -0.0047 0.9981 -0.0617
vn 0.9973 -0.0067 -0.0734
vn 0.9890 -0.0177 -0.1470
vn -0.0023 0.9970 -0.0778
vn -0.0032 0.9910 -0.1341
vn -0.0000 -0.9934 0.1150
vn 0.0004 -0.9987 0.0512
vn -0.9916 0.0151 0.1282
vn -0.9989 0.0062 0.0474
vn -0.0035 0.9970 -0.0777
vn -0.0032 0.9909 -0.1342
vn 0.9902 -0.0321 -0.1362
vn 0.9547 -0.1849 -0.2331
vn -0.0021 0.9696 -0.2448
vn 0.0860 0.8939 -0.4399
vn -0.1257 -0.9756 0.1801
vn -0.0008 -0.9739 0.2268
vn -0.9942 0.1036 -0.0271
vn -0.9926 0.0291 0.1175
vn -0.0015 0.9694 -0.2454
vn 0.0857 0.8939 -0.4399
vn 0.6710 -0.7367 0.0837
vn 0.7046 -0.5928 0.3901
vn 0.2220 0.3073 0.9254
vn 0.0054 0.5537 0.8327
vn 0.0135 -0.5388 -0.8423
vn -0.2273 -0.3120 -0.9225
vn -0.6861 0.6076 -0.4002
vn -0.6764 0.7321 -0.0809
vn 0.2219 0.3074 0.9254
vn 0.0052 0.5536 0.8327
vn 0.7347 -0.4830 0.4764
vn 0.8356 -0.3411 0.4307
vn 0.0251 0.7291 0.6840
vn 0.0485 0.8263 0.5611
vn -0.0221 -0.8016 -0.5974
vn -0.0080 -0.7190 -0.6950
vn -0.8078 0.3628 -0.4646
vn -0.7188 0.4955 -0.4876
vn 0.0248 0.7295 0.6835
vn 0.0491 0.8258 0.5618
vn 0.5641 -0.3213 -0.7606
vn 0.7254 -0.0667 -0.6851
vn 0.0650 -0.9052 0.4200
vn 0.2019 -0.9458 0.2543
vn 0.0065 0.9940 -0.1089
vn 0.1374 0.9108 -0.3894
vn -0.5266 0.1175 0.8420
vn -0.3861 0.3860 0.8378
vn 0.2022 -0.9458 0.2541
vn 0.7201 0.0148 -0.6937
vn 0.7047 -0.0584 -0.7071
vn 0.1850 -0.9719 0.1452
vn 0.0096 -0.9958 0.0911
vn -0.0010 0.9967 -0.0816
vn 0.0224 0.9996 0.0175
vn -0.6958 0.0583 0.7159
vn -0.5143 0.0128 0.8575
vn 0.1851 -0.9719 0.1452
vn 0.0094 -0.9958 0.0911
vn 0.7181 0.0536 -0.6938
vn 0.7286 0.1078 -0.6764
vn 0.0086 -0.9976 -0.0686
vn -0.0024 -0.9871 -0.1604
vn 0.0068 0.9860 0.1666
vn 0.0009 0.9969 0.0788
vn -0.7233 -0.1095 0.6818
vn -0.7083 -0.0538 0.7038
vn 0.0090 -0.9976 -0.0689
vn -0.0024 -0.9870 -0.1605
vn 0.4846 -0.6442 0.5917
vn 0.7092 -0.5150 0.4814
vn 0.0070 0.6951 0.7189
vn 0.1755 0.7737 0.6088
vn 0.0446 -0.6683 -0.7425
vn -0.0074 -0.6949 -0.7191
vn -0.4884 0.6199 -0.6142
vn -0.4875 0.6441 -0.5895
vn 0.0071 0.6951 0.7189
vn 0.1757 0.7736 0.6088
vn 0.6904 -0.4357 0.5776
vn 0.5976 -0.3242 0.7333
vn 0.1602 0.8593 0.4857
vn 0.0064 0.9164 0.4002
vn 0.0051 -0.9131 -0.4077
vn 0.0465 -0.7837 -0.6194
vn -0.5863 0.3275 -0.7410
vn -0.4831 0.5117 -0.7105
vn 0.1604 0.8593 0.4857
vn 0.0064 0.9164 0.4003
vn 0.5463 -0.2023 0.8128
vn 0.5307 -0.1219 0.8387
vn -0.0023 0.9699 0.2434
vn 0.0115 0.9906 0.1362
vn 0.0003 -0.9895 -0.1448
vn 0.0100 -0.9685 -0.2489
vn -0.5182 0.1230 -0.8464
vn -0.5383 0.2033 -0.8179
vn -0.0024 0.9700 0.2429
vn 0.0121 0.9904 0.1374
vn 0.9992 -0.0397 -0.0014
vn 0.9987 -0.0515 -0.0018
vn -0.0002 -0.0414 0.9991
vn -0.0001 -0.0355 0.9994
vn 0.0001 0.0392 -0.9992
vn 0.0003 0.0434 -0.9991
vn -0.9985 0.0553 0.0019
vn -0.9991 0.0418 0.0015
vn -0.0000 -0.0354 0.9994
vn 0.7041 0.4643 -0.5372
vn 0.7840 0.4142 -0.4623
vn 0.2076 0.7391 0.6408
vn -0.0571 0.7787 0.6248
vn 0.0093 -0.7133 -0.7008
vn -0.2945 -0.6126 -0.7334
vn -0.8210 -0.3882 0.4188
vn -0.8239 -0.1661 0.5418
vn 0.2075 0.7393 0.6406
vn -0.0576 0.7789 0.6245
vn 0.6855 0.3673 -0.6286
vn 0.7988 0.3428 -0.4944
vn -0.0101 0.8918 0.4523
vn -0.0132 0.8312 0.5558
vn -0.0059 -0.8168 -0.5769
vn -0.2116 -0.6931 -0.6891
vn -0.9047 -0.1658 0.3924
vn -0.8176 -0.3289 0.4726
vn -0.0101 0.8919 0.4522
vn 0.7607 0.3190 -0.5653
vn 0.7483 0.2956 -0.5939
vn -0.0125 0.8783 0.4780
vn -0.0133 0.9012 0.4332
vn -0.0062 -0.8917 -0.4527
vn -0.0112 -0.8640 -0.5033
vn -0.7843 -0.3044 0.5405
vn -0.7673 -0.2863 0.5738
vn -0.0134 0.9012 0.4331
vn -0.0125 0.8783 0.4779
vn 0.9546 -0.2835 -0.0916
vn 0.9867 -0.0093 0.1620
vn 0.3127 0.9391 0.1424
vn -0.0087 0.9874 0.1578
vn 0.0162 -0.9844 -0.1751
vn -0.3115 -0.9401 -0.1384
vn -0.9542 0.2791 0.1078
vn -0.9843 0.0074 -0.1761
vn -0.0086 0.9874 0.1577
vn 0.3124 0.9392 0.1425
vn 0.9993 -0.0006 0.0372
vn 0.9980 0.0036 0.0628
vn -0.0013 1.0000 0.0008
vn 0.0003 0.9976 -0.0698
vn -0.0000 -0.9987 0.0510
vn 0.0019 -0.9997 -0.0243
vn -0.9982 0.0003 -0.0602
vn -0.9966 -0.0047 -0.0817
vn 0.0007 0.9976 -0.0698
vn -0.0024 1.0000 0.0006
vn 0.9910 0.0229 0.1320
vn 0.9941 -0.0964 0.0499
vn -0.0002 0.9866 -0.1629
vn 0.1266 0.9349 -0.3316
vn -0.0820 -0.9944 0.0671
vn 0.0024 -0.9893 0.1456
vn -0.9885 -0.0251 -0.1490
vn -0.9486 0.0376 -0.3142
vn 0.1266 0.9349 -0.3315
vn 0.0002 0.9866 -0.1629
vn 0.6165 0.1750 -0.7676
vn 0.6956 0.2116 -0.6866
vn -0.0128 0.9819 0.1890
vn -0.0122 0.9588 0.2838
vn -0.0052 -0.9540 -0.2999
vn -0.1747 -0.9115 -0.3722
vn -0.8044 -0.1041 0.5849
vn -0.7128 -0.2065 0.6703
vn -0.0119 0.9589 0.2834
vn 0.6545 0.1336 -0.7442
vn 0.6347 0.0809 -0.7685
vn -0.0128 0.9863 0.1648
vn -0.0103 0.9953 0.0967
vn -0.0045 -0.9940 -0.1097
vn -0.0057 -0.9831 -0.1829
vn -0.6740 -0.1297 0.7273
vn -0.6499 -0.0801 0.7558
vn -0.0104 0.9953 0.0967
vn -0.0126 0.9863 0.1643
vn 0.6571 -0.0567 -0.7516
vn 0.6708 -0.1263 -0.7308
vn -0.0056 0.9967 -0.0806
vn -0.0096 0.9838 -0.1791
vn 0.0021 -0.9849 0.1730
vn -0.0119 -0.9977 0.0667
vn -0.6736 0.0574 0.7369
vn -0.6780 0.1247 0.7244
vn -0.0100 0.9838 -0.1787
vn -0.0045 0.9967 -0.0814
vn 0.9999 0.0155 0.0003
vn 0.9987 0.0500 0.0007
vn -0.0001 -0.0075 1.0000
vn -0.0004 -0.0094 1.0000
vn -0.0002 0.0203 -0.9998
vn -0.0000 0.0141 -0.9999
vn -1.0000 -0.0091 -0.0002
vn -0.9992 -0.0394 -0.0005
vn -0.0003 -0.0098 1.0000
vn -0.0000 -0.0075 1.0000
vn 0.9160 0.3384 -0.2153
vn 0.8888 0.4021 0.2198
vn 0.3296 -0.3321 0.8838
vn -0.0334 -0.3465 0.9375
vn -0.0466 0.5678 -0.8219
vn -0.3152 0.2544 -0.9143
vn -0.8859 -0.4234 0.1893
vn -0.9812 -0.1765 -0.0787
vn -0.0334 -0.3463 0.9375
vn 0.3296 -0.3319 0.8838
vn 0.8678 0.4769 0.1395
vn 0.9414 0.2900 0.1722
vn 0.0392 -0.2693 0.9623
vn -0.0052 -0.4967 0.8679
vn -0.0051 0.5231 -0.8522
vn -0.1577 0.5997 -0.7845
vn -0.9884 -0.1468 0.0378
vn -0.9519 -0.2637 -0.1563
vn -0.0050 -0.4966 0.8679
vn 0.8835 0.4395 0.1620
vn 0.9336 0.2936 0.2053
vn 0.0544 -0.4047 0.9128
vn -0.0050 -0.5611 0.8277
vn -0.0037 0.5812 -0.8138
vn -0.1443 0.6167 -0.7739
vn -0.9736 -0.2273 -0.0234
vn -0.9427 -0.2737 -0.1911
vn -0.0052 -0.5610 0.8278
vn 0.0543 -0.4046 0.9129
vn 0.9965 -0.0445 -0.0711
vn 0.6711 -0.5896 -0.4493
vn -0.0635 -0.7848 0.6165
vn -0.0388 -0.6423 0.7654
vn 0.0446 0.6428 -0.7647
vn 0.0484 0.7874 -0.6146
vn -0.9960 0.0570 0.0687
vn -0.6854 0.5869 0.4311
vn -0.0387 -0.6423 0.7655
vn -0.0618 -0.7859 0.6152
vn 0.6952 -0.5361 -0.4788
vn 0.7476 -0.4303 -0.5059
vn -0.0195 -0.6812 0.7318
vn 0.1743 -0.6299 0.7569
vn 0.0346 0.7678 -0.6398
vn 0.0282 0.6887 -0.7245
vn -0.6850 0.5434 0.4852
vn -0.5379 0.5685 0.6225
vn 0.1742 -0.6298 0.7570
vn -0.0188 -0.6820 0.7311
vn 0.6931 -0.4779 -0.5397
vn 0.5557 -0.6377 -0.5334
vn 0.1636 -0.6420 0.7490
vn 0.0009 -0.6412 0.7674
vn 0.0109 0.6472 -0.7623
vn 0.0438 0.7609 -0.6474
vn -0.4845 0.5960 0.6403
vn -0.5438 0.6438 0.5384
vn 0.0008 -0.6412 0.7674
vn 0.1639 -0.6423 0.7487
vn 0.8852 0.4638 -0.0352
vn 0.9255 0.2924 0.2407
vn 0.2958 -0.5025 0.8124
vn -0.0047 -0.6266 0.7794
vn -0.0036 0.6419 -0.7668
vn -0.2957 0.5034 -0.8119
vn -0.8847 -0.4649 0.0345
vn -0.9334 -0.2772 -0.2280
vn -0.0045 -0.6264 0.7795
vn 0.2957 -0.5025 0.8124
vn 0.9206 0.2880 0.2637
vn 0.9177 0.2851 0.2766
vn -0.0049 -0.6670 0.7451
vn -0.0037 -0.6893 0.7245
vn -0.0031 0.6806 -0.7326
vn -0.0029 0.7008 -0.7134
vn -0.9244 -0.2743 -0.2652
vn -0.9285 -0.2737 -0.2510
vn -0.0036 -0.6894 0.7244
vn -0.0057 -0.6668 0.7453
vn 0.8531 0.4224 0.3062
vn 0.9100 0.2675 0.3169
vn 0.0431 -0.6173 0.7855
vn -0.0015 -0.7622 0.6473
vn -0.1460 0.7784 -0.6106
vn -0.0053 0.7713 -0.6364
vn -0.9165 -0.2579 -0.3058
vn -0.9563 -0.2609 -0.1317
vn -0.0017 -0.7622 0.6473
vn 0.0434 -0.6172 0.7856
vn 0.9985 0.0539 -0.0018
vn 0.9982 0.0600 -0.0022
vn -0.0006 0.0478 0.9989
vn -0.0004 0.0468 0.9989
vn 0.0001 -0.0338 -0.9994
vn -0.0003 -0.0296 -0.9996
vn -0.9991 -0.0430 0.0017
vn -0.9992 -0.0398 0.0014
vn -0.0003 0.0467 0.9989
vn -0.0006 0.0479 0.9989
vn 0.7928 -0.3808 -0.4758
vn 0.8264 -0.5079 -0.2431
vn 0.2591 -0.4555 0.8517
vn 0.0166 -0.4086 0.9126
vn -0.2333 0.5226 -0.8201
vn 0.0769 0.5159 -0.8532
vn -0.7453 0.5931 0.3046
vn -0.7565 0.4713 0.4535
vn 0.0168 -0.4087 0.9125
vn 0.2593 -0.4559 0.8514
vn 0.8840 -0.3462 -0.3141
vn 0.7790 -0.5415 -0.3161
vn 0.2067 -0.3861 0.8990
vn 0.0060 -0.4978 0.8673
vn 0.0240 0.6469 -0.7622
vn 0.0119 0.5165 -0.8562
vn -0.7610 0.5602 0.3273
vn -0.6544 0.6082 0.4493
vn 0.0061 -0.4980 0.8671
vn 0.2073 -0.3867 0.8986
vn 0.8306 -0.3970 -0.3904
vn 0.7546 -0.5376 -0.3763
vn 0.1710 -0.5138 0.8407
vn 0.0067 -0.5672 0.8235
vn 0.0064 0.6842 -0.7293
vn 0.0095 0.5822 -0.8130
vn -0.7383 0.5525 0.3869
vn -0.6531 0.5675 0.5013
vn 0.1710 -0.5137 0.8407
vn 0.8673 -0.3104 -0.3892
vn 0.9687 -0.0870 -0.2325
vn 0.0658 -0.7535 0.6542
vn 0.0081 -0.9668 0.2555
vn -0.0332 0.7771 -0.6285
vn -0.0087 0.9676 -0.2523
vn -0.9693 0.0876 0.2296
vn -0.8457 0.3355 0.4150
vn 0.0082 -0.9668 0.2555
vn 0.0651 -0.7530 0.6548
vn 0.9373 -0.0616 -0.3429
vn 0.9710 0.0809 -0.2250
vn 0.0168 -0.9771 0.2122
vn 0.1480 -0.9664 0.2103
vn -0.0070 0.9815 -0.1913
vn -0.0519 0.9976 0.0459
vn -0.8751 -0.0484 0.4815
vn -0.9288 0.0653 0.3649
vn 0.1486 -0.9664 0.2098
vn 0.0171 -0.9771 0.2122
vn 0.9680 0.1003 -0.2301
vn 0.9375 0.0013 -0.3480
vn 0.1493 -0.9803 0.1295
vn -0.0006 -1.0000 -0.0061
vn -0.0580 0.9917 0.1147
vn 0.0058 0.9998 0.0172
vn -0.9332 -0.0010 0.3594
vn -0.8760 -0.0885 0.4740
vn -0.0010 -1.0000 -0.0060
vn 0.1497 -0.9802 0.1293
vn 0.6885 -0.3102 -0.6555
vn 0.7307 -0.5237 -0.4380
vn 0.2302 -0.7638 0.6030
vn 0.0059 -0.6372 0.7707
vn -0.2273 0.7659 -0.6015
vn 0.0081 0.6478 -0.7617
vn -0.7170 0.5346 0.4473
vn -0.6862 0.3122 0.6570
vn 0.0057 -0.6370 0.7708
vn 0.2300 -0.7637 0.6032
vn 0.7196 -0.5035 -0.4781
vn 0.7144 -0.4908 -0.4988
vn 0.0069 -0.6831 0.7303
vn 0.0049 -0.7095 0.7047
vn 0.0072 0.6939 -0.7200
vn 0.0065 0.7176 -0.6964
vn -0.7029 0.4987 0.5072
vn -0.7052 0.5143 0.4881
vn 0.0071 -0.6833 0.7301
vn 0.7813 -0.3109 -0.5412
vn 0.6987 -0.4348 -0.5681
vn 0.1731 -0.7430 0.6465
vn -0.0000 -0.7941 0.6078
vn 0.0144 0.8620 -0.5067
vn 0.0081 0.7991 -0.6011
vn -0.6903 0.4395 0.5747
vn -0.5936 0.4304 0.6800
vn -0.0002 -0.7942 0.6077
vn 0.9998 -0.0220 0.0009
vn 0.9997 -0.0259 0.0011
vn 0.0001 0.0360 0.9994
vn 0.0009 0.0641 0.9979
vn 0.0003 -0.0134 -0.9999
vn 0.0004 -0.0330 -0.9995
vn -0.9984 0.0573 -0.0026
vn -0.9990 0.0450 -0.0012
vn 0.0009 0.0643 0.9979
vn -0.0000 0.0363 0.9993
vn 0.8019 -0.5901 0.0932
vn 0.9772 -0.1911 0.0924
vn 0.3192 0.5720 0.7556
vn 0.1756 0.8875 0.4259
vn -0.3813 -0.6986 -0.6054
vn -0.0348 -0.6863 -0.7265
vn -0.8116 0.3921 -0.4330
vn -0.9007 0.4332 0.0323
vn 0.1759 0.8874 0.4262
vn 0.3191 0.5721 0.7556
vn 0.9379 -0.2668 0.2215
vn 0.8015 -0.3136 0.5092
vn 0.1673 0.8669 0.4696
vn -0.0018 0.8500 0.5267
vn 0.0070 -0.6849 -0.7286
vn 0.0179 -0.8392 -0.5435
vn -0.7860 0.3235 -0.5269
vn -0.7567 0.4451 -0.4789
vn 0.1672 0.8669 0.4696
vn 0.8484 -0.2198 0.4816
vn 0.8602 -0.1828 0.4760
vn 0.0080 0.9149 0.4036
vn 0.0103 0.9405 0.3396
vn 0.0062 -0.9062 -0.4228
vn 0.0015 -0.9334 -0.3589
vn -0.8478 0.1893 -0.4954
vn -0.8348 0.2286 -0.5009
vn 0.0105 0.9405 0.3397
vn 0.0082 0.9149 0.4036
vn 0.8571 -0.3017 -0.4176
vn 0.8870 -0.0335 -0.4605
vn 0.2707 0.9442 -0.1877
vn -0.0121 0.9980 -0.0623
vn 0.0081 -0.9987 0.0495
vn -0.2616 -0.9423 0.2087
vn -0.8855 0.0348 0.4633
vn -0.8439 0.3108 0.4372
vn -0.0121 0.9980 -0.0622
vn 0.2714 0.9439 -0.1879
vn 0.8612 -0.1972 -0.4685
vn 0.9431 -0.0806 -0.3225
vn 0.0513 0.9391 -0.3397
vn 0.0031 0.9699 -0.2436
vn -0.0042 -0.9737 0.2279
vn -0.1517 -0.9834 0.0995
vn -0.9481 0.0762 0.3087
vn -0.9613 0.1546 0.2282
vn 0.0019 0.9701 -0.2427
vn 0.0533 0.9389 -0.3400
vn 0.9755 -0.0769 -0.2060
vn 0.9890 -0.0619 -0.1342
vn 0.0001 0.9354 -0.3537
vn 0.0010 0.9032 -0.4291
vn 0.0003 -0.9086 0.4177
vn -0.0063 -0.9398 0.3416
vn -0.9907 0.0563 0.1239
vn -0.9784 0.0738 0.1930
vn -0.0002 0.9036 -0.4284
vn 0.0020 0.9350 -0.3547
vn 0.9031 -0.1116 0.4147
vn 0.9247 -0.0801 0.3721
vn 0.0070 0.9696 0.2448
vn 0.0079 0.9822 0.1875
vn -0.0009 -0.9787 -0.2053
vn 0.0020 -0.9649 -0.2627
vn -0.9170 0.0835 -0.3900
vn -0.8940 0.1168 -0.4326
vn 0.0089 0.9822 0.1877
vn 0.0071 0.9695 0.2448
vn 0.9911 -0.1202 0.0581
vn 0.9909 0.0213 -0.1330
vn 0.1396 0.9901 0.0149
vn -0.0012 0.9969 0.0787
vn -0.0024 -0.9950 -0.0997
vn -0.0786 -0.9602 -0.2679
vn -0.9944 -0.0162 0.1046
vn -0.9375 0.1522 -0.3130
vn -0.0012 0.9969 0.0788
vn 0.1395 0.9901 0.0149
vn 0.6130 0.3821 0.6915
vn 0.3273 0.9077 0.2626
vn -0.1065 0.9248 -0.3652
vn 0.0281 0.2808 -0.9594
vn -0.0209 -0.2838 0.9587
vn 0.0963 -0.9212 0.3770
vn -0.3138 -0.9149 -0.2540
vn -0.6246 -0.3812 -0.6816
vn 0.0278 0.2816 -0.9591
vn -0.1064 0.9249 -0.3649
vn 0.4753 0.8049 0.3554
vn 0.6255 0.6714 0.3974
vn -0.0178 0.4130 -0.9106
vn 0.1718 0.3993 -0.9006
vn 0.0568 -0.5273 0.8478
vn 0.0180 -0.4137 0.9102
vn -0.3972 -0.7992 -0.4510
vn -0.4741 -0.8058 -0.3547
vn 0.1721 0.3999 -0.9003
vn -0.0182 0.4129 -0.9106
vn 0.6325 0.7441 0.2151
vn 0.5696 0.8214 0.0308
vn 0.1556 0.1698 -0.9731
vn 0.0177 0.0247 -0.9995
vn -0.0081 -0.0309 0.9995
vn 0.0542 -0.3008 0.9522
vn -0.5605 -0.8276 -0.0310
vn -0.4225 -0.8748 -0.2370
vn 0.0177 0.0253 -0.9995
vn 0.1559 0.1700 -0.9730
vn 0.8818 -0.2958 0.3674
vn 0.9164 0.0275 0.3993
vn 0.2872 0.9545 0.0800
vn 0.0003 0.9976 -0.0690
vn 0.0067 -0.9985 0.0536
vn -0.2881 -0.9544 -0.0787
vn -0.9095 -0.0300 -0.4146
vn -0.8825 0.2958 -0.3657
vn 0.2888 0.9540 0.0805
vn 0.9746 0.0279 0.2221
vn 0.9943 -0.1038 0.0238
vn 0.0059 0.9881 -0.1536
vn 0.1253 0.9534 -0.2743
vn -0.0843 -0.9964 0.0101
vn -0.0021 -0.9902 0.1397
vn -0.9556 0.0612 -0.2884
vn -0.9713 -0.0296 -0.2361
vn 0.0062 0.9881 -0.1536
vn 0.1252 0.9534 -0.2744
vn 0.9853 -0.0619 0.1590
vn 0.9443 0.1096 0.3101
vn 0.1306 0.9299 -0.3437
vn 0.0019 0.9421 -0.3354
vn 0.0015 -0.9447 0.3280
vn -0.0660 -0.9922 0.1060
vn -0.9416 -0.1124 -0.3175
vn -0.9182 0.0011 -0.3960
vn 0.1304 0.9300 -0.3437
vn 0.0023 0.9421 -0.3353
vn 0.9988 -0.0482 -0.0000
vn 0.9961 -0.0881 -0.0007
vn -0.0002 0.0054 1.0000
vn -0.0000 -0.0079 1.0000
vn 0.0006 0.0146 -0.9999
vn 0.0010 0.0157 -0.9999
vn -0.9955 0.0946 0.0008
vn -0.9976 0.0689 -0.0003
vn -0.0001 0.0054 1.0000
vn 0.0001 -0.0078 1.0000
vn 0.6937 0.6154 -0.3742
vn 0.5109 0.8092 -0.2900
vn 0.2311 0.3581 0.9046
vn -0.0745 0.3988 0.9140
vn -0.2096 -0.1577 -0.9650
vn -0.2309 -0.3380 -0.9124
vn -0.7803 -0.5796 0.2352
vn -0.6726 -0.6216 0.4014
vn 0.2312 0.3581 0.9046
vn -0.0744 0.3991 0.9139
vn 0.5553 0.7106 -0.4320
vn 0.7091 0.6053 -0.3617
vn -0.0367 0.5733 0.8185
vn -0.0152 0.5262 0.8502
vn 0.0068 -0.5198 -0.8543
vn -0.2236 -0.3409 -0.9131
vn -0.7172 -0.5986 0.3569
vn -0.8120 -0.4735 0.3412
vn -0.0365 0.5737 0.8183
vn -0.0149 0.5263 0.8502
vn 0.5752 0.7427 -0.3429
vn 0.5120 0.8022 -0.3073
vn -0.0170 0.4321 0.9016
vn -0.0103 0.3638 0.9314
vn -0.0206 -0.3467 -0.9378
vn -0.0008 -0.4191 -0.9079
vn -0.5424 -0.7843 0.3012
vn -0.5936 -0.7310 0.3366
vn -0.0168 0.4323 0.9016
vn -0.0104 0.3639 0.9314
vn 0.9580 -0.2216 -0.1822
vn 0.9994 0.0163 -0.0297
vn 0.3093 0.7647 0.5653
vn -0.0147 0.8035 0.5951
vn 0.0135 -0.8001 -0.5997
vn -0.3058 -0.7721 -0.5571
vn -0.9995 -0.0177 0.0277
vn -0.9572 0.1993 0.2098
vn 0.3106 0.7646 0.5648
vn -0.0149 0.8033 0.5954
vn 0.9620 0.0325 -0.2711
vn 0.9858 0.0737 -0.1511
vn 0.0907 0.9253 0.3681
vn -0.0035 0.9032 0.4291
vn 0.0001 -0.8971 -0.4419
vn -0.1227 -0.7951 -0.5939
vn -0.9881 -0.0677 0.1379
vn -0.9941 0.0977 0.0462
vn 0.0897 0.9251 0.3689
vn -0.0037 0.9032 0.4292
vn 0.9600 0.0918 -0.2645
vn 0.9352 0.0919 -0.3419
vn -0.0069 0.9497 0.3131
vn -0.0085 0.9709 0.2395
vn 0.0062 -0.9686 -0.2485
vn 0.0025 -0.9453 -0.3263
vn -0.9386 -0.0905 0.3329
vn -0.9641 -0.0857 0.2514
vn -0.0051 0.9498 0.3129
vn -0.0094 0.9709 0.2395
vn 0.5507 0.6942 -0.4634
vn 0.5641 0.6284 -0.5357
vn -0.0134 0.5629 0.8264
vn -0.0037 0.6512 0.7589
vn -0.0098 -0.6438 -0.7651
vn -0.0040 -0.5538 -0.8327
vn -0.5776 -0.6214 0.5293
vn -0.5680 -0.6842 0.4573
vn -0.0137 0.5626 0.8266
vn -0.0037 0.6510 0.7590
vn 0.5409 0.5165 -0.6638
vn 0.7950 0.4190 -0.4387
vn -0.0261 0.8062 0.5911
vn 0.0291 0.6976 0.7159
vn -0.0517 -0.6743 -0.7367
vn -0.1740 -0.6871 -0.7054
vn -0.8151 -0.3977 0.4212
vn -0.7390 -0.3961 0.5450
vn -0.0262 0.8063 0.5909
vn 0.0293 0.6978 0.7157
vn 0.7420 -0.6018 -0.2953
vn 0.8961 -0.3199 -0.3076
vn 0.0982 0.5424 -0.8344
vn 0.0120 0.6833 -0.7301
vn -0.0052 -0.6808 0.7325
vn -0.1347 -0.5513 0.8234
vn -0.8944 0.3248 0.3074
vn -0.7638 0.5830 0.2770
vn 0.0979 0.5425 -0.8343
vn 0.0117 0.6834 -0.7299
vn 0.9072 -0.3680 -0.2041
vn 0.8830 -0.4602 -0.0925
vn 0.0068 0.4925 -0.8703
vn 0.0544 0.2580 -0.9646
vn -0.1458 -0.4896 0.8597
vn -0.0139 -0.5028 0.8643
vn -0.9735 0.2283 -0.0134
vn -0.9126 0.3576 0.1982
vn 0.0069 0.4926 -0.8702
vn 0.0543 0.2583 -0.9645
vn 0.8955 -0.4223 -0.1406
vn 0.9579 -0.2316 -0.1699
vn 0.0587 0.3963 -0.9162
vn 0.0034 0.6014 -0.7990
vn -0.0056 -0.6079 0.7940
vn -0.1410 -0.5979 0.7890
vn -0.9602 0.2253 0.1650
vn -0.9755 0.2195 0.0138
vn 0.0582 0.3964 -0.9162
vn 0.0032 0.6016 -0.7988
vn 0.5799 0.2630 -0.7711
vn 0.7114 0.2451 -0.6587
vn 0.0064 0.9400 0.3412
vn 0.0135 0.9328 0.3603
vn -0.0277 -0.9264 -0.3755
vn -0.0067 -0.9394 -0.3428
vn -0.7260 -0.2397 0.6446
vn -0.5797 -0.2637 0.7710
vn 0.0060 0.9399 0.3413
vn 0.0136 0.9328 0.3602
vn 0.8043 0.1790 -0.5666
vn 0.7782 0.0599 -0.6252
vn 0.0101 0.9502 0.3115
vn 0.0287 0.9944 0.1020
vn -0.1678 -0.9303 -0.3263
vn -0.0180 -0.9461 -0.3233
vn -0.9164 0.0041 0.4003
vn -0.8129 -0.1744 0.5557
vn 0.0105 0.9502 0.3115
vn 0.0290 0.9944 0.1015
vn 0.6963 -0.0130 -0.7176
vn 0.7407 0.0339 -0.6710
vn 0.0110 0.9994 -0.0329
vn -0.0162 0.9993 0.0343
vn 0.0131 -0.9992 -0.0383
vn -0.1680 -0.9708 -0.1714
vn -0.7442 -0.0340 0.6671
vn -0.8556 0.0441 0.5158
vn 0.0109 0.9994 -0.0328
vn -0.0159 0.9993 0.0339
vn 1.0000 -0.0095 -0.0005
vn 1.0000 -0.0040 -0.0002
vn 0.0002 -0.0509 0.9987
vn -0.0000 -0.0935 0.9956
vn 0.0001 0.0989 -0.9951
vn 0.0001 0.0565 -0.9984
vn -1.0000 0.0090 0.0007
vn -0.9999 0.0147 0.0007
vn 0.0001 -0.0937 0.9956
vn 0.8829 -0.0397 -0.4680
vn 0.9522 -0.0917 -0.2913
vn 0.2409 -0.7396 0.6285
vn 0.1741 -0.6850 0.7074
vn -0.0129 0.8942 -0.4476
vn -0.2413 0.7603 -0.6031
vn -0.7874 0.2883 0.5450
vn -0.8485 0.1866 0.4952
vn 0.2409 -0.7395 0.6286
vn 0.1741 -0.6849 0.7075
vn 0.9693 -0.0278 -0.2442
vn 0.9213 -0.1992 -0.3340
vn 0.1861 -0.7185 0.6702
vn 0.0046 -0.8541 0.5201
vn 0.0039 0.8647 -0.5023
vn -0.0274 0.9236 -0.3824
vn -0.9124 0.2092 0.3518
vn -0.8140 0.2362 0.5306
vn 0.1861 -0.7185 0.6701
vn 0.9390 -0.1452 -0.3117
vn 0.9488 -0.1197 -0.2923
vn 0.0080 -0.8988 0.4383
vn 0.0044 -0.9216 0.3881
vn 0.0019 0.9284 -0.3717
vn 0.0023 0.9082 -0.4186
vn -0.9427 0.1256 0.3091
vn -0.9305 0.1554 0.3316
vn 0.0069 -0.8988 0.4384
vn 0.0047 -0.9217 0.3879
vn 0.9803 0.0542 -0.1901
vn 0.9678 -0.0647 -0.2433
vn 0.1440 -0.9087 0.3919
vn 0.0039 -0.9636 0.2674
vn 0.0009 0.9676 -0.2523
vn -0.0661 0.9860 -0.1532
vn -0.9636 0.0683 0.2584
vn -0.9031 0.0238 0.4287
vn 0.1438 -0.9086 0.3921
vn 0.0037 -0.9636 0.2672
vn 0.9852 -0.0312 -0.1684
vn 0.9937 -0.0156 -0.1107
vn 0.0029 -0.9799 0.1997
vn 0.0036 -0.9896 0.1437
vn -0.0004 0.9914 -0.1310
vn -0.0024 0.9829 -0.1839
vn -0.9824 0.0341 0.1835
vn -0.9922 0.0168 0.1236
vn 0.0003 -0.9896 0.1440
vn 0.0046 -0.9799 0.1996
vn 0.9776 -0.0149 -0.2100
vn 0.9656 -0.0104 -0.2597
vn -0.0006 -0.9972 0.0750
vn -0.0026 -0.9994 0.0334
vn 0.0024 0.9981 -0.0617
vn 0.0048 0.9997 -0.0231
vn -0.9629 0.0106 0.2698
vn -0.9747 0.0161 0.2230
vn -0.0024 -0.9994 0.0334
vn -0.0010 -0.9972 0.0751
vn 0.9767 0.1909 -0.0979
vn 0.9944 0.1051 0.0060
vn 0.0994 0.0956 0.9904
vn -0.0009 -0.0445 0.9990
vn -0.0019 0.0787 -0.9969
vn -0.1128 0.1706 -0.9789
vn -0.9912 0.0749 0.1091
vn -0.9975 -0.0701 -0.0039
vn -0.0010 -0.0442 0.9990
vn 0.0997 0.0954 0.9904
vn 0.7434 -0.6167 -0.2589
vn 0.7938 -0.6047 0.0643
vn 0.2560 -0.1221 0.9589
vn 0.0392 0.1603 0.9863
vn -0.2714 0.0815 -0.9590
vn 0.0902 -0.0345 -0.9953
vn -0.6818 0.7261 -0.0890
vn -0.7851 0.5611 0.2620
vn 0.0397 0.1591 0.9865
vn 0.2563 -0.1228 0.9588
vn 0.8595 -0.5109 -0.0151
vn 0.7408 -0.6566 0.1416
vn 0.1897 0.2317 0.9541
vn 0.0064 0.2171 0.9761
vn 0.0091 -0.2013 -0.9795
vn 0.0378 0.0324 -0.9988
vn -0.6315 0.7748 -0.0304
vn -0.7254 0.6727 -0.1459
vn 0.0061 0.2178 0.9760
vn 0.1899 0.2321 0.9540
vn 0.7254 -0.6619 0.1890
vn 0.7149 -0.6649 0.2162
vn 0.0049 0.2793 0.9602
vn 0.0052 0.3142 0.9493
vn 0.0078 -0.3015 -0.9534
vn 0.0096 -0.2646 -0.9643
vn -0.7018 0.6774 -0.2205
vn -0.7108 0.6765 -0.1926
vn 0.0052 0.2786 0.9604
vn 0.0051 0.3141 0.9494
vn 0.7839 -0.6057 0.1361
vn 0.6994 -0.6482 0.3012
vn 0.1630 0.3868 0.9077
vn 0.0052 0.4268 0.9043
vn 0.0060 -0.4163 -0.9092
vn 0.0211 -0.2185 -0.9756
vn -0.5997 0.7741 -0.2031
vn -0.6879 0.6582 -0.3059
vn 0.0056 0.4259 0.9047
vn 0.1629 0.3865 0.9078
vn 0.7000 -0.6165 0.3604
vn 0.7101 -0.5892 0.3855
vn 0.0069 0.5104 0.8599
vn 0.0102 0.5555 0.8314
vn 0.0011 -0.5473 -0.8369
vn 0.0034 -0.5026 -0.8645
vn -0.6997 0.5976 -0.3915
vn -0.6901 0.6249 -0.3651
vn 0.0102 0.5557 0.8313
vn 0.0065 0.5107 0.8597
vn 0.6531 -0.6316 0.4178
vn 0.6194 -0.6538 0.4346
vn -0.0035 0.5495 0.8355
vn -0.0008 0.5532 0.8330
vn 0.0124 -0.5426 -0.8399
vn 0.0090 -0.5474 -0.8368
vn -0.6108 0.6593 -0.4384
vn -0.6440 0.6380 -0.4221
vn -0.0008 0.5531 0.8331
vn -0.0029 0.5491 0.8357
vn 0.9993 0.0382 -0.0022
vn 0.9985 0.0553 -0.0062
vn -0.0009 0.0773 0.9970
vn -0.0009 0.1303 0.9915
vn -0.0006 -0.1014 -0.9948
vn 0.0002 -0.0464 -0.9989
vn -1.0000 -0.0071 0.0016
vn -0.9996 -0.0274 0.0025
vn -0.0009 0.1308 0.9914
vn -0.0008 0.0777 0.9970
vn 0.9433 -0.2459 -0.2228
vn 0.9970 0.0466 -0.0615
vn 0.3095 0.6461 0.6977
vn -0.0048 0.8350 0.5502
vn -0.0107 -0.7241 -0.6896
vn -0.3152 -0.6936 -0.6477
vn -0.9926 0.0642 -0.1034
vn -0.9462 0.2152 0.2416
vn 0.3096 0.6456 0.6980
vn -0.0038 0.8347 0.5508
vn 0.9428 0.1172 -0.3122
vn 0.9765 0.1285 -0.1729
vn 0.0830 0.8782 0.4710
vn -0.0065 0.8171 0.5764
vn 0.0011 -0.8048 -0.5936
vn -0.1329 -0.6460 -0.7516
vn -0.9927 0.1162 0.0318
vn -0.9811 -0.1158 0.1553
vn -0.0063 0.8172 0.5763
vn 0.0834 0.8782 0.4710
vn 0.8770 0.1888 -0.4418
vn 0.8765 0.2814 -0.3905
vn 0.0502 0.8970 0.4393
vn -0.0070 0.8177 0.5756
vn -0.0031 -0.8070 -0.5905
vn -0.1400 -0.7546 -0.6411
vn -0.8866 -0.2703 0.3755
vn -0.9694 -0.0469 0.2409
vn -0.0067 0.8177 0.5755
vn 0.0503 0.8970 0.4392
vn 0.4645 0.7890 -0.4022
vn 0.5687 0.7997 0.1924
vn 0.4332 0.2015 0.8785
vn 0.0843 -0.2564 0.9629
vn -0.3692 -0.2636 -0.8912
vn -0.0974 0.2702 -0.9579
vn -0.5915 -0.7882 -0.1699
vn -0.3874 -0.8264 0.4086
vn 0.0841 -0.2565 0.9629
vn 0.4331 0.2015 0.8785
vn 0.4148 0.8904 0.1876
vn 0.3229 0.9447 0.0570
vn -0.0271 -0.1971 0.9800
vn -0.0337 -0.0508 0.9981
vn 0.0433 0.0475 -0.9979
vn 0.0042 0.2084 -0.9780
vn -0.4381 -0.8798 -0.1844
vn -0.3134 -0.9479 -0.0564
vn -0.0341 -0.0508 0.9981
vn -0.0268 -0.1968 0.9801
vn 0.1865 0.8386 0.5118
vn 0.3105 0.5489 0.7761
vn -0.0954 -0.4914 0.8657
vn 0.0127 -0.8187 0.5740
vn -0.0317 0.8226 -0.5677
vn -0.1330 0.5504 -0.8242
vn -0.3300 -0.5458 -0.7702
vn -0.4146 -0.7781 -0.4718
vn -0.0951 -0.4912 0.8658
vn 0.0125 -0.8188 0.5740
vn 0.9351 0.1580 -0.3172
vn 0.9576 0.1039 -0.2686
vn 0.0011 0.8965 0.4431
vn -0.0025 0.9373 0.3486
vn -0.0021 -0.9326 -0.3609
vn -0.0083 -0.8892 -0.4574
vn -0.9411 -0.1500 0.3030
vn -0.9616 -0.0993 0.2559
vn -0.0023 0.9372 0.3487
vn 0.0015 0.8965 0.4431
vn 0.8044 0.2491 -0.5394
vn 0.6052 0.3757 -0.7019
vn -0.0345 0.9340 0.3557
vn -0.0142 0.8925 0.4508
vn -0.0145 -0.8845 -0.4663
vn 0.0287 -0.9303 -0.3657
vn -0.6388 -0.3611 0.6793
vn -0.8111 -0.2465 0.5305
vn -0.0150 0.8925 0.4508
vn -0.0339 0.9341 0.3554
vn 0.9035 -0.2517 0.3469
vn 0.9594 0.0633 0.2748
vn 0.3173 0.9397 -0.1274
vn 0.0020 0.9704 -0.2417
vn -0.3181 -0.9388 0.1325
vn 0.0040 -0.9728 0.2315
vn -0.9560 -0.0663 -0.2859
vn -0.9065 0.2540 -0.3372
vn 0.0015 0.9704 -0.2417
vn 0.3161 0.9401 -0.1275
vn 0.8882 0.1719 0.4260
vn 0.8304 0.2421 0.5019
vn -0.0111 0.9355 -0.3531
vn -0.0003 0.9024 -0.4308
vn 0.0060 -0.9054 0.4245
vn 0.0132 -0.9393 0.3428
vn -0.8834 -0.1739 -0.4352
vn -0.8253 -0.2465 -0.5080
vn -0.0020 0.9024 -0.4309
vn -0.0084 0.9357 -0.3526
vn 0.9199 0.2012 0.3367
vn 0.9517 0.1714 0.2549
vn 0.0093 0.8467 -0.5320
vn 0.0070 0.8138 -0.5811
vn -0.0072 -0.8180 0.5751
vn -0.0023 -0.8504 0.5261
vn -0.9494 -0.1755 -0.2603
vn -0.9163 -0.2066 -0.3432
vn 0.0060 0.8470 -0.5315
vn 0.0063 0.8137 -0.5813
vn 0.8878 -0.0754 -0.4540
vn 0.8733 0.0221 -0.4866
vn 0.0416 0.9919 -0.1198
vn 0.0039 0.9985 0.0539
vn -0.0108 -0.9977 -0.0676
vn -0.1220 -0.9854 -0.1191
vn -0.9724 0.0834 0.2181
vn -0.8805 -0.0218 0.4735
vn 0.0035 0.9985 0.0540
vn 0.0417 0.9919 -0.1199
vn 0.9224 -0.0295 -0.3852
vn 0.9540 -0.0449 -0.2964
vn 0.0070 0.9978 -0.0666
vn 0.0007 0.9884 -0.1517
vn -0.0028 -0.9895 0.1447
vn -0.0119 -0.9984 0.0552
vn -0.9562 0.0435 0.2896
vn -0.9270 0.0289 0.3738
vn 0.0008 0.9884 -0.1517
vn 0.0063 0.9978 -0.0665
vn 0.8944 -0.1222 -0.4303
vn 0.8580 -0.1707 -0.4845
vn -0.0069 0.9604 -0.2785
vn -0.0115 0.9362 -0.3513
vn 0.0001 -0.9623 0.2721
vn 0.0102 -0.9377 0.3474
vn -0.8601 0.1712 0.4805
vn -0.8984 0.1190 0.4228
vn -0.0122 0.9363 -0.3510
vn -0.0077 0.9605 -0.2780
vn 0.9970 -0.0772 0.0089
vn 0.9897 -0.1425 0.0156
vn -0.0005 0.0972 0.9953
vn 0.0035 0.1342 0.9910
vn 0.0019 -0.1019 -0.9948
vn 0.0015 -0.0674 -0.9977
vn -0.9942 0.1065 -0.0111
vn -0.9843 0.1752 -0.0199
vn 0.0035 0.1341 0.9910
vn 0.8626 0.4814 -0.1554
vn 0.7777 0.5572 0.2909
vn 0.3064 -0.2597 0.9158
vn -0.0522 -0.3762 0.9251
vn -0.0535 0.5067 -0.8605
vn -0.2945 0.1837 -0.9378
vn -0.8791 -0.4318 -0.2017
vn -0.8154 -0.5650 0.1260
vn 0.3064 -0.2595 0.9159
vn -0.0522 -0.3758 0.9252
vn 0.6999 0.7005 0.1398
vn 0.7524 0.6302 0.1920
vn -0.0125 -0.1389 0.9902
vn -0.0229 -0.2683 0.9631
vn 0.0136 0.2777 -0.9606
vn -0.1832 0.4044 -0.8960
vn -0.8982 -0.4377 -0.0408
vn -0.7609 -0.6206 -0.1892
vn -0.0228 -0.2683 0.9631
vn -0.0123 -0.1389 0.9902
vn 0.6451 0.7273 0.2342
vn 0.7136 0.6024 0.3576
vn -0.0105 -0.2764 0.9610
vn -0.0084 -0.5029 0.8643
vn -0.0039 0.5132 -0.8583
vn -0.1623 0.4504 -0.8779
vn -0.7255 -0.5921 -0.3508
vn -0.8189 -0.5534 -0.1521
vn -0.0083 -0.5026 0.8645
vn -0.0108 -0.2767 0.9609
vn 0.2265 0.8164 -0.5312
vn 0.6659 0.3136 -0.6770
vn -0.1894 0.6340 0.7498
vn 0.0535 0.8978 0.4371
vn -0.1114 -0.5647 -0.8177
vn 0.0392 -0.9324 -0.3592
vn -0.5721 -0.3460 0.7437
vn -0.5465 -0.6253 0.5571
vn 0.0528 0.8977 0.4374
vn -0.1893 0.6342 0.7497
vn 0.5882 0.2220 -0.7777
vn 0.6684 0.1523 -0.7281
vn 0.0183 0.9583 0.2852
vn 0.0059 0.9780 0.2084
vn -0.0133 -0.9767 -0.2142
vn -0.0358 -0.9544 -0.2963
vn -0.6052 -0.2175 0.7658
vn -0.6750 -0.1521 0.7219
vn 0.0053 0.9778 0.2095
vn 0.0197 0.9588 0.2833
vn 0.6715 -0.0454 -0.7396
vn 0.8453 0.0166 -0.5340
vn 0.0109 0.9972 -0.0742
vn -0.0012 0.9994 0.0335
vn -0.0074 -0.9993 -0.0372
vn -0.1791 -0.9763 -0.1218
vn -0.8495 -0.0172 0.5272
vn -0.8376 0.0665 0.5423
vn 0.0119 0.9971 -0.0746
vn -0.0013 0.9994 0.0339
vn 0.7299 0.5210 0.4425
vn 0.7349 0.4740 0.4850
vn -0.0068 -0.6416 0.7670
vn -0.0016 -0.7141 0.7001
vn -0.0086 0.7216 -0.6922
vn -0.0026 0.6508 -0.7592
vn -0.7404 -0.5115 -0.4361
vn -0.7450 -0.4672 -0.4762
vn -0.0011 -0.7139 0.7003
vn -0.0070 -0.6419 0.7667
vn 0.6966 0.3816 0.6076
vn 0.5429 0.3317 0.7715
vn -0.0382 -0.8216 0.5688
vn -0.0046 -0.9071 0.4209
vn -0.0177 0.9132 -0.4071
vn 0.0307 0.8251 -0.5641
vn -0.5721 -0.3279 -0.7518
vn -0.7032 -0.3781 -0.6022
vn -0.0047 -0.9070 0.4210
vn -0.0371 -0.8206 0.5702
vn 0.6900 -0.2009 -0.6954
vn 0.7482 -0.4608 -0.4772
vn 0.2726 -0.8320 0.4831
vn 0.0005 -0.7009 0.7133
vn -0.2781 0.8235 -0.4944
vn 0.0060 0.7055 -0.7087
vn -0.7435 0.4664 0.4793
vn -0.7067 0.1883 0.6821
vn 0.0003 -0.7009 0.7132
vn 0.2725 -0.8320 0.4832
vn 0.8693 -0.4088 -0.2778
vn 0.9311 -0.3192 -0.1768
vn 0.0214 -0.5246 0.8511
vn 0.0111 -0.4574 0.8892
vn -0.0070 0.4639 -0.8859
vn -0.0149 0.5313 -0.8471
vn -0.8645 0.4154 0.2829
vn -0.9281 0.3257 0.1805
vn 0.0119 -0.4578 0.8890
vn 0.0222 -0.5249 0.8509
vn 0.7984 -0.5476 -0.2504
vn 0.7175 -0.6474 -0.2568
vn -0.0144 -0.4357 0.9000
vn -0.0052 -0.3759 0.9267
vn 0.0104 0.3794 -0.9252
vn 0.0187 0.4401 -0.8978
vn -0.7131 0.6518 0.2581
vn -0.7945 0.5520 0.2531
vn -0.0150 -0.4359 0.8999
vn -0.0047 -0.3754 0.9268
vn 0.8916 0.2959 0.3428
vn 0.7405 0.2673 0.6167
vn 0.0372 -0.7774 0.6279
vn -0.0147 -0.9136 0.4063
vn 0.0045 0.9177 -0.3972
vn -0.1113 0.8998 -0.4219
vn -0.9738 -0.1778 -0.1421
vn -0.7493 -0.2639 -0.6073
vn -0.0150 -0.9136 0.4063
vn 0.0378 -0.7772 0.6281
vn 0.5628 0.3322 0.7569
vn 0.4088 0.3672 0.8355
vn -0.0369 -0.9056 0.4225
vn -0.0309 -0.9091 0.4155
vn 0.0285 0.9096 -0.4145
vn 0.0269 0.9089 -0.4162
vn -0.4110 -0.3672 -0.8344
vn -0.5728 -0.3297 -0.7505
vn -0.0310 -0.9092 0.4152
vn -0.0367 -0.9057 0.4224
vn 0.5730 0.0962 0.8139
vn 0.6555 -0.0041 0.7552
vn 0.0128 -0.9945 0.1041
vn 0.0187 -0.9995 -0.0238
vn -0.0187 0.9947 -0.1009
vn -0.0253 0.9992 0.0297
vn -0.6620 0.0040 -0.7495
vn -0.5785 -0.0959 -0.8100
vn 0.0188 -0.9995 -0.0240
vn 0.0122 -0.9945 0.1041
vn 0.9921 -0.1255 -0.0077
vn 0.9872 -0.1584 -0.0185
vn -0.0009 -0.0479 0.9989
vn 0.0016 -0.1129 0.9936
vn 0.0033 0.1417 -0.9899
vn 0.0046 0.0769 -0.9970
vn -0.9878 0.1557 0.0077
vn -0.9821 0.1871 0.0226
vn 0.0017 -0.1126 0.9936
vn -0.0007 -0.0480 0.9988
vn 0.9995 0.0314 0.0067
vn 0.9949 0.0985 0.0238
vn 0.0011 -0.1686 0.9857
vn -0.0008 -0.2275 0.9738
vn -0.0024 0.2567 -0.9665
vn -0.0002 0.1972 -0.9804
vn -0.9975 -0.0694 -0.0161
vn -1.0000 -0.0029 -0.0025
vn 0.0013 -0.1683 0.9857
vn 0.9816 0.1907 0.0021
vn 0.9560 0.2925 -0.0230
vn -0.0074 0.0195 0.9998
vn -0.0089 0.1007 0.9949
vn 0.0010 -0.0753 -0.9972
vn 0.0031 0.0094 -1.0000
vn -0.9869 -0.1615 0.0004
vn -0.9636 -0.2668 0.0196
vn -0.0090 0.1014 0.9948
vn -0.0071 0.0200 0.9998
vn 0.9734 0.1866 -0.1329
vn 0.9991 -0.0408 0.0096
vn 0.0972 0.2765 0.9561
vn 0.0017 0.2289 0.9735
vn 0.0010 -0.1906 -0.9817
vn -0.1184 -0.0004 -0.9930
vn -0.9969 0.0766 -0.0189
vn -0.9915 0.0870 0.0971
vn 0.0017 0.2296 0.9733
vn 0.0975 0.2773 0.9558
vn 0.9998 -0.0206 -0.0001
vn 1.0000 0.0001 0.0001
vn 0.0001 0.0069 1.0000
vn -0.0001 0.0011 -1.0000
vn -0.0000 0.0013 -1.0000
vn -1.0000 0.0082 -0.0000
vn -0.9998 0.0207 0.0001
vn -0.0000 0.0069 1.0000
vn -0.0000 -0.0114 0.9999
vn 0.0001 0.0195 -0.9998
vn -1.0000 0.0081 0.0001
vn 0.7556 -0.6549 -0.0121
vn 0.9145 -0.4018 -0.0477
vn 0.1002 0.0234 0.9947
vn 0.2330 0.1337 0.9632
vn 0.2129 0.3461 -0.9137
vn 0.0088 0.1562 -0.9877
vn -0.4679 0.8766 0.1127
vn -0.6500 0.7563 0.0745
vn 0.2329 0.1341 0.9632
vn 0.8439 -0.5317 -0.0714
vn 0.1024 -0.0082 0.9947
vn 0.1010 0.2390 -0.9657
vn -0.6407 0.7620 0.0939
vn 0.8231 -0.5376 -0.1829
vn 0.7595 -0.6422 -0.1035
vn 0.1851 -0.0953 0.9781
vn 0.0486 -0.1102 0.9927
vn 0.0532 0.2116 -0.9759
vn 0.0293 0.3211 -0.9466
vn -0.6577 0.7437 0.1199
vn -0.6090 0.7635 0.2147
vn 0.1853 -0.0952 0.9781
vn 0.7916 -0.5723 -0.2143
vn 0.0315 0.3543 -0.9346
vn -0.5768 0.7774 0.2509
vn 0.7007 -0.6985 -0.1456
vn 0.6883 -0.7230 -0.0588
vn 0.0171 -0.1888 0.9819
vn -0.0476 -0.1150 0.9922
vn 0.1282 0.1454 -0.9810
vn 0.0242 0.2256 -0.9739
vn -0.6600 0.7354 0.1535
vn -0.6213 0.7813 0.0601
vn -0.0476 -0.1153 0.9922
vn 0.0174 -0.1895 0.9817
vn 0.4249 -0.7109 0.5605
vn -0.0237 0.5498 0.8350
vn 0.0382 -0.5377 -0.8423
vn -0.4128 0.7317 -0.5424
vn -0.0238 0.5498 0.8350
vn 0.6184 -0.0082 0.7858
vn 0.8028 0.2548 0.5390
vn 0.1549 0.9759 -0.1538
vn 0.0661 0.8630 -0.5008
vn 0.0301 -0.9166 0.3986
vn -0.1329 -0.9847 0.1127
vn -0.5886 -0.0434 -0.8072
vn -0.7150 -0.3017 -0.6307
vn 0.0660 0.8629 -0.5010
vn 0.1548 0.9759 -0.1541
vn 0.6987 0.2924 0.6529
vn -0.0069 0.9114 -0.4115
vn 0.0698 -0.9302 0.3603
vn -0.6344 -0.3161 -0.7054
vn -0.0068 0.9116 -0.4109
vn 0.6023 0.3153 0.7334
vn 0.0190 0.9118 -0.4102
vn 0.0070 -0.9196 0.3927
vn -0.5771 -0.3210 -0.7509
vn 0.0189 0.9119 -0.4101
vn 0.7464 0.2016 0.6342
vn 0.6825 0.3651 0.6332
vn 0.1761 0.8738 -0.4532
vn 0.0244 0.8550 -0.5181
vn 0.0267 -0.8774 0.4791
vn 0.0417 -0.9569 0.2875
vn -0.5288 -0.2840 -0.7998
vn -0.6312 -0.3875 -0.6718
vn 0.0246 0.8550 -0.5180
vn 0.1763 0.8738 -0.4531
vn 0.1650 0.8189 -0.5498
vn 0.0343 -0.9151 0.4017
vn -0.5559 -0.3666 -0.7461
vn 0.6920 0.4336 0.5772
vn 0.7065 0.4351 0.5582
vn 0.0181 0.7888 -0.6144
vn 0.0171 0.7787 -0.6271
vn 0.0146 -0.7967 0.6042
vn 0.0045 -0.8020 0.5974
vn -0.6692 -0.4467 -0.5938
vn -0.6754 -0.4534 -0.5816
vn 0.0170 0.7787 -0.6271
vn 0.8206 0.3531 0.4493
vn 0.1442 0.6889 -0.7104
vn 0.1560 -0.8601 0.4857
vn -0.5207 -0.5243 -0.6738
vn 0.1442 0.6888 -0.7105
vn 0.6378 -0.7444 -0.1974
vn 0.6330 -0.7440 -0.2139
vn 0.0143 -0.2457 0.9692
vn 0.0313 -0.2537 0.9668
vn 0.0214 0.2724 -0.9620
vn 0.0386 0.3036 -0.9520
vn -0.5633 0.7941 0.2283
vn -0.6024 0.7715 0.2047
vn 0.0312 -0.2536 0.9668
vn 0.0142 -0.2453 0.9693
vn 0.5960 -0.7676 -0.2360
vn 0.0154 -0.2829 0.9590
vn 0.0216 0.3084 -0.9510
vn -0.5586 0.7928 0.2436
vn 0.5717 -0.7785 -0.2592
vn 0.6604 -0.6582 -0.3614
vn 0.0130 -0.3077 0.9514
vn 0.1916 -0.3480 0.9177
vn 0.0704 0.5058 -0.8598
vn 0.0184 0.3271 -0.9448
vn -0.3983 0.8160 0.4190
vn -0.5407 0.7982 0.2656
vn 0.0129 -0.3073 0.9515
vn 0.1919 -0.3479 0.9177
vn 0.6606 -0.6581 -0.3613
vn 0.6335 -0.6578 -0.4073
vn 0.1918 -0.3479 0.9177
vn 0.1776 -0.4104 0.8944
vn 0.0704 0.5057 -0.8599
vn -0.3985 0.8159 0.4190
vn -0.3979 0.7916 0.4638
vn 0.1773 -0.4107 0.8944
vn 0.1917 -0.3479 0.9177
vn 0.5126 -0.7669 -0.3861
vn 0.5085 -0.7631 -0.3988
vn 0.0032 -0.4481 0.8940
vn 0.0168 -0.4547 0.8905
vn 0.0199 0.4732 -0.8807
vn 0.0161 0.4578 -0.8889
vn -0.4717 0.7814 0.4085
vn 0.0167 -0.4544 0.8907
vn 0.0032 -0.4482 0.8939
vn 0.6628 -0.6697 -0.3349
vn 0.1775 -0.3486 0.9203
vn 0.1816 0.5303 -0.8282
vn -0.3039 0.8516 0.4272
vn 0.1775 -0.3485 0.9204
vn 1.0000 0.0012 -0.0000
vn 0.9999 0.0119 -0.0000
vn -0.0001 -0.0042 1.0000
vn -0.0000 0.0158 0.9999
vn -0.0001 0.0114 -0.9999
vn -0.0000 0.0208 -0.9998
vn -0.9999 0.0153 0.0002
vn -0.9999 0.0154 -0.0000
vn 0.0001 -0.0042 1.0000
vn 0.9999 0.0169 -0.0001
vn -0.0002 0.0196 0.9998
vn -0.0000 -0.0087 -1.0000
vn 0.0001 0.0197 0.9998
vn 0.9945 0.0832 -0.0628
vn 0.9703 0.1882 -0.1518
vn -0.0049 0.6783 0.7348
vn -0.0025 0.7689 0.6394
vn -0.0045 -0.4566 -0.8897
vn -0.0062 -0.5363 -0.8440
vn -0.9950 0.0725 -0.0683
vn -0.9873 0.1240 -0.0993
vn -0.0026 0.7688 0.6394
vn -0.0049 0.6784 0.7347
vn -0.0017 0.6740 0.7387
vn -0.0046 -0.5326 -0.8464
vn -0.9976 0.0566 -0.0404
vn -0.0016 0.6738 0.7389
vn 0.9779 0.0733 -0.1957
vn 0.9960 0.0683 -0.0579
vn 0.1018 0.7376 0.6675
vn -0.0021 0.6917 0.7222
vn -0.1105 -0.5007 -0.8585
vn -0.0019 -0.6004 -0.7997
vn -0.9995 0.0229 -0.0195
vn -0.9866 0.1633 0.0046
vn -0.0020 0.6917 0.7222
vn 0.1017 0.7375 0.6676
vn 0.9781 0.0634 -0.1981
vn -0.1120 -0.5453 -0.8307
vn -0.9882 0.1527 0.0082
vn 0.1016 0.7612 0.6405
vn 0.9981 0.0449 -0.0416
vn 0.9962 0.0630 -0.0607
vn -0.0012 0.6958 0.7183
vn -0.0019 0.7274 0.6862
vn -0.0019 -0.6602 -0.7511
vn -0.0009 -0.6607 -0.7506
vn -1.0000 0.0043 -0.0041
vn -0.9999 -0.0101 0.0089
vn -0.0011 0.6957 0.7183
vn -0.0020 0.7275 0.6861
vn 0.9962 0.0630 -0.0608
vn 0.9976 0.0493 -0.0496
vn -0.0022 0.7275 0.6861
vn -0.0011 0.7260 0.6877
vn -0.0011 -0.6934 -0.7205
vn -0.0020 -0.6602 -0.7511
vn -1.0000 0.0044 -0.0042
vn -0.9997 -0.0166 0.0171
vn -0.0008 0.7259 0.6878
vn -0.0018 0.7275 0.6861
vn 0.9975 0.0491 -0.0516
vn 0.9960 0.0605 -0.0661
vn -0.0012 0.7365 0.6764
vn -0.0018 0.7627 0.6467
vn -0.0017 -0.7128 -0.7013
vn -0.0010 -0.7107 -0.7035
vn -0.9999 -0.0107 0.0116
vn -0.0021 0.7626 0.6468
vn -0.0013 0.7364 0.6766
vn 0.9975 0.0463 -0.0530
vn -0.0014 0.7652 0.6438
vn -0.0009 -0.7412 -0.6712
vn -0.9994 -0.0220 0.0257
vn -0.0006 0.7651 0.6439
vn 0.9978 0.0424 -0.0514
vn 0.9730 0.0455 -0.2262
vn -0.0008 0.7763 0.6303
vn 0.0977 0.8643 0.4933
vn -0.1146 -0.6746 -0.7293
vn -0.0009 -0.7574 -0.6530
vn -0.9993 -0.0240 0.0284
vn -0.9895 0.1444 -0.0095
vn 0.0981 0.8642 0.4934
vn -0.0007 0.7763 0.6303
vn 0.9730 0.0455 -0.2261
vn 0.9767 0.0284 -0.2129
vn 0.0979 0.8642 0.4935
vn 0.0997 0.8679 0.4866
vn -0.1141 -0.7053 -0.6996
vn -0.1145 -0.6746 -0.7292
vn -0.9909 0.1349 0.0001
vn 0.0981 0.8643 0.4934
vn 0.0998 0.8679 0.4867
vn 0.9980 0.0363 -0.0508
vn 0.9973 0.0420 -0.0606
vn -0.0006 0.8207 0.5714
vn -0.0008 0.8303 0.5574
vn -0.0006 -0.8088 -0.5881
vn -0.0006 -0.8068 -0.5908
vn -0.9993 -0.0222 0.0313
vn -0.9993 -0.0212 0.0301
vn -0.0009 0.8304 0.5572
vn 0.0005 0.8212 0.5707
vn 0.9658 0.1546 -0.2084
vn -0.0181 0.9187 0.3945
vn -0.0047 -0.6830 -0.7304
vn -0.9885 0.0812 -0.1273
vn -0.0179 0.9187 0.3944
vn 0.9996 0.0269 -0.0000
vn 0.9999 0.0137 -0.0000
vn -0.0001 0.0033 1.0000
vn -0.0000 0.0066 1.0000
vn -0.0002 0.0028 -1.0000
vn -1.0000 -0.0043 -0.0001
vn -0.9997 -0.0235 0.0001
vn 0.0002 0.0065 1.0000
vn -0.0000 0.0032 1.0000
vn -0.0000 0.0228 0.9997
vn -0.0000 -0.0167 -0.9999
vn -1.0000 0.0021 -0.0000
vn -0.0000 0.0226 0.9997
vn 0.3829 0.9207 0.0757
vn 0.0979 0.9907 0.0943
vn -0.0976 -0.0508 0.9939
vn -0.2412 0.0173 0.9703
vn -0.3044 0.2136 -0.9283
vn -0.0426 0.0899 -0.9950
vn -0.6435 -0.7637 -0.0514
vn -0.3511 -0.9353 0.0444
vn -0.0975 -0.0507 0.9939
vn -0.2413 0.0173 0.9703
vn 0.0979 0.9907 0.0942
vn 0.3397 0.9064 0.2510
vn -0.1924 0.3649 -0.9109
vn -0.3044 0.2133 -0.9284
vn -0.6436 -0.7636 -0.0513
vn -0.6579 -0.7282 -0.1924
vn -0.1270 -0.1878 0.9740
vn -0.2413 0.0174 0.9703
vn 0.4618 0.7470 0.4782
vn 0.4234 0.7547 0.5012
vn -0.0210 -0.5250 0.8508
vn -0.0625 -0.5279 0.8470
vn -0.0330 0.5693 -0.8214
vn -0.0568 0.5645 -0.8235
vn -0.5195 -0.7122 -0.4721
vn -0.5412 -0.7104 -0.4500
vn -0.0625 -0.5277 0.8471
vn -0.0305 -0.4823 0.8755
vn -0.0305 -0.4822 0.8755
vn 0.2843 0.8558 0.4323
vn 0.2141 0.9203 0.3275
vn -0.0405 -0.3256 0.9446
vn -0.0277 0.3427 -0.9390
vn -0.0210 0.4569 -0.8893
vn -0.3445 -0.8381 -0.4230
vn -0.2824 -0.9038 -0.3215
vn -0.0404 -0.3255 0.9447
vn -0.0394 -0.4399 0.8972
vn 0.1412 0.9828 0.1191
vn -0.0605 -0.1076 0.9923
vn -0.0493 0.1292 -0.9904
vn -0.2509 -0.9613 -0.1137
vn -0.0605 -0.1079 0.9923
vn 0.8096 0.0975 0.5788
vn 0.8965 -0.0366 0.4416
vn 0.0381 -0.9913 0.1261
vn -0.0064 -0.9974 -0.0719
vn -0.0238 0.9899 0.1397
vn -0.1670 0.9773 0.1301
vn -0.9331 -0.1061 -0.3437
vn -0.9272 0.0304 -0.3733
vn -0.0061 -0.9974 -0.0718
vn 0.0376 -0.9913 0.1259
vn 0.8916 0.0548 0.4495
vn 0.0587 -0.9973 0.0434
vn -0.1457 0.9663 0.2120
vn -0.9774 -0.0850 -0.1937
vn 0.0584 -0.9974 0.0432
vn 0.9702 -0.0336 0.2401
vn 0.9837 -0.0306 0.1773
vn 0.0012 -0.9892 -0.1464
vn -0.0030 -0.9882 -0.1533
vn -0.0065 0.9852 0.1712
vn -0.0054 0.9795 0.2013
vn -0.9913 0.0219 -0.1294
vn -0.0027 -0.9882 -0.1533
vn 0.0012 -0.9893 -0.1462
vn 0.9966 -0.0154 0.0807
vn 0.0001 -0.9764 -0.2160
vn -0.0026 0.9711 0.2388
vn -0.9983 0.0109 -0.0575
vn 0.0002 -0.9763 -0.2162
vn 0.9994 0.0092 -0.0346
vn 0.9990 0.0113 -0.0443
vn -0.0006 -0.9685 -0.2490
vn 0.0009 -0.9750 -0.2224
vn 0.0008 0.9676 0.2526
vn 0.0020 0.9634 0.2679
vn -0.9971 -0.0192 0.0743
vn -0.9985 -0.0141 0.0534
vn -0.0004 -0.9685 -0.2491
vn 0.0012 -0.9749 -0.2225
vn 0.9826 -0.0511 0.1784
vn -0.0026 -0.9993 -0.0376
vn 0.0110 0.9008 0.4341
vn -0.9749 -0.0471 0.2177
vn -0.0027 -0.9993 -0.0375
vn 0.1260 0.9407 -0.3150
vn -0.0086 0.5026 -0.8645
vn -0.1133 0.8685 0.4827
vn -0.1674 -0.8437 -0.5100
vn -0.2720 -0.4761 0.8363
vn -0.1899 -0.9308 0.3124
vn -0.1134 0.8685 0.4826
vn -0.0365 0.3216 0.9462
vn 0.0605 0.1138 -0.9917
vn -0.1674 -0.8438 -0.5098
vn -0.1860 -0.9727 -0.1387
vn -0.3374 -0.0947 0.9366
vn -0.2720 -0.4762 0.8362
vn -0.1134 0.8685 0.4825
vn 0.3396 0.0006 -0.9406
vn 0.2878 -0.2107 -0.9342
vn 0.0059 1.0000 0.0003
vn -0.0545 0.9710 -0.2326
vn -0.0025 -0.9762 0.2167
vn -0.3566 0.0004 0.9343
vn -0.3454 0.2092 0.9149
vn -0.0543 0.9709 -0.2333
vn 0.0055 1.0000 0.0013
vn 0.1922 -0.6099 -0.7688
vn -0.0367 0.7782 -0.6269
vn -0.0334 -0.7876 0.6152
vn -0.2617 0.6007 0.7554
vn 0.2510 -0.8965 -0.3651
vn 0.1876 -0.9319 -0.3104
vn 0.0135 0.3780 -0.9257
vn -0.0204 0.3112 -0.9501
vn 0.0001 -0.3157 0.9489
vn 0.0376 -0.3687 0.9288
vn -0.2003 0.9077 0.3687
vn -0.2080 0.9280 0.3091
vn -0.0203 0.3111 -0.9501
vn 0.0136 0.3779 -0.9258
vn 0.1877 -0.9319 -0.3103
vn 0.0006 -0.9003 -0.4353
vn -0.0202 0.3113 -0.9501
vn -0.1932 0.3893 -0.9006
vn -0.2045 -0.4630 0.8624
vn 0.0001 -0.3155 0.9489
vn -0.3984 0.8269 0.3970
vn -0.2081 0.9280 0.3090
vn -0.1933 0.3892 -0.9007
vn -0.0204 0.3110 -0.9502
vn 1.0000 0.0061 -0.0002
vn 1.0000 0.0090 -0.0002
vn -0.0002 0.0303 0.9995
vn -0.0000 0.0222 0.9998
vn 0.0001 -0.0090 -1.0000
vn -1.0000 0.0041 -0.0000
vn -1.0000 0.0023 -0.0000
vn -0.0001 0.0305 0.9995
vn 1.0000 0.0091 -0.0002
vn 0.9997 -0.0234 0.0002
vn -0.0000 0.0223 0.9998
vn -0.0000 -0.0003 -1.0000
vn -0.0000 -0.0090 -1.0000
vn -1.0000 0.0042 -0.0001
vn -0.9996 0.0283 -0.0002
vn 0.0001 0.0052 1.0000
vn 0.8106 -0.3989 -0.4287
vn 0.9180 -0.1462 -0.3688
vn -0.0116 -0.7139 0.7002
vn 0.2128 -0.7091 0.6722
vn 0.0703 0.9340 -0.3503
vn 0.0372 0.7657 -0.6421
vn -0.6258 0.3685 0.6875
vn -0.7978 0.4060 0.4457
vn -0.0119 -0.7137 0.7004
vn 0.2128 -0.7090 0.6723
vn 0.9414 -0.0983 -0.3227
vn 0.2127 -0.7091 0.6722
vn 0.2024 -0.6953 0.6896
vn -0.0222 0.8947 -0.4461
vn -0.6257 0.3686 0.6875
vn -0.7673 0.3004 0.5665
vn 0.2022 -0.6955 0.6895
vn 0.9151 -0.2172 -0.3398
vn 0.8958 -0.2253 -0.3831
vn 0.0057 -0.8390 0.5441
vn 0.0054 -0.8587 0.5125
vn 0.0340 0.8927 -0.4494
vn 0.0090 0.8559 -0.5171
vn -0.8561 0.2614 0.4458
vn -0.9000 0.2332 0.3682
vn 0.0053 -0.8587 0.5125
vn 0.0060 -0.8392 0.5438
vn 0.8137 -0.2966 -0.4999
vn 0.0009 -0.8588 0.5124
vn 0.0233 0.8766 -0.4806
vn -0.7879 0.3137 0.5300
vn 0.7495 -0.3274 -0.5753
vn 0.7845 -0.2706 -0.5579
vn 0.0101 -0.8633 0.5045
vn 0.0409 -0.8796 0.4739
vn 0.0003 0.9024 -0.4309
vn -0.7206 0.3433 0.6024
vn -0.7438 0.2916 0.6015
vn 0.0411 -0.8798 0.4735
vn 0.0101 -0.8632 0.5048
vn 0.8560 -0.1807 -0.4844
vn 0.0213 -0.9265 0.3758
vn -0.8382 0.1922 0.5104
vn 0.0210 -0.9264 0.3760
vn 0.9666 -0.0328 0.2541
vn -0.0052 -0.9937 -0.1123
vn -0.0085 0.9845 0.1749
vn -0.1328 0.9745 0.1810
vn -0.9871 -0.1020 -0.1231
vn -0.9813 0.0241 -0.1912
vn -0.0051 -0.9937 -0.1122
vn 0.0649 -0.9946 0.0805
vn 0.9593 0.0514 0.2778
vn 0.0874 -0.9940 -0.0661
vn -0.1248 0.9371 0.3260
vn -0.9942 -0.1065 -0.0169
vn 0.0874 -0.9940 -0.0660
vn 0.9992 -0.0105 0.0388
vn 0.9968 -0.0265 0.0755
vn -0.0000 -0.9610 -0.2765
vn -0.0039 -0.9615 -0.2749
vn -0.0000 0.9547 0.2976
vn 0.0005 0.9491 0.3151
vn -0.9993 0.0136 -0.0355
vn -0.9998 0.0037 -0.0177
vn -0.0041 -0.9614 -0.2752
vn 0.0009 -0.9611 -0.2762
vn 0.9829 -0.0671 0.1715
vn -0.0043 -0.9409 -0.3386
vn 0.0007 0.9340 0.3572
vn -0.9864 0.0603 -0.1528
vn -0.0035 -0.9409 -0.3386
vn 0.9697 -0.1010 0.2224
vn 0.9708 -0.1015 0.2172
vn -0.0025 -0.9167 -0.3996
vn -0.0000 -0.9068 -0.4217
vn -0.0066 0.8951 0.4458
vn -0.0017 0.9094 0.4158
vn -0.9771 0.0899 -0.1927
vn -0.9740 0.0933 -0.2064
vn -0.0022 -0.9167 -0.3996
vn -0.0001 -0.9068 -0.4216
vn 0.9165 -0.1710 0.3616
vn -0.0486 -0.9738 -0.2223
vn -0.0348 0.8099 0.5856
vn -1.0000 0.0070 0.0018
vn -0.0488 -0.9738 -0.2221
vn 0.9011 -0.1192 -0.4170
vn 0.9335 0.0304 -0.3573
vn 0.0082 -0.9583 0.2858
vn 0.1620 -0.9447 0.2851
vn -0.0176 0.9996 -0.0242
vn 0.0027 0.9644 -0.2644
vn -0.7862 0.0260 0.6174
vn -0.8899 0.1244 0.4388
vn 0.1624 -0.9447 0.2849
vn 0.0085 -0.9583 0.2856
vn 0.9335 0.0308 -0.3573
vn 0.9099 0.0638 -0.4099
vn 0.1625 -0.9447 0.2850
vn 0.1901 -0.9589 0.2105
vn -0.0446 0.9988 0.0177
vn -0.7690 -0.0226 0.6388
vn -0.7862 0.0261 0.6174
vn 0.1905 -0.9589 0.2103
vn 0.1617 -0.9446 0.2855
vn 0.9400 -0.0153 -0.3408
vn 0.7193 -0.0729 -0.6909
vn -0.0053 -0.9997 -0.0259
vn -0.0378 -0.9986 -0.0361
vn 0.0773 0.9926 0.0935
vn 0.0175 0.9988 0.0466
vn -0.9262 0.0073 0.3769
vn -0.6718 0.0681 0.7376
vn -0.0373 -0.9986 -0.0365
vn -0.0049 -0.9997 -0.0260
vn 0.6577 -0.0965 -0.7471
vn 0.1023 -0.9760 0.1921
vn -0.0752 0.9817 -0.1749
vn -0.6350 0.1002 0.7660
vn 0.1022 -0.9760 0.1924
vn 0.5045 -0.3977 0.7664
vn 0.5620 -0.1554 0.8124
vn 0.1169 0.9048 0.4094
vn 0.0379 0.9862 0.1611
vn 0.0052 -0.9819 -0.1892
vn -0.0920 -0.8953 -0.4358
vn -0.4773 0.3926 -0.7862
vn -0.5182 0.1602 -0.8401
vn 0.0378 0.9862 0.1610
vn 0.1170 0.9047 0.4096
vn 0.6700 -0.0983 0.7358
vn 0.0308 0.9940 0.1052
vn -0.0134 -0.9928 -0.1194
vn -0.6532 0.1003 -0.7505
vn 0.0313 0.9939 0.1056
vn 0.8214 -0.1551 0.5488
vn 0.7243 0.0027 0.6895
vn 0.1676 0.9839 0.0622
vn -0.0145 0.9998 0.0156
vn 0.0161 -0.9654 -0.2604
vn 0.0334 -0.9988 -0.0357
vn -0.7051 -0.0034 -0.7091
vn -0.6396 0.1749 -0.7486
vn -0.0146 0.9998 0.0153
vn 0.1672 0.9840 0.0621
vn 0.7308 -0.0019 0.6825
vn 0.1471 0.9808 -0.1279
vn 0.0444 -0.9985 -0.0320
vn 0.1465 0.9808 -0.1284
vn 0.5988 0.2257 0.7685
vn 0.6193 0.2443 0.7462
vn 0.0200 0.9456 -0.3246
vn -0.0044 -0.9496 0.3135
vn -0.0004 -0.9599 0.2805
vn -0.6039 -0.2479 -0.7576
vn -0.5853 -0.2292 -0.7778
vn 0.0134 0.9568 -0.2904
vn 0.0201 0.9458 -0.3240
vn 0.7643 0.1854 0.6176
vn 0.1512 0.9074 -0.3922
vn 0.1687 -0.9741 0.1507
vn -0.4447 -0.2525 -0.8594
vn 0.1509 0.9074 -0.3924
vn 0.8210 -0.0084 -0.5709
vn 0.8610 0.0308 -0.5077
vn -0.0001 -0.9998 0.0179
vn 0.0156 -0.9993 -0.0354
vn 0.0081 0.9972 0.0738
vn 0.0083 0.9999 -0.0057
vn -0.8371 -0.0321 0.5461
vn -0.8126 0.0090 0.5828
vn 0.0150 -0.9993 -0.0350
vn 0.0008 -0.9999 0.0173
vn 0.8822 0.0495 -0.4682
vn 0.0102 -0.9961 -0.0874
vn 0.0008 0.9943 0.1064
vn -0.8716 -0.0516 0.4875
vn 0.0120 -0.9960 -0.0884
vn 0.9471 0.1538 -0.2817
vn 0.9412 0.0670 -0.3311
vn 0.1620 -0.9846 -0.0662
vn 0.0081 -0.9842 -0.1771
vn 0.0006 0.9796 0.2012
vn -0.0421 0.9493 0.3114
vn -0.8282 -0.1901 0.5272
vn -0.9321 -0.0714 0.3552
vn 0.0083 -0.9841 -0.1772
vn 0.1633 -0.9843 -0.0665
vn 0.9830 0.1413 -0.1170
vn 0.1455 -0.9809 -0.1289
vn -0.0725 0.9259 0.3707
vn -0.9124 -0.1962 0.3593
vn 0.1450 -0.9810 -0.1288
vn 0.9911 0.0369 -0.1276
vn 0.9911 0.0395 -0.1274
vn 0.0017 -0.9620 -0.2732
vn -0.0011 -0.9522 -0.3054
vn 0.0034 0.9469 0.3216
vn -0.0008 0.9592 0.2829
vn -0.9897 -0.0401 0.1371
vn -0.9886 -0.0445 0.1436
vn -0.0011 -0.9522 -0.3055
vn 0.0014 -0.9620 -0.2730
vn 0.9997 -0.0130 0.0216
vn 0.0293 -0.9955 -0.0903
vn 0.0417 0.8813 0.4707
vn -0.9281 -0.1010 0.3585
vn 0.0290 -0.9955 -0.0901
vn 0.9987 -0.0502 -0.0001
vn 0.9991 -0.0414 -0.0006
vn -0.0002 -0.0004 1.0000
vn 0.0004 -0.0149 0.9999
vn 0.0001 0.0014 -1.0000
vn -0.0003 0.0176 -0.9998
vn -0.9990 0.0441 0.0007
vn -0.9987 0.0513 0.0001
vn -0.0001 -0.0004 1.0000
vn 0.9992 -0.0395 -0.0014
vn -0.0003 -0.0414 0.9991
vn 0.0003 0.0435 -0.9991
vn -0.9991 0.0416 0.0015
vn -0.0002 -0.0413 0.9991
vn 0.9059 -0.4047 0.1252
vn 0.9457 -0.3247 0.0118
vn 0.0728 0.4210 0.9042
vn 0.2588 0.5199 0.8141
vn 0.0675 -0.0847 -0.9941
vn 0.0824 -0.2084 -0.9746
vn -0.6195 0.7623 -0.1873
vn -0.7553 0.6159 -0.2240
vn 0.0729 0.4209 0.9042
vn 0.9456 -0.3252 0.0118
vn 0.9197 -0.3916 0.0289
vn 0.2588 0.5196 0.8143
vn 0.1896 0.4213 0.8869
vn 0.0210 -0.1172 -0.9929
vn 0.0676 -0.0849 -0.9941
vn -0.6196 0.7622 -0.1872
vn -0.7068 0.6942 -0.1362
vn 0.1897 0.4210 0.8870
vn 0.2587 0.5199 0.8141
vn 0.8115 -0.5467 0.2063
vn 0.8043 -0.5496 0.2258
vn 0.0058 0.3597 0.9331
vn 0.0217 0.4046 0.9142
vn 0.0264 -0.3484 -0.9370
vn 0.0167 -0.3323 -0.9430
vn -0.7559 0.6057 -0.2486
vn -0.7890 0.5748 -0.2169
vn 0.0217 0.4047 0.9142
vn 0.0062 0.3600 0.9329
vn 0.7809 -0.5692 0.2574
vn 0.0090 0.4217 0.9067
vn 0.0138 -0.3962 -0.9181
vn -0.7578 0.5947 -0.2686
vn 0.7604 -0.5820 0.2882
vn 0.8267 -0.5243 0.2040
vn 0.1473 0.5259 0.8377
vn 0.0563 -0.3312 -0.9419
vn 0.0142 -0.4296 -0.9029
vn -0.7399 0.6027 -0.2989
vn -0.6271 0.7126 -0.3145
vn 0.1473 0.5262 0.8375
vn 0.0067 0.4501 0.8929
vn 0.8265 -0.5246 0.2041
vn 0.8813 -0.3694 0.2948
vn 0.1471 0.5263 0.8375
vn 0.1025 0.8414 0.5307
vn 0.0638 -0.7223 -0.6886
vn 0.0564 -0.3313 -0.9418
vn -0.7193 0.5139 -0.4675
vn -0.6272 0.7126 -0.3145
vn 0.1472 0.5263 0.8375
vn 0.9972 -0.0431 -0.0604
vn 0.9523 -0.0352 -0.3031
vn -0.0045 0.9981 -0.0618
vn -0.0108 0.9881 -0.1535
vn 0.0002 -0.9945 0.1045
vn -0.0121 -0.9995 0.0286
vn -0.9988 0.0362 0.0343
vn -0.9639 0.0302 0.2647
vn -0.0032 0.9981 -0.0620
vn 0.9815 -0.0197 -0.1904
vn -0.0009 0.9985 -0.0554
vn -0.0069 -1.0000 0.0017
vn -0.9907 0.0153 0.1351
vn -0.0005 0.9985 -0.0554
vn 0.9973 -0.0067 -0.0737
vn -0.0022 0.9970 -0.0778
vn -0.9989 0.0066 0.0475
vn -0.0021 0.9970 -0.0779
vn 0.9889 -0.0183 -0.1473
vn 0.9865 -0.0284 -0.1614
vn -0.0028 0.9910 -0.1342
vn -0.0026 0.9825 -0.1865
vn -0.0042 -0.9888 0.1489
vn -0.0003 -0.9934 0.1151
vn -0.9916 0.0150 0.1282
vn -0.9921 0.0215 0.1236
vn -0.0025 0.9824 -0.1866
vn -0.0037 0.9909 -0.1344
vn 0.9901 -0.0332 -0.1364
vn -0.0011 0.9694 -0.2454
vn -0.0017 -0.9740 0.2265
vn -0.9927 0.0287 0.1173
vn -0.0025 0.9694 -0.2453
vn 0.9548 -0.1846 -0.2330
vn 0.9857 -0.0528 -0.1597
vn 0.0856 0.8941 -0.4397
vn -0.0033 0.9445 -0.3284
vn -0.0020 -0.9523 0.3051
vn -0.1252 -0.9757 0.1798
vn -0.9943 0.1033 -0.0270
vn -0.9896 0.0451 0.1363
vn -0.0022 0.9445 -0.3285
vn 0.9383 -0.0961 -0.3323
vn -0.0360 0.8762 -0.4805
vn -0.0248 -0.9950 0.0967
vn -0.9984 -0.0220 -0.0514
vn -0.0363 0.8763 -0.4804
vn 0.7043 -0.5932 0.3900
vn 0.6966 -0.5716 0.4335
vn 0.0054 0.5535 0.8328
vn 0.0078 0.6104 0.7920
vn 0.0292 -0.5818 -0.8128
vn -0.6592 0.5988 -0.4549
vn -0.6858 0.6078 -0.4004
vn 0.0080 0.6103 0.7921
vn 0.0055 0.5537 0.8327
vn 0.7346 -0.4830 0.4766
vn 0.0251 0.7289 0.6841
vn -0.0083 -0.7192 -0.6948
vn -0.7189 0.4953 -0.4876
vn 0.0246 0.7295 0.6836
vn 0.8356 -0.3411 0.4306
vn 0.7164 -0.4922 0.4944
vn 0.0491 0.8259 0.5617
vn -0.0870 0.7060 0.7029
vn 0.1159 -0.6846 -0.7197
vn -0.0219 -0.8012 -0.5980
vn -0.6807 0.5133 -0.5226
vn -0.8076 0.3632 -0.4647
vn 0.0492 0.8259 0.5617
vn -0.0870 0.7059 0.7029
vn 0.4845 -0.6442 0.5918
vn 0.0071 0.6951 0.7188
vn -0.0075 -0.6948 -0.7192
vn -0.4874 0.6441 -0.5895
vn 0.7256 -0.0669 -0.6848
vn 0.7162 -0.1072 -0.6896
vn 0.2019 -0.9459 0.2541
vn -0.0285 -0.9916 0.1264
vn 0.0555 0.9935 -0.0998
vn 0.0062 0.9940 -0.1089
vn -0.6890 0.1129 0.7159
vn -0.5265 0.1173 0.8420
vn -0.0283 -0.9916 0.1265
vn 0.2014 -0.9459 0.2545
vn 0.7202 0.0151 -0.6936
vn 0.1854 -0.9719 0.1450
vn 0.0225 0.9996 0.0173
vn -0.5143 0.0126 0.8575
vn 0.1854 -0.9720 0.1447
vn 0.7049 -0.0580 -0.7070
vn 0.7159 -0.0068 -0.6982
vn 0.0095 -0.9958 0.0911
vn 0.0080 -0.9998 0.0190
vn 0.0094 1.0000 -0.0023
vn -0.0007 0.9966 -0.0818
vn -0.6959 0.0581 0.7158
vn -0.6989 0.0085 0.7152
vn 0.0075 -0.9998 0.0195
vn 0.0106 -0.9959 0.0897
vn 0.7181 0.0536 -0.6939
vn 0.0084 -0.9976 -0.0686
vn 0.0008 0.9969 0.0788
vn -0.7084 -0.0549 0.7037
vn 0.0095 -0.9975 -0.0695
vn 0.7285 0.1084 -0.6764
vn 0.7210 0.1218 -0.6822
vn -0.0017 -0.9869 -0.1615
vn 0.0005 -0.9846 -0.1750
vn 0.0102 0.9825 0.1861
vn 0.0069 0.9860 0.1666
vn -0.7232 -0.1100 0.6818
vn -0.7101 -0.1230 0.6933
vn 0.0004 -0.9846 -0.1749
vn -0.0025 -0.9870 -0.1605
vn 0.8413 0.0794 -0.5346
vn 0.1372 -0.9905 -0.0044
vn 0.1438 0.9459 0.2909
vn -0.5598 -0.1246 0.8192
vn 0.1383 -0.9904 -0.0054
vn 0.7091 -0.5151 0.4815
vn 0.6123 -0.4317 0.6623
vn 0.1755 0.7738 0.6087
vn 0.0177 0.8448 0.5348
vn 0.0447 -0.6681 -0.7427
vn 0.0197 -0.8290 -0.5589
vn -0.5743 0.4472 -0.6857
vn -0.4885 0.6200 -0.6140
vn 0.0179 0.8448 0.5348
vn 0.6906 -0.4352 0.5777
vn 0.1599 0.8596 0.4853
vn 0.0470 -0.7839 -0.6191
vn -0.4832 0.5116 -0.7105
vn 0.1605 0.8591 0.4860
vn 0.5973 -0.3249 0.7333
vn 0.5890 -0.2678 0.7625
vn 0.0041 0.9443 0.3289
vn 0.0177 -0.9390 -0.3434
vn 0.0043 -0.9130 -0.4079
vn -0.5673 0.2727 -0.7771
vn -0.5861 0.3278 -0.7410
vn 0.0071 0.9161 0.4008
vn 0.0040 0.9444 0.3288
vn 0.5462 -0.2024 0.8128
vn -0.0021 0.9699 0.2435
vn 0.0102 -0.9685 -0.2488
vn -0.5381 0.2044 -0.8178
vn -0.0013 0.9697 0.2442
vn 0.5305 -0.1234 0.8387
vn 0.5437 -0.1008 0.8332
vn 0.0125 0.9903 0.1381
vn 0.0136 0.9936 0.1119
vn 0.0016 -0.9926 -0.1214
vn -0.5286 0.1023 -0.8427
vn -0.5182 0.1225 -0.8464
vn 0.0138 0.9936 0.1124
vn 0.0120 0.9905 0.1372
vn 0.6963 -0.0961 0.7113
vn 0.1644 0.9859 0.0303
vn 0.1777 -0.9532 -0.2447
vn -0.3549 0.1287 -0.9260
vn 0.1641 0.9860 0.0300
vn 0.9987 -0.0517 -0.0016
vn 0.9996 -0.0297 -0.0009
vn -0.0001 -0.0353 0.9994
vn 0.0003 -0.0100 1.0000
vn -0.0001 0.0203 -0.9998
vn 0.0001 0.0391 -0.9992
vn -0.9985 0.0552 0.0019
vn -0.9992 0.0399 0.0011
vn 0.0003 -0.0101 0.9999
vn 0.0001 -0.0356 0.9994
vn 0.9999 0.0155 0.0002
vn -0.0000 -0.0074 1.0000
vn -0.0000 0.0139 -0.9999
vn 0.0001 -0.0075 1.0000
vn 0.7839 0.4144 -0.4624
vn 0.5734 0.3951 -0.7177
vn -0.0579 0.7788 0.6246
vn -0.0984 0.9357 0.3388
vn -0.2281 -0.7032 -0.6734
vn 0.0094 -0.7132 -0.7009
vn -0.8211 -0.3880 0.4186
vn -0.9066 -0.1656 0.3882
vn -0.0577 0.7789 0.6245
vn 0.5735 0.3951 -0.7177
vn 0.6856 0.3671 -0.6286
vn -0.0985 0.9357 0.3389
vn -0.0102 0.8919 0.4522
vn -0.2116 -0.6933 -0.6888
vn -0.2282 -0.7032 -0.6734
vn -0.9048 -0.1657 0.3923
vn -0.9066 -0.1657 0.3882
vn -0.0100 0.8919 0.4522
vn -0.0985 0.9357 0.3388
vn 0.7986 0.3434 -0.4943
vn 0.7691 0.3370 -0.5431
vn -0.0249 0.8659 0.4995
vn -0.0058 -0.8166 -0.5771
vn -0.0158 -0.8382 -0.5452
vn -0.8104 -0.3090 0.4978
vn -0.8176 -0.3287 0.4727
vn -0.0251 0.8661 0.4993
vn -0.0130 0.8314 0.5554
vn 0.7606 0.3194 -0.5653
vn -0.0124 0.8783 0.4780
vn -0.0111 -0.8638 -0.5036
vn -0.7843 -0.3047 0.5404
vn -0.0127 0.8781 0.4783
vn 0.7481 0.2959 -0.5940
vn 0.6233 0.2111 -0.7529
vn -0.0134 0.9013 0.4331
vn -0.0207 0.9741 0.2250
vn -0.1823 -0.8845 -0.4295
vn -0.0063 -0.8917 -0.4525
vn -0.8270 -0.1211 0.5490
vn -0.7674 -0.2859 0.5738
vn -0.0128 0.9015 0.4325
vn -0.0210 0.9741 0.2250
vn 0.6234 0.2112 -0.7529
vn 0.6165 0.1752 -0.7676
vn -0.0209 0.9741 0.2251
vn -0.0129 0.9819 0.1890
vn -0.1747 -0.9115 -0.3724
vn -0.1824 -0.8845 -0.4294
vn -0.8271 -0.1211 0.5489
vn -0.8045 -0.1040 0.5848
vn -0.0130 0.9819 0.1890
vn -0.0210 0.9741 0.2251
vn 0.9867 -0.0094 0.1622
vn 0.9880 -0.0084 0.1544
vn -0.0095 0.9875 0.1576
vn 0.0156 0.9988 -0.0460
vn -0.0069 -1.0000 -0.0059
vn 0.0157 -0.9844 -0.1752
vn -0.9784 0.0117 -0.2066
vn -0.9843 0.0069 -0.1762
vn 0.0155 0.9988 -0.0461
vn -0.0099 0.9875 0.1576
vn 0.9993 -0.0006 0.0373
vn -0.0013 1.0000 0.0007
vn 0.0018 -0.9997 -0.0244
vn -0.9982 0.0007 -0.0602
vn -0.0014 1.0000 0.0008
vn 0.9980 0.0032 0.0629
vn 0.9975 0.0084 0.0704
vn 0.0016 0.9976 -0.0698
vn 0.0006 0.9931 -0.1175
vn 0.0027 -0.9967 0.0810
vn 0.0005 -0.9987 0.0511
vn -0.9967 -0.0052 -0.0816
vn -0.9942 -0.0124 -0.1069
vn -0.0000 0.9931 -0.1175
vn 0.0006 0.9976 -0.0698
vn 0.9975 0.0083 0.0705
vn 0.9910 0.0226 0.1319
vn 0.0005 0.9931 -0.1176
vn -0.0006 0.9867 -0.1628
vn 0.0014 -0.9893 0.1456
vn 0.0031 -0.9967 0.0810
vn -0.9885 -0.0244 -0.1490
vn -0.9942 -0.0126 -0.1070
vn 0.0004 0.9931 -0.1175
vn 0.0007 0.9867 -0.1626
vn 0.9941 -0.0963 0.0499
vn 0.9888 0.0350 0.1454
vn 0.1265 0.9349 -0.3316
vn 0.0037 0.9672 -0.2540
vn -0.0002 -0.9730 0.2309
vn -0.0821 -0.9944 0.0671
vn -0.9486 0.0374 -0.3142
vn -0.9849 -0.0407 -0.1685
vn 0.0028 0.9671 -0.2543
vn 0.9987 -0.0038 -0.0500
vn 0.0246 0.9116 -0.4104
vn 0.0384 -0.9991 0.0188
vn -0.9361 -0.0838 -0.3417
vn 0.0242 0.9116 -0.4103
vn 0.6956 0.2115 -0.6866
vn 0.6690 0.1747 -0.7224
vn -0.0122 0.9587 0.2840
vn -0.0190 0.9757 0.2183
vn -0.0050 -0.9539 -0.2999
vn -0.0132 -0.9690 -0.2469
vn -0.7006 -0.1678 0.6935
vn -0.7127 -0.2066 0.6703
vn -0.0188 0.9757 0.2182
vn -0.0116 0.9590 0.2832
vn 0.6545 0.1333 -0.7442
vn -0.0128 0.9863 0.1647
vn -0.0063 -0.9832 -0.1823
vn -0.6740 -0.1301 0.7272
vn -0.0134 0.9861 0.1653
vn 0.6346 0.0811 -0.7686
vn 0.6288 0.0181 -0.7774
vn -0.0106 0.9952 0.0970
vn -0.0073 0.9998 0.0165
vn -0.0196 -0.9990 -0.0396
vn -0.6560 -0.0176 0.7546
vn -0.6499 -0.0802 0.7558
vn -0.0105 0.9952 0.0969
vn -0.0074 0.9998 0.0166
vn 0.6572 -0.0563 -0.7516
vn -0.0065 0.9968 -0.0794
vn -0.0118 -0.9977 0.0667
vn -0.6737 0.0565 0.7369
vn -0.0054 0.9967 -0.0805
vn 0.6706 -0.1267 -0.7309
vn 0.5532 -0.2661 -0.7894
vn -0.0096 0.9838 -0.1792
vn -0.0412 0.9293 -0.3670
vn -0.1674 -0.9685 0.1844
vn 0.0016 -0.9849 0.1731
vn -0.7616 0.2264 0.6072
vn -0.6780 0.1249 0.7244
vn -0.0409 0.9294 -0.3669
vn 0.5531 -0.2660 -0.7895
vn 0.4964 -0.1415 -0.8565
vn -0.0413 0.9295 -0.3666
vn -0.1541 0.9437 -0.2926
vn -0.1671 -0.9686 0.1842
vn -0.1509 -0.9881 0.0285
vn -0.8006 0.0973 0.5912
vn -0.7618 0.2257 0.6073
vn -0.1528 0.9436 -0.2936
vn -0.0424 0.9297 -0.3659
vn 0.9987 0.0503 0.0007
vn 0.9986 0.0524 -0.0003
vn -0.0003 -0.0094 1.0000
vn -0.0003 0.0176 0.9998
vn -0.0009 0.0071 -1.0000
vn -0.0003 0.0205 -0.9998
vn -0.9992 -0.0390 -0.0005
vn -0.9996 -0.0277 -0.0000
vn -0.0002 0.0177 0.9998
vn -0.0002 -0.0094 1.0000
vn 0.9986 0.0538 -0.0018
vn -0.0000 -0.0336 -0.9994
vn -0.9992 -0.0396 0.0013
vn -0.0005 0.0478 0.9989
vn 0.8887 0.4023 0.2198
vn 0.8105 0.5499 0.2016
vn -0.0335 -0.3461 0.9376
vn 0.0130 -0.2274 0.9737
vn -0.1981 0.6973 -0.6888
vn -0.0468 0.5682 -0.8216
vn -0.9811 -0.1765 -0.0787
vn -0.9939 -0.0761 0.0804
vn 0.0131 -0.2273 0.9737
vn -0.0334 -0.3460 0.9376
vn 0.8106 0.5499 0.2016
vn 0.8677 0.4770 0.1396
vn 0.0130 -0.2273 0.9737
vn 0.0391 -0.2694 0.9622
vn -0.1577 0.5998 -0.7845
vn -0.1979 0.6974 -0.6888
vn -0.9885 -0.1467 0.0378
vn -0.9938 -0.0762 0.0804
vn 0.0391 -0.2690 0.9623
vn 0.9413 0.2903 0.1724
vn 0.8786 0.4508 0.1575
vn -0.0053 -0.4969 0.8678
vn 0.0490 -0.3685 0.9283
vn -0.0051 0.5233 -0.8521
vn -0.1491 0.6135 -0.7755
vn -0.9787 -0.2051 -0.0049
vn -0.9518 -0.2639 -0.1565
vn 0.0490 -0.3683 0.9284
vn -0.0049 -0.4969 0.8678
vn 0.0491 -0.3683 0.9284
vn -0.1440 0.6168 -0.7738
vn -0.1492 0.6134 -0.7755
vn -0.9786 -0.2057 -0.0049
vn -0.9735 -0.2274 -0.0234
vn 0.0544 -0.4048 0.9128
vn 0.0489 -0.3683 0.9284
vn 0.9337 0.2935 0.2052
vn 0.9237 0.2998 0.2386
vn -0.0051 -0.5612 0.8276
vn -0.0034 -0.5675 0.8233
vn -0.0156 0.6124 -0.7904
vn -0.0036 0.5811 -0.8138
vn -0.9456 -0.2562 -0.2007
vn -0.9425 -0.2740 -0.1912
vn -0.0052 -0.5611 0.8277
vn -0.0033 -0.5676 0.8233
vn 0.9965 -0.0446 -0.0712
vn -0.0633 -0.7848 0.6165
vn 0.0490 0.7881 -0.6137
vn -0.9959 0.0581 0.0693
vn -0.0632 -0.7848 0.6165
vn 0.6713 -0.5895 -0.4492
vn 0.6432 -0.6696 -0.3713
vn -0.0385 -0.6424 0.7654
vn 0.0735 -0.4303 0.8997
vn -0.0017 0.4783 -0.8782
vn 0.0445 0.6427 -0.7648
vn -0.5681 0.7235 0.3923
vn -0.6856 0.5863 0.4314
vn 0.0736 -0.4304 0.8996
vn -0.0385 -0.6428 0.7650
vn 0.7084 -0.5713 -0.4146
vn 0.0271 -0.5794 0.8146
vn -0.0063 0.5944 -0.8042
vn -0.6900 0.5858 0.4252
vn 0.0272 -0.5795 0.8145
vn 0.6954 -0.5360 -0.4787
vn -0.0193 -0.6811 0.7319
vn 0.0284 0.6887 -0.7245
vn -0.6850 0.5436 0.4850
vn -0.0192 -0.6813 0.7318
vn 0.7475 -0.4304 -0.5060
vn 0.6359 -0.5909 -0.4965
vn 0.1743 -0.6300 0.7568
vn 0.0097 -0.6375 0.7704
vn 0.0164 0.6532 -0.7570
vn 0.0347 0.7681 -0.6394
vn -0.6100 0.6065 0.5099
vn -0.5380 0.5683 0.6225
vn 0.1744 -0.6301 0.7567
vn 0.0099 -0.6380 0.7700
vn 0.6933 -0.4777 -0.5396
vn 0.0440 0.7608 -0.6475
vn -0.4846 0.5960 0.6403
vn 0.1641 -0.6422 0.7487
vn 0.5556 -0.6377 -0.5335
vn 0.5548 -0.6362 -0.5362
vn 0.0008 -0.6411 0.7675
vn 0.0131 -0.6375 0.7703
vn 0.0051 0.6469 -0.7625
vn 0.0110 0.6471 -0.7623
vn -0.5366 0.6453 0.5437
vn -0.5440 0.6433 0.5387
vn 0.0131 -0.6376 0.7703
vn 0.0013 -0.6422 0.7666
vn 0.7140 -0.5379 -0.4482
vn 0.1640 -0.5442 0.8228
vn 0.1722 0.7160 -0.6765
vn -0.3772 0.7099 0.5948
vn 0.1641 -0.5442 0.8228
vn 0.9255 0.2924 0.2408
vn 0.9188 0.2978 0.2589
vn -0.0047 -0.6265 0.7794
vn -0.0084 -0.6403 0.7680
vn -0.0079 0.6704 -0.7420
vn -0.0037 0.6420 -0.7667
vn -0.9334 -0.2770 -0.2279
vn -0.9350 -0.2677 -0.2328
vn -0.0086 -0.6404 0.7680
vn -0.0046 -0.6265 0.7794
vn 0.9205 0.2883 0.2639
vn -0.0050 -0.6671 0.7450
vn -0.0035 0.6808 -0.7325
vn -0.9282 -0.2745 -0.2513
vn -0.0047 -0.6670 0.7450
vn 0.9176 0.2853 0.2767
vn 0.8496 0.4366 0.2959
vn -0.0038 -0.6893 0.7245
vn 0.0399 -0.5810 0.8130
vn -0.1519 0.7664 -0.6241
vn -0.0029 0.7007 -0.7135
vn -0.9243 -0.2745 -0.2653
vn -0.9619 -0.2515 -0.1075
vn 0.0395 -0.5807 0.8132
vn -0.0035 -0.6892 0.7246
vn 0.8494 0.4369 0.2959
vn 0.8528 0.4229 0.3064
vn 0.0399 -0.5812 0.8128
vn 0.0431 -0.6172 0.7856
vn -0.1464 0.7783 -0.6106
vn -0.1521 0.7667 -0.6237
vn -0.9563 -0.2612 -0.1317
vn -0.9623 -0.2501 -0.1072
vn 0.0435 -0.6173 0.7856
vn 0.0387 -0.5809 0.8130
vn 0.9106 0.2661 0.3163
vn 0.9111 0.2626 0.3177
vn -0.0014 -0.7622 0.6473
vn -0.0033 -0.7656 0.6433
vn -0.0041 0.7714 -0.6364
vn -0.0055 0.7796 -0.6263
vn -0.9206 -0.2487 -0.3011
vn -0.9169 -0.2569 -0.3055
vn -0.0030 -0.7657 0.6432
vn -0.0017 -0.7623 0.6472
vn 0.8145 0.3668 0.4496
vn -0.0890 -0.6335 0.7686
vn -0.0757 0.8715 -0.4846
vn -0.9778 -0.1292 -0.1652
vn -0.0885 -0.6330 0.7691
vn 0.9982 0.0598 -0.0022
vn 0.9992 0.0398 -0.0013
vn -0.0005 0.0467 0.9989
vn -0.0003 0.0371 0.9993
vn -0.0002 0.0030 -1.0000
vn -0.0003 -0.0298 -0.9996
vn -1.0000 0.0007 0.0002
vn -0.9991 -0.0429 0.0016
vn -0.0002 0.0371 0.9993
vn 0.9998 -0.0223 0.0009
vn -0.0000 0.0359 0.9994
vn 0.0003 -0.0132 -0.9999
vn -0.0000 0.0360 0.9994
vn 0.8263 -0.5081 -0.2431
vn 0.8906 -0.3328 -0.3098
vn 0.0167 -0.4085 0.9126
vn 0.2371 -0.3841 0.8923
vn 0.1016 0.7174 -0.6892
vn 0.0769 0.5157 -0.8533
vn -0.5476 0.6624 0.5112
vn -0.7454 0.5930 0.3046
vn 0.2373 -0.3841 0.8923
vn 0.0169 -0.4087 0.9125
vn 0.8906 -0.3330 -0.3098
vn 0.8841 -0.3462 -0.3140
vn 0.2373 -0.3840 0.8923
vn 0.2068 -0.3860 0.8990
vn 0.1019 0.7174 -0.6892
vn -0.6542 0.6085 0.4492
vn -0.5474 0.6625 0.5113
vn 0.2070 -0.3861 0.8989
vn 0.2373 -0.3843 0.8922
vn 0.7791 -0.5414 -0.3161
vn 0.8462 -0.3864 -0.3668
vn 0.0059 -0.4979 0.8672
vn 0.1805 -0.4791 0.8590
vn 0.0162 0.6755 -0.7372
vn 0.0121 0.5167 -0.8561
vn -0.7610 0.5601 0.3274
vn -0.6491 0.5831 0.4884
vn 0.1805 -0.4795 0.8588
vn 0.0062 -0.4980 0.8672
vn 0.8461 -0.3867 -0.3669
vn 0.8307 -0.3969 -0.3904
vn 0.1804 -0.4791 0.8590
vn 0.1711 -0.5137 0.8407
vn 0.0062 0.6844 -0.7291
vn 0.0160 0.6754 -0.7373
vn -0.6529 0.5678 0.5013
vn -0.6496 0.5827 0.4884
vn 0.1807 -0.4797 0.8586
vn 0.1711 -0.5136 0.8408
vn 0.7547 -0.5375 -0.3761
vn 0.7565 -0.5097 -0.4097
vn 0.0067 -0.5671 0.8236
vn 0.0353 -0.5935 0.8040
vn 0.0031 0.6267 -0.7793
vn 0.0096 0.5821 -0.8130
vn -0.7383 0.5524 0.3869
vn -0.7177 0.5438 0.4350
vn 0.0354 -0.5937 0.8039
vn 0.0066 -0.5672 0.8235
vn 0.8674 -0.3103 -0.3891
vn 0.0659 -0.7534 0.6542
vn -0.0333 0.7771 -0.6285
vn -0.8459 0.3353 0.4148
vn 0.0658 -0.7534 0.6543
vn 0.9688 -0.0871 -0.2322
vn 0.9801 -0.0162 -0.1978
vn -0.0114 -0.9997 0.0199
vn -0.0086 0.9677 -0.2521
vn 0.0184 0.9998 0.0075
vn -0.9724 0.0197 0.2324
vn -0.9694 0.0878 0.2294
vn 0.0080 -0.9667 0.2557
vn 0.9424 -0.0488 -0.3310
vn 0.0047 -0.9913 0.1313
vn 0.0091 0.9961 -0.0875
vn -0.9265 0.0541 0.3725
vn 0.0046 -0.9913 0.1314
vn 0.9374 -0.0609 -0.3429
vn 0.0172 -0.9771 0.2122
vn -0.0068 0.9816 -0.1907
vn -0.9286 0.0661 0.3652
vn 0.9710 0.0806 -0.2252
vn 0.9419 -0.0270 -0.3348
vn 0.1480 -0.9664 0.2102
vn 0.0054 -0.9954 0.0956
vn 0.0053 0.9978 -0.0667
vn -0.0526 0.9975 0.0461
vn -0.8750 -0.0484 0.4816
vn -0.9310 0.0289 0.3639
vn 0.0065 -0.9954 0.0952
vn 0.1470 -0.9664 0.2107
vn 0.9680 0.1006 -0.2299
vn 0.1498 -0.9802 0.1293
vn -0.0574 0.9918 0.1144
vn -0.8760 -0.0878 0.4742
vn 0.1500 -0.9802 0.1291
vn 0.9375 0.0009 -0.3480
vn 0.9349 0.0059 -0.3548
vn -0.0014 -1.0000 -0.0058
vn 0.0039 -1.0000 -0.0088
vn 0.0057 0.9998 0.0171
vn 0.0042 0.9996 0.0275
vn -0.9275 -0.0063 0.3737
vn -0.9333 -0.0012 0.3592
vn 0.0035 -1.0000 -0.0087
vn -0.0004 -1.0000 -0.0063
vn 0.9350 0.0052 -0.3547
vn 0.9866 -0.0058 -0.1628
vn 0.0028 -1.0000 -0.0085
vn 0.0672 -0.9800 0.1874
vn 0.0782 0.9786 0.1901
vn 0.0043 0.9996 0.0276
vn -0.9275 -0.0071 0.3737
vn -0.8417 0.0044 0.5399
vn 0.0659 -0.9800 0.1880
vn 0.0048 -0.9999 -0.0091
vn 0.7308 -0.5234 -0.4381
vn 0.7300 -0.5100 -0.4550
vn 0.0057 -0.6372 0.7707
vn 0.0121 -0.6561 0.7546
vn 0.0142 0.6765 -0.7363
vn 0.0083 0.6482 -0.7614
vn -0.7035 0.5303 0.4731
vn -0.7171 0.5345 0.4473
vn 0.0058 -0.6372 0.7707
vn 0.0123 -0.6563 0.7544
vn 0.7195 -0.5036 -0.4782
vn 0.0067 -0.6831 0.7303
vn 0.0074 0.6937 -0.7202
vn -0.7051 0.5143 0.4881
vn 0.0072 -0.6833 0.7301
vn 0.7145 -0.4907 -0.4987
vn 0.7926 -0.3259 -0.5154
vn 0.0052 -0.7095 0.7047
vn 0.1798 -0.7074 0.6835
vn 0.0251 0.8440 -0.5358
vn 0.0067 0.7174 -0.6966
vn -0.5885 0.4626 0.6631
vn -0.7030 0.4985 0.5073
vn 0.0053 -0.7101 0.7041
vn 0.7928 -0.3254 -0.5153
vn 0.7813 -0.3112 -0.5410
vn 0.1797 -0.7074 0.6836
vn 0.1731 -0.7431 0.6464
vn 0.0248 0.8441 -0.5356
vn 0.0144 0.8620 -0.5068
vn -0.5933 0.4307 0.6801
vn -0.5886 0.4626 0.6630
vn 0.1733 -0.7430 0.6465
vn 0.6986 -0.4349 -0.5682
vn 0.6945 -0.4306 -0.5764
vn -0.0003 -0.7941 0.6078
vn 0.0056 -0.7979 0.6028
vn 0.0091 0.8065 -0.5912
vn 0.0082 0.7991 -0.6012
vn -0.6903 0.4396 0.5746
vn -0.6794 0.4392 0.5878
vn 0.0053 -0.7976 0.6032
vn -0.0002 -0.7941 0.6078
vn 0.8211 -0.3500 -0.4509
vn 0.1425 -0.6924 0.7073
vn 0.1499 0.8613 -0.4854
vn -0.5284 0.5186 0.6722
vn 0.1431 -0.6922 0.7074
vn 0.9997 -0.0258 0.0010
vn 1.0000 -0.0038 -0.0000
vn 0.0008 0.0643 0.9979
vn 0.0012 0.0580 0.9983
vn 0.0013 -0.0060 -1.0000
vn 0.0005 -0.0329 -0.9995
vn -0.9984 0.0570 -0.0026
vn -0.9984 0.0558 -0.0017
vn 0.0012 0.0581 0.9983
vn 0.0008 0.0641 0.9979
vn -0.9976 0.0694 -0.0002
vn -0.0000 0.0054 1.0000
vn 0.9773 -0.1909 0.0924
vn 0.9803 -0.1772 0.0871
vn 0.1758 0.8874 0.4261
vn 0.2278 0.9406 0.2519
vn -0.0348 -0.6862 -0.7266
vn 0.0020 -0.7317 -0.6816
vn -0.7570 0.3957 -0.5199
vn -0.8116 0.3922 -0.4331
vn 0.2276 0.9406 0.2518
vn 0.1761 0.8874 0.4261
vn 0.9803 -0.1774 0.0873
vn 0.9380 -0.2669 0.2214
vn 0.2275 0.9407 0.2518
vn 0.1674 0.8668 0.4697
vn 0.0071 -0.6847 -0.7288
vn -0.7557 0.3961 -0.5216
vn -0.7565 0.4452 -0.4790
vn 0.1673 0.8669 0.4695
vn 0.2277 0.9407 0.2516
vn 0.8193 -0.2732 0.5041
vn -0.0019 0.8501 0.5266
vn 0.0269 0.8978 0.4397
vn 0.0063 -0.8770 -0.4805
vn 0.0183 -0.8391 -0.5436
vn -0.7853 0.2951 -0.5443
vn -0.7859 0.3234 -0.5270
vn -0.0018 0.8501 0.5266
vn 0.0271 0.8977 0.4397
vn 0.8485 -0.2196 0.4815
vn 0.0081 0.9149 0.4036
vn 0.0062 -0.9062 -0.4229
vn -0.8349 0.2286 -0.5007
vn 0.8604 -0.1826 0.4758
vn 0.8903 -0.1394 0.4335
vn 0.0103 0.9405 0.3395
vn 0.0151 0.9604 0.2782
vn 0.0070 -0.9482 -0.3177
vn 0.0016 -0.9333 -0.3590
vn -0.8679 0.1518 -0.4729
vn -0.8480 0.1892 -0.4951
vn 0.0152 0.9604 0.2782
vn 0.0104 0.9405 0.3397
vn 0.9031 -0.1114 0.4147
vn 0.0066 0.9696 0.2446
vn 0.0021 -0.9649 -0.2626
vn -0.8940 0.1166 -0.4327
vn 0.0072 0.9695 0.2448
vn 0.8871 -0.0337 -0.4603
vn 0.8230 -0.1676 -0.5428
vn -0.0111 0.9980 -0.0629
vn 0.0421 0.9605 -0.2752
vn -0.1701 -0.9854 0.0119
vn 0.0084 -0.9987 0.0495
vn -0.8857 0.0348 0.4630
vn -0.9495 0.1439 0.2789
vn 0.0420 0.9604 -0.2754
vn -0.0120 0.9980 -0.0623
vn 0.8232 -0.1671 -0.5426
vn 0.8609 -0.1981 -0.4686
vn 0.0408 0.9607 -0.2744
vn 0.0518 0.9390 -0.3399
vn -0.1524 -0.9833 0.0996
vn -0.1702 -0.9853 0.0121
vn -0.9615 0.1537 0.2279
vn -0.9495 0.1438 0.2790
vn 0.0422 0.9605 -0.2751
vn 0.0514 0.9392 -0.3396
vn 0.9429 -0.0820 -0.3229
vn 0.9548 -0.0883 -0.2840
vn 0.0027 0.9699 -0.2434
vn -0.0028 0.9521 -0.3058
vn -0.0068 -0.9598 0.2807
vn -0.0060 -0.9735 0.2284
vn -0.9480 0.0767 0.3089
vn -0.9627 0.0812 0.2579
vn -0.0018 0.9520 -0.3061
vn 0.0018 0.9701 -0.2426
vn 0.9752 -0.0795 -0.2065
vn 0.0034 0.9347 -0.3554
vn -0.0066 -0.9398 0.3415
vn -0.9784 0.0738 0.1932
vn 0.0022 0.9350 -0.3545
vn 0.9891 -0.0617 -0.1340
vn 0.9863 -0.0721 -0.1481
vn -0.0002 0.9035 -0.4285
vn -0.0029 0.8895 -0.4570
vn -0.0010 -0.9079 0.4192
vn -0.0000 -0.8980 0.4399
vn -0.9894 0.0626 0.1309
vn -0.9904 0.0587 0.1249
vn -0.0042 0.8894 -0.4572
vn 0.0019 0.9039 -0.4278
vn 0.9290 -0.1497 -0.3386
vn -0.0420 0.8059 -0.5905
vn -0.0299 -0.9729 0.2294
vn -0.9996 -0.0171 -0.0227
vn -0.0421 0.8060 -0.5904
vn 0.9247 -0.0802 0.3722
vn 0.9738 -0.1372 0.1812
vn 0.0078 0.9822 0.1874
vn 0.1507 0.9865 0.0637
vn -0.0515 -0.9419 -0.3319
vn -0.0011 -0.9787 -0.2055
vn -0.8744 0.1817 -0.4500
vn -0.9170 0.0833 -0.3901
vn 0.0084 0.9822 0.1875
vn 0.1506 0.9865 0.0638
vn 0.9737 -0.1375 0.1816
vn 0.9911 -0.1200 0.0582
vn 0.1504 0.9866 0.0637
vn 0.1399 0.9901 0.0151
vn -0.0788 -0.9602 -0.2678
vn -0.0516 -0.9418 -0.3322
vn -0.8741 0.1827 -0.4501
vn -0.9375 0.1518 -0.3131
vn 0.1388 0.9902 0.0147
vn 0.1525 0.9862 0.0641
vn 0.9909 0.0222 -0.1331
vn 0.9804 0.0462 0.1917
vn -0.0026 0.9969 0.0790
vn -0.0341 0.9906 0.1325
vn 0.0403 -0.9861 -0.1611
vn -0.0023 -0.9950 -0.0999
vn -0.9736 -0.0431 -0.2242
vn -0.9944 -0.0161 0.1046
vn -0.0344 0.9906 0.1325
vn -0.0013 0.9969 0.0788
vn 0.6133 0.3815 0.6916
vn -0.1064 0.9249 -0.3650
vn 0.0959 -0.9214 0.3765
vn -0.6245 -0.3815 -0.6815
vn -0.1068 0.9248 -0.3652
vn 0.3269 0.9079 0.2624
vn 0.4159 0.8876 -0.1980
vn 0.0279 0.2815 -0.9592
vn 0.1329 -0.2667 -0.9546
vn -0.0364 0.2318 0.9721
vn -0.0211 -0.2827 0.9590
vn -0.3140 -0.9148 -0.2540
vn -0.3185 -0.9216 0.2218
vn 0.1330 -0.2665 -0.9546
vn 0.0278 0.2817 -0.9591
vn 0.4723 0.8719 0.1295
vn -0.0002 0.1588 -0.9873
vn -0.0115 -0.1544 0.9879
vn -0.4843 -0.8655 -0.1280
vn -0.0001 0.1589 -0.9873
vn 0.4751 0.8050 0.3553
vn -0.0180 0.4130 -0.9106
vn 0.0178 -0.4139 0.9102
vn -0.4741 -0.8059 -0.3547
vn -0.0181 0.4130 -0.9106
vn 0.6256 0.6714 0.3974
vn 0.5367 0.8070 0.2465
vn 0.1721 0.3998 -0.9003
vn -0.0019 0.2943 -0.9557
vn 0.0189 -0.3038 0.9525
vn 0.0569 -0.5270 0.8480
vn -0.5200 -0.8169 -0.2495
vn -0.3974 -0.7995 -0.4503
vn -0.0020 0.2942 -0.9558
vn 0.1717 0.3997 -0.9004
vn 0.6324 0.7442 0.2149
vn 0.1558 0.1706 -0.9729
vn 0.0540 -0.3002 0.9523
vn -0.4221 -0.8750 -0.2372
vn 0.1556 0.1701 -0.9731
vn 0.5696 0.8213 0.0310
vn 0.5904 0.8070 0.0143
vn 0.0178 0.0249 -0.9995
vn 0.0071 0.0120 -0.9999
vn 0.0038 -0.0201 0.9998
vn -0.0082 -0.0309 0.9995
vn -0.5604 -0.8276 -0.0308
vn -0.5795 -0.8149 -0.0143
vn 0.0073 0.0125 -0.9999
vn 0.0179 0.0250 -0.9995
vn 0.7243 0.6891 0.0243
vn 0.1586 -0.0730 -0.9846
vn 0.1738 -0.1568 0.9722
vn -0.3929 -0.9188 -0.0366
vn 0.1591 -0.0727 -0.9846
vn 0.9163 0.0296 0.3995
vn 0.9394 0.0348 0.3410
vn -0.0030 0.9975 -0.0702
vn 0.0156 0.9893 -0.1453
vn -0.0051 -0.9934 0.1145
vn 0.0068 -0.9985 0.0537
vn -0.9095 -0.0304 -0.4145
vn -0.9275 -0.0387 -0.3717
vn 0.0158 0.9893 -0.1453
vn -0.0033 0.9975 -0.0708
vn 0.9746 0.0278 0.2221
vn 0.0060 0.9881 -0.1536
vn -0.0020 -0.9902 0.1397
vn -0.9713 -0.0297 -0.2361
vn 0.0062 0.9881 -0.1535
vn 0.9943 -0.1037 0.0238
vn 0.9864 0.0361 0.1601
vn 0.1252 0.9535 -0.2743
vn -0.0033 0.9817 -0.1903
vn -0.0860 -0.9962 0.0106
vn 0.0064 -0.9850 0.1725
vn -0.9833 -0.0397 -0.1777
vn -0.9556 0.0632 -0.2880
vn -0.0033 0.9817 -0.1904
vn 0.9854 -0.0619 0.1587
vn 0.1303 0.9300 -0.3437
vn -0.0658 -0.9922 0.1060
vn -0.9184 0.0012 -0.3957
vn 0.1304 0.9300 -0.3438
vn 0.9444 0.1095 0.3101
vn 0.9493 0.1083 0.2950
vn 0.0021 0.9420 -0.3355
vn 0.0062 0.9326 -0.3609
vn -0.0032 -0.9369 0.3497
vn 0.0014 -0.9447 0.3280
vn -0.9454 -0.1124 -0.3061
vn -0.9415 -0.1125 -0.3176
vn 0.0025 0.9421 -0.3352
vn 0.0060 0.9325 -0.3612
vn 0.9942 0.0425 0.0992
vn 0.0537 0.8633 -0.5019
vn 0.0695 -0.9877 0.1403
vn -0.8720 -0.1670 -0.4602
vn 0.0531 0.8627 -0.5030
vn 0.9961 -0.0877 -0.0007
vn 0.9984 -0.0571 -0.0010
vn 0.0012 0.0006 1.0000
vn -0.0004 0.0122 -0.9999
vn 0.0006 0.0149 -0.9999
vn -0.9976 0.0699 0.0013
vn -0.9955 0.0948 0.0008
vn 0.0013 0.0005 1.0000
vn -0.0000 -0.0078 1.0000
vn 1.0000 -0.0091 -0.0006
vn -0.0000 -0.0507 0.9987
vn 0.0001 0.0564 -0.9984
vn 0.0001 -0.0510 0.9987
vn 0.5108 0.8093 -0.2900
vn 0.3663 0.8469 -0.3854
vn -0.0746 0.3991 0.9139
vn -0.1152 0.5063 0.8546
vn -0.2749 -0.2285 -0.9339
vn -0.2097 -0.1577 -0.9650
vn -0.7802 -0.5796 0.2353
vn -0.7585 -0.5777 0.3015
vn -0.1153 0.5062 0.8547
vn 0.3664 0.8469 -0.3855
vn 0.5552 0.7107 -0.4321
vn -0.0368 0.5735 0.8184
vn -0.2749 -0.2286 -0.9339
vn -0.8120 -0.4734 0.3412
vn -0.7585 -0.5778 0.3014
vn -0.1154 0.5059 0.8548
vn -0.0367 0.5734 0.8184
vn 0.7092 0.6052 -0.3615
vn 0.6415 0.6607 -0.3897
vn -0.0150 0.5261 0.8503
vn -0.0394 0.5399 0.8408
vn 0.0047 -0.5142 -0.8576
vn 0.0070 -0.5197 -0.8543
vn -0.7173 -0.5984 0.3569
vn -0.6762 -0.6349 0.3738
vn -0.0392 0.5400 0.8407
vn -0.0149 0.5265 0.8500
vn 0.5753 0.7427 -0.3428
vn -0.0169 0.4321 0.9017
vn -0.0009 -0.4194 -0.9078
vn -0.5936 -0.7309 0.3366
vn -0.0168 0.4322 0.9016
vn 0.5118 0.8024 -0.3069
vn 0.5323 0.7648 -0.3628
vn -0.0103 0.3639 0.9314
vn -0.0012 0.4314 0.9022
vn -0.0206 -0.3464 -0.9379
vn -0.0314 -0.4125 -0.9104
vn -0.5644 -0.7458 0.3538
vn -0.5425 -0.7842 0.3012
vn -0.0012 0.4316 0.9021
vn -0.0102 0.3639 0.9314
vn 0.5506 0.6944 -0.4632
vn -0.0039 -0.5533 -0.8330
vn -0.5681 -0.6841 0.4575
vn -0.0135 0.5630 0.8263
vn 0.9994 0.0165 -0.0297
vn 0.9737 0.0244 -0.2265
vn -0.0144 0.8036 0.5949
vn 0.0985 0.8981 0.4286
vn -0.1139 -0.7342 -0.6693
vn -0.9899 0.1414 -0.0134
vn -0.9995 -0.0171 0.0274
vn -0.0147 0.8034 0.5952
vn 0.0991 0.8981 0.4285
vn 0.9738 0.0242 -0.2263
vn 0.9619 0.0326 -0.2714
vn 0.0990 0.8980 0.4286
vn 0.0908 0.9253 0.3681
vn -0.1227 -0.7952 -0.5938
vn -0.1145 -0.7338 -0.6696
vn -0.9898 0.1418 -0.0137
vn -0.9941 0.0980 0.0458
vn 0.0903 0.9253 0.3684
vn 0.0988 0.8980 0.4287
vn 0.9858 0.0731 -0.1510
vn 0.9729 0.0902 -0.2127
vn -0.0034 0.9033 0.4290
vn -0.0033 0.9266 0.3760
vn -0.0023 -0.9160 -0.4012
vn -0.0004 -0.8974 -0.4411
vn -0.9790 -0.0793 0.1880
vn -0.9881 -0.0678 0.1383
vn 0.9602 0.0908 -0.2643
vn -0.0053 0.9497 0.3130
vn 0.0023 -0.9453 -0.3263
vn -0.0050 0.9497 0.3131
vn 0.9354 0.0908 -0.3419
vn 0.9246 0.0946 -0.3690
vn -0.0082 0.9709 0.2394
vn -0.0027 0.9695 0.2450
vn -0.0049 -0.9654 -0.2606
vn 0.0057 -0.9687 -0.2481
vn -0.9387 -0.0897 0.3327
vn -0.9312 -0.0909 0.3530
vn -0.0029 0.9695 0.2452
vn -0.0071 0.9712 0.2381
vn 0.8522 0.1462 -0.5023
vn -0.0745 0.9936 0.0844
vn -0.0637 -0.8908 -0.4499
vn -0.9896 -0.0442 0.1371
vn -0.0758 0.9935 0.0848
vn 0.5641 0.6283 -0.5357
vn 0.4534 0.5446 -0.7056
vn -0.0037 0.6511 0.7590
vn -0.0546 0.8212 0.5680
vn -0.1772 -0.7062 -0.6855
vn -0.0097 -0.6438 -0.7651
vn -0.5777 -0.6214 0.5292
vn -0.6853 -0.4287 0.5887
vn -0.0547 0.8213 0.5679
vn -0.0036 0.6512 0.7589
vn 0.4539 0.5441 -0.7056
vn 0.5408 0.5168 -0.6637
vn -0.0544 0.8212 0.5680
vn -0.0263 0.8063 0.5909
vn -0.1741 -0.6870 -0.7055
vn -0.1775 -0.7064 -0.6852
vn -0.7390 -0.3964 0.5448
vn -0.6854 -0.4287 0.5886
vn -0.0262 0.8061 0.5912
vn -0.0546 0.8213 0.5679
vn 0.7950 0.4191 -0.4386
vn 0.7318 0.3207 -0.6014
vn 0.0291 0.6978 0.7157
vn -0.0964 0.8856 0.4544
vn -0.0518 -0.6740 -0.7369
vn 0.0821 -0.8799 -0.4680
vn -0.7495 -0.3082 0.5859
vn -0.8152 -0.3975 0.4212
vn -0.0962 0.8856 0.4545
vn 0.5798 0.2631 -0.7711
vn 0.0062 0.9399 0.3413
vn -0.0065 -0.9393 -0.3430
vn -0.5796 -0.2638 0.7710
vn 0.0061 0.9399 0.3414
vn 0.8963 -0.3197 -0.3074
vn 0.9240 -0.3204 -0.2088
vn 0.0119 0.6834 -0.7300
vn -0.0229 0.5167 -0.8558
vn 0.0109 -0.5406 0.8412
vn -0.0054 -0.6807 0.7325
vn -0.9351 0.2977 0.1924
vn -0.8945 0.3247 0.3073
vn 0.0117 0.6833 -0.7300
vn -0.0231 0.5171 -0.8556
vn 0.9075 -0.3672 -0.2039
vn 0.0066 0.4932 -0.8699
vn -0.0138 -0.5014 0.8651
vn -0.9127 0.3577 0.1977
vn 0.0068 0.4917 -0.8707
vn 0.8834 -0.4594 -0.0922
vn 0.9406 -0.3027 -0.1537
vn 0.0539 0.2590 -0.9644
vn -0.0078 0.4295 -0.9030
vn 0.0013 -0.4454 0.8954
vn -0.1461 -0.4896 0.8596
vn -0.9471 0.2861 0.1455
vn -0.9732 0.2294 -0.0131
vn -0.0085 0.4288 -0.9034
vn 0.0553 0.2591 -0.9643
vn 0.8955 -0.4223 -0.1405
vn 0.0593 0.3955 -0.9166
vn -0.1398 -0.5983 0.7890
vn -0.9755 0.2194 0.0140
vn 0.0590 0.3977 -0.9156
vn 0.9583 -0.2301 -0.1694
vn 0.9641 -0.2125 -0.1590
vn 0.0033 0.6015 -0.7989
vn -0.0002 0.5962 -0.8028
vn -0.0011 -0.6059 0.7955
vn -0.0047 -0.6069 0.7948
vn -0.9603 0.2250 0.1649
vn -0.9673 0.2032 0.1518
vn -0.0004 0.5962 -0.8028
vn 0.0033 0.6016 -0.7988
vn 0.8838 -0.3775 -0.2763
vn -0.0640 0.4105 -0.9096
vn -0.0489 -0.7247 0.6873
vn -0.9967 0.0615 0.0532
vn -0.0640 0.4082 -0.9107
vn 0.7113 0.2451 -0.6587
vn 0.7406 0.2228 -0.6340
vn 0.0134 0.9327 0.3603
vn -0.0064 0.9460 0.3240
vn -0.0137 -0.9388 -0.3442
vn -0.0276 -0.9264 -0.3756
vn -0.7260 -0.2398 0.6446
vn -0.7601 -0.2150 0.6132
vn 0.0137 0.9328 0.3601
vn 0.8047 0.1776 -0.5665
vn 0.0101 0.9502 0.3116
vn -0.0190 -0.9466 -0.3220
vn -0.8128 -0.1744 0.5558
vn 0.0104 0.9502 0.3115
vn 0.7782 0.0603 -0.6252
vn 0.8429 0.1095 -0.5268
vn 0.0286 0.9944 0.1019
vn -0.0169 0.9831 0.1822
vn -0.1677 -0.9302 -0.3264
vn 0.0072 -0.9805 -0.1962
vn -0.8522 -0.1058 0.5123
vn -0.9162 0.0023 0.4006
vn -0.0153 0.9834 0.1810
vn 0.0254 0.9942 0.1041
vn 0.6963 -0.0140 -0.7176
vn 0.0115 0.9994 -0.0332
vn -0.1683 -0.9709 -0.1704
vn -0.8555 0.0438 0.5160
vn 0.0121 0.9994 -0.0337
vn 0.7404 0.0354 -0.6712
vn 0.7228 0.0233 -0.6907
vn -0.0174 0.9992 0.0354
vn -0.0016 0.9994 0.0340
vn -0.0063 -0.9991 -0.0415
vn 0.0133 -0.9992 -0.0390
vn -0.7304 -0.0236 0.6826
vn -0.7441 -0.0339 0.6672
vn -0.0161 0.9993 0.0343
vn -0.0014 0.9994 0.0335
vn 0.6015 0.0523 -0.7972
vn -0.1352 0.9869 -0.0879
vn -0.1293 -0.9686 -0.2125
vn -0.8669 -0.0338 0.4974
vn -0.1342 0.9870 -0.0886
vn 1.0000 -0.0040 -0.0003
vn 0.9835 0.1546 -0.0941
vn -0.0001 -0.0940 0.9956
vn 0.1055 0.0615 0.9925
vn -0.1067 0.2184 -0.9700
vn 0.0001 0.0992 -0.9951
vn -0.9851 0.1258 0.1177
vn -1.0000 0.0090 0.0008
vn 0.1056 0.0613 0.9925
vn 0.0002 -0.0940 0.9956
vn 0.9835 0.1542 -0.0940
vn 0.9766 0.1913 -0.0980
vn 0.1055 0.0616 0.9925
vn 0.0995 0.0955 0.9905
vn -0.1069 0.2182 -0.9700
vn -0.1127 0.1707 -0.9788
vn -0.9912 0.0750 0.1091
vn 0.0995 0.0954 0.9905
vn 0.1056 0.0614 0.9925
vn 0.9522 -0.0918 -0.2913
vn 0.9625 -0.0535 -0.2660
vn 0.1743 -0.6849 0.7075
vn 0.2149 -0.7074 0.6733
vn 0.0512 0.9600 -0.2753
vn -0.0128 0.8941 -0.4477
vn -0.7871 0.2885 0.5452
vn -0.6876 0.3023 0.6601
vn 0.2148 -0.7076 0.6732
vn 0.9625 -0.0534 -0.2660
vn 0.9694 -0.0277 -0.2441
vn 0.2151 -0.7075 0.6732
vn 0.1862 -0.7185 0.6702
vn 0.0511 0.9600 -0.2753
vn -0.8140 0.2361 0.5307
vn -0.6877 0.3023 0.6600
vn 0.2149 -0.7076 0.6732
vn 0.1862 -0.7185 0.6701
vn 0.9331 -0.1672 -0.3185
vn 0.0098 -0.8744 0.4851
vn 0.0077 0.8938 -0.4483
vn -0.9160 0.1861 0.3553
vn 0.0109 -0.8749 0.4842
vn 0.9388 -0.1464 -0.3119
vn 0.0070 -0.8988 0.4384
vn 0.0032 0.9081 -0.4188
vn -0.9301 0.1569 0.3320
vn 0.0062 -0.8984 0.4391
vn 0.9488 -0.1195 -0.2923
vn 0.9800 0.0453 -0.1938
vn 0.0036 -0.9216 0.3882
vn 0.1472 -0.8903 0.4310
vn 0.0015 0.9286 -0.3712
vn -0.0575 0.9835 -0.1713
vn -0.8898 0.0489 0.4536
vn -0.9426 0.1259 0.3093
vn 0.1477 -0.8902 0.4310
vn 0.0047 -0.9216 0.3880
vn 0.9799 0.0449 -0.1942
vn 0.9803 0.0541 -0.1900
vn -0.0661 0.9860 -0.1531
vn -0.0573 0.9835 -0.1716
vn -0.8899 0.0487 0.4535
vn -0.9031 0.0241 0.4288
vn 0.1441 -0.9086 0.3920
vn 0.1477 -0.8902 0.4309
vn 0.9679 -0.0641 -0.2430
vn 0.9755 -0.0475 -0.2148
vn 0.0048 -0.9636 0.2673
vn 0.0044 -0.9720 0.2349
vn 0.0028 0.9788 -0.2049
vn 0.0002 0.9676 -0.2525
vn -0.9679 0.0554 0.2451
vn -0.9637 0.0679 0.2581
vn 0.0030 -0.9636 0.2673
vn 0.0034 -0.9719 0.2355
vn 0.9852 -0.0313 -0.1684
vn 0.0042 -0.9799 0.1997
vn -0.0012 0.9829 -0.1843
vn -0.9824 0.0344 0.1837
vn 0.0039 -0.9798 0.1999
vn 0.9937 -0.0167 -0.1108
vn 0.9902 -0.0139 -0.1392
vn -0.0007 -0.9896 0.1437
vn 0.0007 -0.9948 0.1016
vn 0.0040 0.9971 -0.0756
vn -0.0006 0.9914 -0.1308
vn -0.9861 0.0165 0.1652
vn -0.9922 0.0153 0.1235
vn 0.0005 -0.9948 0.1014
vn 0.0040 -0.9897 0.1431
vn 0.9777 -0.0146 -0.2097
vn -0.0005 -0.9972 0.0750
vn 0.0032 0.9981 -0.0615
vn -0.9747 0.0170 0.2231
vn -0.0005 -0.9972 0.0749
vn 0.9656 -0.0093 -0.2597
vn 0.9841 0.1002 -0.1467
vn 0.0001 -0.9995 0.0328
vn 0.1394 -0.9814 0.1323
vn -0.0611 0.9893 0.1324
vn 0.0048 0.9997 -0.0230
vn -0.9628 0.0107 0.2700
vn -0.9067 -0.0935 0.4113
vn 0.1403 -0.9812 0.1322
vn -0.0022 -0.9994 0.0334
vn 0.9840 0.1012 -0.1465
vn 0.9985 -0.0086 -0.0549
vn 0.1404 -0.9813 0.1320
vn 0.0456 -0.9701 0.2383
vn 0.0564 0.9868 0.1516
vn -0.0622 0.9892 0.1327
vn -0.8952 0.0250 0.4451
vn -0.9066 -0.0939 0.4114
vn 0.1404 -0.9812 0.1321
vn 0.0454 -0.9701 0.2383
vn 0.9944 0.1050 0.0059
vn 0.9973 0.0731 0.0023
vn -0.0011 -0.0442 0.9990
vn -0.0004 -0.0011 1.0000
vn -0.0032 0.0655 -0.9978
vn -0.0018 0.0786 -0.9969
vn -1.0000 -0.0092 -0.0014
vn -0.0002 -0.0010 1.0000
vn 0.9992 0.0387 -0.0022
vn -0.0008 0.0773 0.9970
vn 0.0002 -0.0462 -0.9989
vn -1.0000 -0.0070 0.0016
vn -0.0008 0.0776 0.9970
vn 0.7937 -0.6049 0.0642
vn 0.8555 -0.5170 -0.0270
vn 0.0396 0.1593 0.9864
vn 0.2518 0.2518 0.9344
vn 0.0902 -0.0346 -0.9953
vn 0.0938 0.0933 -0.9912
vn -0.5081 0.8609 -0.0261
vn -0.6818 0.7261 -0.0891
vn 0.2519 0.2518 0.9344
vn 0.0397 0.1593 0.9864
vn 0.8596 -0.5108 -0.0153
vn 0.1899 0.2315 0.9541
vn 0.0380 0.0327 -0.9987
vn 0.0937 0.0935 -0.9912
vn -0.5083 0.8608 -0.0260
vn -0.6317 0.7747 -0.0302
vn 0.1899 0.2318 0.9540
vn 0.7409 -0.6565 0.1421
vn 0.7415 -0.6506 0.1638
vn 0.0061 0.2180 0.9759
vn 0.0152 0.2593 0.9657
vn 0.0165 -0.2272 -0.9737
vn 0.0093 -0.2013 -0.9795
vn -0.7099 0.6831 -0.1718
vn -0.7251 0.6731 -0.1456
vn 0.0060 0.2178 0.9760
vn 0.0152 0.2591 0.9657
vn 0.7253 -0.6621 0.1886
vn 0.0052 0.2784 0.9605
vn 0.0097 -0.2644 -0.9644
vn 0.0050 0.2787 0.9604
vn 0.7146 -0.6654 0.2160
vn 0.7973 -0.5940 0.1069
vn 0.0051 0.3139 0.9494
vn 0.1739 0.3637 0.9151
vn 0.0298 -0.1717 -0.9847
vn 0.0078 -0.3018 -0.9533
vn -0.5926 0.7860 -0.1764
vn -0.7019 0.6773 -0.2205
vn 0.1741 0.3632 0.9153
vn 0.0051 0.3143 0.9493
vn 0.7966 -0.5950 0.1072
vn 0.7843 -0.6053 0.1358
vn 0.1740 0.3631 0.9154
vn 0.1630 0.3867 0.9077
vn 0.0298 -0.1718 -0.9847
vn 0.0210 -0.2190 -0.9755
vn -0.5994 0.7743 -0.2031
vn -0.5923 0.7862 -0.1765
vn 0.1740 0.3636 0.9152
vn 0.6987 -0.6490 0.3011
vn 0.7034 -0.6311 0.3270
vn 0.0056 0.4255 0.9049
vn 0.0099 0.4686 0.8834
vn 0.0129 -0.4491 -0.8934
vn 0.0056 -0.4163 -0.9092
vn -0.6877 0.6584 -0.3060
vn -0.6807 0.6505 -0.3368
vn 0.0102 0.4681 0.8836
vn 0.0057 0.4264 0.9045
vn 0.7001 -0.6163 0.3606
vn 0.0067 0.5109 0.8596
vn 0.0031 -0.5022 -0.8647
vn -0.6898 0.6252 -0.3653
vn 0.0069 0.5107 0.8597
vn 0.7103 -0.5889 0.3855
vn 0.7010 -0.5919 0.3979
vn 0.0100 0.5558 0.8313
vn 0.0042 0.5616 0.8274
vn 0.0144 -0.5468 -0.8372
vn 0.0009 -0.5464 -0.8375
vn -0.6992 0.5984 -0.3911
vn -0.6825 0.6065 -0.4078
vn 0.0039 0.5616 0.8274
vn 0.0102 0.5556 0.8314
vn 0.6530 -0.6316 0.4178
vn -0.0034 0.5495 0.8355
vn 0.0126 -0.5435 -0.8393
vn -0.6440 0.6379 -0.4224
vn -0.0027 0.5493 0.8356
vn 0.6193 -0.6540 0.4346
vn 0.7074 -0.6399 0.3003
vn 0.1753 0.5479 0.8180
vn 0.0091 -0.5472 -0.8370
vn 0.0433 -0.4093 -0.9114
vn -0.4883 0.7788 -0.3937
vn -0.6105 0.6598 -0.4381
vn 0.1754 0.5476 0.8181
vn -0.0009 0.5532 0.8330
vn 0.7076 -0.6397 0.3001
vn 0.7677 -0.5278 0.3634
vn 0.1755 0.5481 0.8178
vn 0.1545 0.6547 0.7399
vn 0.1617 -0.4471 -0.8797
vn 0.0435 -0.4088 -0.9116
vn -0.4880 0.7791 -0.3935
vn -0.4515 0.7365 -0.5037
vn 0.1540 0.6551 0.7397
vn 0.1759 0.5482 0.8177
vn 0.9984 0.0564 -0.0062
vn 0.9988 0.0484 -0.0056
vn -0.0010 0.1307 0.9914
vn -0.0010 0.1252 0.9921
vn 0.0011 -0.0652 -0.9979
vn -0.0005 -0.1017 -0.9948
vn -0.9999 0.0123 -0.0007
vn -0.9996 -0.0284 0.0027
vn -0.0010 0.1308 0.9914
vn -0.0007 0.1249 0.9922
vn -0.0005 0.0970 0.9953
vn 0.0015 -0.0667 -0.9978
vn -0.9942 0.1067 -0.0112
vn -0.0004 0.0968 0.9953
vn 0.9970 0.0464 -0.0615
vn 0.9392 0.1071 -0.3262
vn -0.0040 0.8348 0.5506
vn 0.0862 0.9401 0.3298
vn -0.1214 -0.6461 -0.7536
vn -0.0104 -0.7241 -0.6896
vn -0.9771 0.1906 -0.0948
vn -0.9926 0.0638 -0.1032
vn 0.0861 0.9401 0.3298
vn -0.0040 0.8346 0.5508
vn 0.9428 0.1172 -0.3121
vn 0.0863 0.9401 0.3299
vn 0.0830 0.8782 0.4711
vn -0.1216 -0.6459 -0.7537
vn -0.1328 -0.6463 -0.7514
vn -0.9927 0.1159 0.0320
vn -0.9770 0.1908 -0.0949
vn 0.0831 0.8781 0.4712
vn 0.9765 0.1285 -0.1730
vn 0.9085 0.1488 -0.3905
vn -0.0064 0.8172 0.5764
vn 0.0618 0.9005 0.4304
vn -0.1399 -0.7375 -0.6607
vn 0.0011 -0.8048 -0.5935
vn -0.9810 -0.1160 0.1555
vn -0.9870 0.0146 0.1601
vn 0.0618 0.9006 0.4303
vn -0.0064 0.8172 0.5763
vn 0.9086 0.1483 -0.3903
vn 0.8770 0.1887 -0.4418
vn 0.0615 0.9005 0.4304
vn 0.0499 0.8969 0.4394
vn -0.1402 -0.7544 -0.6412
vn -0.1399 -0.7378 -0.6604
vn -0.9869 0.0144 0.1604
vn 0.0617 0.9005 0.4304
vn 0.0501 0.8969 0.4393
vn 0.8764 0.2816 -0.3907
vn 0.8882 0.2456 -0.3882
vn -0.0071 0.8178 0.5754
vn 0.0054 0.8439 0.5364
vn -0.0205 -0.8267 -0.5623
vn -0.0030 -0.8069 -0.5906
vn -0.8865 -0.2704 0.3754
vn -0.9034 -0.2292 0.3623
vn 0.0050 0.8439 0.5364
vn -0.0066 0.8179 0.5754
vn 0.9352 0.1579 -0.3170
vn 0.0010 0.8964 0.4432
vn -0.0079 -0.8894 -0.4571
vn -0.9410 -0.1505 0.3031
vn 0.0013 0.8964 0.4432
vn 0.5689 0.7996 0.1924
vn 0.5131 0.8064 0.2940
vn -0.0300 -0.3260 0.9449
vn -0.0975 0.2697 -0.9580
vn -0.0019 0.3445 -0.9388
vn -0.5448 -0.7880 -0.2867
vn -0.5917 -0.7881 -0.1700
vn -0.0301 -0.3261 0.9449
vn 0.0840 -0.2565 0.9629
vn -0.0270 -0.1971 0.9800
vn 0.0040 0.2079 -0.9781
vn -0.4379 -0.8799 -0.1845
vn -0.0267 -0.1973 0.9800
vn 0.3230 0.9447 0.0569
vn 0.1378 0.9831 0.1203
vn -0.0338 -0.0509 0.9981
vn -0.1324 -0.0886 0.9872
vn -0.1276 0.1575 -0.9792
vn 0.0431 0.0470 -0.9980
vn -0.3963 -0.9109 -0.1147
vn -0.0340 -0.0507 0.9981
vn -0.1323 -0.0892 0.9872
vn 0.1866 0.8385 0.5119
vn -0.1323 -0.0888 0.9872
vn -0.0953 -0.4915 0.8657
vn -0.1329 0.5500 -0.8245
vn -0.1275 0.1572 -0.9793
vn -0.3965 -0.9108 -0.1147
vn -0.4153 -0.7776 -0.4720
vn -0.1326 -0.0891 0.9872
vn 0.3106 0.5488 0.7761
vn 0.3379 0.4958 0.8000
vn 0.0127 -0.8188 0.5740
vn -0.0085 -0.8486 0.5289
vn -0.0319 0.8223 -0.5681
vn -0.0095 0.8521 -0.5234
vn -0.3559 -0.4926 -0.7942
vn -0.3300 -0.5460 -0.7700
vn -0.0086 -0.8487 0.5288
vn 0.0126 -0.8187 0.5741
vn 0.1162 0.5770 0.8084
vn -0.2008 -0.7577 0.6209
vn -0.1856 0.8351 -0.5179
vn -0.5027 -0.4997 -0.7054
vn -0.2006 -0.7576 0.6211
vn 0.9579 0.1026 -0.2682
vn 0.9288 0.1269 -0.3481
vn -0.0013 0.9372 0.3487
vn -0.0231 0.9591 0.2822
vn 0.0101 -0.9517 -0.3068
vn -0.0018 -0.9326 -0.3608
vn -0.9393 -0.1179 0.3222
vn -0.9615 -0.0997 0.2559
vn -0.0033 0.9370 0.3492
vn -0.0216 0.9592 0.2820
vn 0.8045 0.2488 -0.5394
vn -0.0356 0.9339 0.3557
vn 0.0282 -0.9306 -0.3650
vn -0.8108 -0.2472 0.5306
vn -0.0355 0.9335 0.3567
vn 0.6049 0.3761 -0.7019
vn 0.6427 0.1418 -0.7529
vn -0.0152 0.8924 0.4510
vn 0.0738 0.9863 0.1476
vn -0.2796 -0.8975 -0.3410
vn -0.0143 -0.8844 -0.4664
vn -0.6387 -0.3611 0.6795
vn -0.8299 -0.0537 0.5553
vn 0.0738 0.9863 0.1475
vn -0.0151 0.8924 0.4509
vn 0.6425 0.1429 -0.7528
vn 0.8879 -0.0749 -0.4539
vn 0.0703 0.9864 0.1486
vn 0.0452 0.9916 -0.1211
vn -0.2804 -0.8973 -0.3408
vn -0.1221 -0.9853 -0.1194
vn -0.9724 0.0836 0.2180
vn -0.8294 -0.0534 0.5561
vn 0.0415 0.9919 -0.1199
vn 0.0740 0.9863 0.1476
vn 0.9594 0.0632 0.2747
vn 0.9399 0.1021 0.3259
vn 0.0018 0.9703 -0.2419
vn -0.0009 0.9591 -0.2830
vn 0.0134 -0.9656 0.2597
vn 0.0023 -0.9728 0.2318
vn -0.9563 -0.0643 -0.2853
vn -0.9304 -0.1093 -0.3499
vn -0.0014 0.9591 -0.2830
vn 0.0018 0.9703 -0.2418
vn 0.8883 0.1719 0.4258
vn -0.0099 0.9357 -0.3527
vn 0.0143 -0.9391 0.3433
vn -0.8835 -0.1735 -0.4350
vn -0.0071 0.9361 -0.3516
vn 0.8299 0.2432 0.5020
vn 0.8653 0.2404 0.4399
vn -0.0025 0.9023 -0.4311
vn 0.0201 0.8613 -0.5076
vn -0.0123 -0.8677 0.4970
vn 0.0058 -0.9055 0.4243
vn -0.8575 -0.2461 -0.4517
vn 0.0186 0.8606 -0.5090
vn -0.0021 0.9024 -0.4309
vn 0.9193 0.2019 0.3379
vn 0.0041 0.8471 -0.5314
vn -0.0026 -0.8516 0.5241
vn -0.9159 -0.2074 -0.3437
vn 0.0058 0.8470 -0.5316
vn 0.9522 0.1694 0.2544
vn 0.9580 0.1631 0.2360
vn 0.0114 0.8132 -0.5819
vn 0.0003 0.8235 -0.5672
vn -0.0089 -0.8168 0.5768
vn 0.0055 -0.8284 0.5600
vn -0.9551 -0.1685 -0.2437
vn -0.9500 -0.1731 -0.2597
vn -0.0001 0.8236 -0.5671
vn 0.0062 0.8137 -0.5813
vn 0.9910 0.0803 0.1074
vn 0.0604 0.7051 -0.7066
vn 0.0747 -0.9171 0.3917
vn -0.8592 -0.2919 -0.4201
vn 0.0582 0.7042 -0.7077
vn 0.8731 0.0222 -0.4870
vn 0.8851 -0.0051 -0.4653
vn 0.0037 0.9985 0.0538
vn -0.0038 0.9998 -0.0219
vn -0.0071 -1.0000 -0.0013
vn -0.0107 -0.9977 -0.0675
vn -0.8968 0.0055 0.4423
vn -0.8804 -0.0218 0.4738
vn -0.0043 0.9998 -0.0219
vn 0.9223 -0.0300 -0.3853
vn 0.0067 0.9978 -0.0667
vn -0.0121 -0.9984 0.0552
vn -0.9271 0.0297 0.3736
vn 0.0078 0.9977 -0.0672
vn 0.9540 -0.0447 -0.2966
vn 0.9344 -0.0759 -0.3480
vn 0.0004 0.9884 -0.1516
vn -0.0112 0.9716 -0.2362
vn 0.0041 -0.9749 0.2224
vn -0.0027 -0.9895 0.1446
vn -0.9401 0.0707 0.3335
vn -0.9561 0.0435 0.2897
vn -0.0122 0.9716 -0.2361
vn 0.0006 0.9884 -0.1516
vn 0.8949 -0.1197 -0.4299
vn -0.0091 0.9608 -0.2770
vn 0.0014 -0.9622 0.2722
vn -0.8979 0.1215 0.4231
vn -0.0048 0.9603 -0.2788
vn 0.8579 -0.1708 -0.4846
vn 0.8448 -0.1848 -0.5021
vn -0.0118 0.9362 -0.3512
vn 0.0002 0.9388 -0.3445
vn -0.0044 -0.9417 0.3363
vn 0.0102 -0.9375 0.3480
vn -0.8600 0.1715 0.4806
vn -0.8499 0.1818 0.4946
vn -0.0000 0.9389 -0.3441
vn -0.0122 0.9362 -0.3511
vn 0.7495 -0.2102 -0.6277
vn -0.1031 0.8709 -0.4805
vn -0.0963 -0.9838 0.1514
vn -0.9489 0.0980 0.2998
vn -0.1037 0.8712 -0.4799
vn 0.9896 -0.1427 0.0158
vn 0.9948 -0.1014 0.0069
vn 0.0034 0.1343 0.9909
vn 0.0082 0.1014 0.9948
vn 0.0006 -0.0438 -0.9990
vn 0.0019 -0.1017 -0.9948
vn -0.9842 0.1757 -0.0199
vn -0.9874 0.1580 -0.0098
vn 0.0082 0.1013 0.9948
vn 0.0035 0.1344 0.9909
vn 0.9920 -0.1258 -0.0077
vn -0.0007 -0.0482 0.9988
vn 0.0046 0.0775 -0.9970
vn -0.9877 0.1564 0.0078
vn -0.0007 -0.0478 0.9989
vn 0.7778 0.5573 0.2906
vn 0.6459 0.7177 0.2603
vn -0.0521 -0.3758 0.9252
vn -0.0259 -0.2523 0.9673
vn -0.2516 0.5839 -0.7719
vn -0.0534 0.5066 -0.8605
vn -0.8789 -0.4323 -0.2017
vn -0.9216 -0.3816 -0.0706
vn -0.0520 -0.3760 0.9252
vn 0.6458 0.7177 0.2604
vn 0.7002 0.7002 0.1397
vn -0.0260 -0.2524 0.9673
vn -0.1836 0.4040 -0.8961
vn -0.2517 0.5840 -0.7717
vn -0.8981 -0.4378 -0.0407
vn -0.9219 -0.3809 -0.0704
vn -0.0261 -0.2519 0.9674
vn -0.0121 -0.1390 0.9902
vn 0.7524 0.6300 0.1921
vn 0.6225 0.7660 0.1606
vn -0.0229 -0.2684 0.9630
vn -0.0365 -0.1528 0.9876
vn -0.1612 0.3539 -0.9213
vn 0.0136 0.2775 -0.9606
vn -0.7610 -0.6206 -0.1891
vn -0.8203 -0.5637 -0.0965
vn -0.0364 -0.1529 0.9876
vn -0.0231 -0.2677 0.9632
vn 0.6224 0.7660 0.1607
vn 0.6454 0.7270 0.2344
vn -0.0363 -0.1526 0.9876
vn -0.0107 -0.2763 0.9610
vn -0.1622 0.4504 -0.8780
vn -0.1614 0.3541 -0.9212
vn -0.8189 -0.5535 -0.1520
vn -0.8203 -0.5637 -0.0966
vn -0.0109 -0.2762 0.9610
vn -0.0363 -0.1525 0.9876
vn 0.7135 0.6025 0.3576
vn 0.7154 0.5679 0.4071
vn -0.0084 -0.5027 0.8644
vn -0.0094 -0.5750 0.8181
vn -0.0040 0.5134 -0.8582
vn -0.0169 0.5973 -0.8019
vn -0.7414 -0.5455 -0.3909
vn -0.7255 -0.5922 -0.3506
vn -0.0091 -0.5748 0.8182
vn 0.7303 0.5203 0.4426
vn -0.0074 -0.6424 0.7663
vn -0.0028 0.6510 -0.7591
vn -0.7405 -0.5114 -0.4360
vn -0.0069 -0.6420 0.7667
vn 0.6656 0.3149 -0.6767
vn 0.5611 0.2292 -0.7954
vn 0.0526 0.8975 0.4379
vn -0.0366 0.9689 0.2449
vn 0.0208 -0.9662 -0.2570
vn 0.0394 -0.9322 -0.3597
vn -0.5789 -0.2249 0.7838
vn -0.5722 -0.3458 0.7436
vn -0.0372 0.9686 0.2459
vn 0.5877 0.2236 -0.7776
vn 0.0178 0.9581 0.2859
vn -0.0353 -0.9541 -0.2973
vn -0.6049 -0.2175 0.7660
vn 0.0195 0.9588 0.2836
vn 0.6683 0.1517 -0.7282
vn 0.6039 0.0049 -0.7970
vn 0.0066 0.9782 0.2075
vn -0.0182 0.9993 -0.0320
vn -0.1800 -0.9697 -0.1654
vn -0.0130 -0.9766 -0.2145
vn -0.8007 0.0258 0.5985
vn -0.6753 -0.1511 0.7219
vn -0.0171 0.9993 -0.0332
vn 0.0062 0.9781 0.2080
vn 0.6039 0.0048 -0.7971
vn 0.6713 -0.0464 -0.7398
vn -0.0187 0.9993 -0.0319
vn 0.0117 0.9972 -0.0742
vn -0.1797 -0.9698 -0.1652
vn -0.1795 -0.9763 -0.1209
vn -0.8376 0.0675 0.5421
vn -0.8006 0.0253 0.5986
vn 0.0108 0.9972 -0.0744
vn -0.0171 0.9993 -0.0330
vn 0.8454 0.0165 -0.5339
vn 0.8413 0.0087 -0.5404
vn -0.0002 0.9995 0.0326
vn -0.0126 0.9999 -0.0040
vn 0.0045 -1.0000 -0.0082
vn -0.0069 -0.9993 -0.0377
vn -0.8496 -0.0163 0.5272
vn -0.8491 -0.0089 0.5281
vn -0.0122 0.9999 -0.0042
vn -0.0003 0.9995 0.0326
vn 0.6949 0.0269 -0.7186
vn -0.1180 0.9840 -0.1338
vn -0.1087 -0.9741 -0.1981
vn -0.9223 -0.0166 0.3860
vn -0.1169 0.9840 -0.1344
vn 0.7354 0.4732 0.4851
vn 0.7597 0.4105 0.5044
vn -0.0024 -0.7149 0.6993
vn -0.0057 -0.7713 0.6364
vn -0.0149 0.7861 -0.6179
vn -0.0085 0.7224 -0.6915
vn -0.7453 -0.4666 -0.4763
vn -0.7802 -0.3944 -0.4854
vn -0.0058 -0.7712 0.6366
vn -0.0005 -0.7139 0.7003
vn 0.6962 0.3821 0.6077
vn -0.0378 -0.8210 0.5697
vn 0.0306 0.8252 -0.5641
vn -0.7031 -0.3781 -0.6022
vn -0.0373 -0.8208 0.5701
vn 0.5431 0.3314 0.7715
vn 0.6535 0.3745 0.6578
vn -0.0046 -0.9071 0.4208
vn 0.0520 -0.8612 0.5056
vn -0.0173 0.9132 -0.4071
vn -0.2525 0.9203 -0.2988
vn -0.8424 -0.3086 -0.4417
vn 0.0525 -0.8610 0.5058
vn -0.0045 -0.9070 0.4211
vn 0.6534 0.3743 0.6580
vn 0.8915 0.2959 0.3432
vn 0.0516 -0.8613 0.5055
vn -0.1119 0.8996 -0.4221
vn -0.2524 0.9204 -0.2985
vn -0.8424 -0.3084 -0.4419
vn -0.9739 -0.1772 -0.1421
vn 0.0378 -0.7773 0.6280
vn 0.0519 -0.8612 0.5056
vn 0.7481 -0.4609 -0.4774
vn 0.7812 -0.4768 -0.4031
vn 0.0004 -0.7010 0.7132
vn 0.0164 -0.6256 0.7800
vn 0.0008 0.6416 -0.7670
vn 0.0061 0.7053 -0.7089
vn -0.7639 0.4928 0.4165
vn -0.7433 0.4664 0.4795
vn 0.0004 -0.7008 0.7134
vn 0.0172 -0.6261 0.7796
vn 0.8693 -0.4088 -0.2779
vn 0.0213 -0.5248 0.8510
vn -0.0137 0.5325 -0.8463
vn -0.8634 0.4172 0.2838
vn 0.0221 -0.5250 0.8508
vn 0.9316 -0.3177 -0.1767
vn 0.9079 -0.3753 -0.1868
vn 0.0112 -0.4574 0.8892
vn -0.0163 -0.4728 0.8810
vn 0.0225 0.4847 -0.8744
vn -0.0071 0.4654 -0.8851
vn -0.9012 0.3882 0.1929
vn -0.9280 0.3258 0.1806
vn -0.0160 -0.4724 0.8812
vn 0.0118 -0.4576 0.8891
vn 0.7980 -0.5480 -0.2508
vn -0.0145 -0.4362 0.8997
vn 0.0185 0.4402 -0.8977
vn -0.7946 0.5520 0.2530
vn -0.0151 -0.4359 0.8999
vn 0.7180 -0.6470 -0.2565
vn 0.7208 -0.6464 -0.2500
vn -0.0052 -0.3750 0.9270
vn 0.0169 -0.3437 0.9389
vn -0.0116 0.3520 -0.9359
vn 0.0102 0.3799 -0.9250
vn -0.7137 0.6509 0.2588
vn -0.7138 0.6531 0.2527
vn 0.0176 -0.3448 0.9385
vn -0.0037 -0.3780 0.9258
vn 0.8653 -0.4666 -0.1831
vn 0.1260 -0.2299 0.9650
vn 0.1420 0.5075 -0.8498
vn -0.5965 0.7460 0.2961
vn 0.1261 -0.2291 0.9652
vn 0.7404 0.2672 0.6167
vn 0.6716 0.2787 0.6865
vn -0.0145 -0.9136 0.4063
vn -0.0155 -0.9204 0.3906
vn -0.0042 0.9279 -0.3728
vn 0.0044 0.9176 -0.3974
vn -0.7492 -0.2640 -0.6074
vn -0.6919 -0.2716 -0.6690
vn -0.0156 -0.9204 0.3906
vn -0.0150 -0.9137 0.4062
vn 0.5626 0.3330 0.7567
vn -0.0360 -0.9050 0.4238
vn 0.0270 0.9093 -0.4153
vn -0.5733 -0.3286 -0.7505
vn -0.0370 -0.9057 0.4223
vn 0.4090 0.3665 0.8357
vn 0.4316 0.2589 0.8641
vn -0.0316 -0.9099 0.4136
vn 0.0158 -0.9620 0.2724
vn 0.0286 0.9096 -0.4145
vn -0.0316 0.9637 -0.2651
vn -0.4479 -0.2559 -0.8567
vn -0.4109 -0.3675 -0.8343
vn 0.0151 -0.9623 0.2717
vn -0.0308 -0.9089 0.4158
vn 0.5728 0.0963 0.8140
vn 0.0128 -0.9945 0.1043
vn -0.0184 0.9948 -0.1004
vn -0.5783 -0.0964 -0.8101
vn 0.0134 -0.9944 0.1052
vn 0.6755 -0.0222 0.7370
vn 0.0188 -0.9995 -0.0237
vn -0.0122 -0.9997 -0.0218
vn 0.0039 0.9996 0.0280
vn -0.0250 0.9992 0.0298
vn -0.6832 0.0206 -0.7300
vn -0.6620 0.0038 -0.7495
vn 0.0189 -0.9995 -0.0236
vn -0.0092 -0.9998 -0.0183
vn 0.4731 -0.0084 0.8810
vn -0.1605 -0.9792 0.1241
vn -0.1468 0.9797 0.1361
vn -0.7804 0.0087 -0.6252
vn -0.1617 -0.9793 0.1221
vn 0.9872 -0.1585 -0.0185
vn 0.9966 -0.0815 -0.0124
vn 0.0017 -0.1127 0.9936
vn 0.0044 -0.0975 0.9952
vn 0.0017 0.1573 -0.9875
vn 0.0033 0.1418 -0.9899
vn -0.9896 0.1420 0.0216
vn -0.9821 0.1871 0.0227
vn 0.0044 -0.0978 0.9952
vn 0.0016 -0.1126 0.9936
vn 0.9995 0.0318 0.0067
vn 0.0014 -0.1685 0.9857
vn -0.0002 0.1973 -0.9804
vn -1.0000 -0.0037 -0.0026
vn 0.0014 -0.1686 0.9857
vn 0.9948 0.0988 0.0238
vn 0.9939 0.1092 0.0178
vn -0.0009 -0.2275 0.9738
vn -0.0007 -0.1452 0.9894
vn -0.0055 0.1950 -0.9808
vn -0.0024 0.2568 -0.9665
vn -0.9974 -0.0701 -0.0161
vn -0.9981 -0.0601 -0.0101
vn -0.0005 -0.1450 0.9894
vn -0.0001 -0.2286 0.9735
vn 0.9816 0.1909 0.0022
vn -0.0073 0.0201 0.9998
vn 0.0032 0.0090 -1.0000
vn -0.9869 -0.1611 0.0003
vn -0.0072 0.0198 0.9998
vn 0.9557 0.2936 -0.0232
vn 0.9676 0.2507 -0.0305
vn -0.0092 0.1011 0.9948
vn -0.0003 0.1199 0.9928
vn -0.0114 -0.0621 -0.9980
vn 0.0009 -0.0756 -0.9971
vn -0.9812 -0.1914 0.0230
vn -0.0002 0.1204 0.9927
vn -0.0091 0.1019 0.9948
vn 0.9734 0.1870 -0.1327
vn 0.0972 0.2772 0.9559
vn -0.1187 -0.0015 -0.9929
vn -0.9914 0.0877 0.0968
vn 0.9991 -0.0401 0.0096
vn 0.9999 -0.0133 0.0037
vn 0.0016 0.2293 0.9734
vn 0.0041 0.2478 0.9688
vn 0.0009 -0.1929 -0.9812
vn 0.0003 -0.1919 -0.9814
vn -0.9975 0.0694 -0.0156
vn -0.9969 0.0769 -0.0188
vn 0.0039 0.2479 0.9688
vn 0.0015 0.2294 0.9733
vn 0.9829 0.1831 -0.0207
vn -0.0017 0.3536 0.9354
vn 0.0123 0.0577 -0.9983
vn -0.9724 0.2294 -0.0426
vn -0.0017 0.3537 0.9354
vn 0.7166 0.6573 0.2332
vn -0.1883 0.6022 0.7758
vn -0.0139 0.9969 0.0778
vn 0.1663 0.7359 -0.6564
vn -0.0141 0.9969 0.0768
vn -0.0146 0.9969 0.0768
vn -0.7214 0.6819 -0.1207
vn -0.0141 0.9970 0.0767
vn -0.1883 0.6021 0.7759
vn 0.9845 -0.0243 0.1736
vn 0.3330 0.5056 0.7959
vn 0.6867 0.7200 0.1005
vn 0.5888 0.4627 -0.6627
vn 0.6863 0.7203 0.1008
vn 0.6864 0.7202 0.1006
vn -0.0674 0.9969 -0.0407
vn 0.6868 0.7198 0.1006
vn 0.3331 0.5055 0.7960
vn -0.0300 0.7770 -0.6287
vn -0.1980 0.9696 0.1439
vn 0.7000 0.6498 -0.2962
vn 0.1565 0.0773 -0.9847
vn -0.0299 0.7771 -0.6286
vn -0.7379 0.3955 -0.5469
vn -0.0300 0.7771 -0.6287
vn -0.1983 0.9695 0.1439
vn -0.9133 0.4002 0.0761
vn -0.6881 -0.0381 0.7247
vn -0.3665 0.8668 0.3380
vn -0.5479 0.5615 -0.6201
vn -0.9128 0.4012 0.0761
vn -0.9133 0.4002 0.0759
vn -0.8840 -0.3819 -0.2697
vn -0.9128 0.4012 0.0758
vn -0.6880 -0.0377 0.7247
vn 0.5811 0.4669 0.6666
vn 0.2308 -0.2331 0.9447
vn 0.9764 -0.1084 0.1866
vn 0.5496 0.8349 -0.0293
vn 0.5812 0.4667 0.6666
vn 0.5813 0.4668 0.6665
vn -0.1556 0.6971 0.6999
vn 0.5812 0.4667 0.6667
vn 0.2309 -0.2331 0.9446
vn 0.9754 0.1895 0.1123
vn 0.2515 0.8765 0.4106
vn 0.5696 0.7624 -0.3069
vn 0.5687 0.7632 -0.3067
vn 0.5229 0.1331 -0.8420
vn 0.5693 0.7625 -0.3074
vn -0.2005 0.8285 -0.5228
vn 0.2510 0.8767 0.4103
vn 0.5693 0.7627 -0.3070
vn 0.1091 0.7044 -0.7014
vn -0.6255 0.4493 -0.6379
vn -0.5739 0.8171 0.0543
vn -0.2626 -0.2402 -0.9345
vn -0.6254 0.4495 -0.6378
vn -0.9798 -0.1334 -0.1490
vn -0.6253 0.4495 -0.6380
vn -0.6253 0.4493 -0.6381
vn -0.5739 0.8171 0.0544
vn -0.3180 0.8149 0.4845
vn -0.3803 0.1103 0.9183
vn 0.4672 0.6529 0.5961
vn -0.3179 0.8148 0.4847
vn -0.0572 0.9675 -0.2463
vn -0.3174 0.8152 0.4845
vn -0.8963 0.4394 0.0595
vn -0.3802 0.1103 0.9183
vn -0.3180 0.8150 0.4845
vn 0.6530 0.6479 0.3921
vn 0.2932 0.1528 0.9438
vn 0.9815 -0.0881 0.1698
vn 0.5841 0.7072 -0.3983
vn 0.6531 0.6477 0.3924
vn 0.6531 0.6479 0.3920
vn -0.0780 0.9294 0.3606
vn 0.2935 0.1526 0.9437
vn 0.6534 0.6475 0.3921
vn 0.3757 0.4910 -0.7859
vn 0.0479 0.9880 -0.1472
vn 0.9157 0.3512 -0.1952
vn 0.4249 -0.2502 -0.8700
vn 0.3760 0.4906 -0.7861
vn -0.4064 0.3282 -0.8527
vn 0.3759 0.4910 -0.7859
vn 0.3759 0.4907 -0.7861
vn 0.0483 0.9879 -0.1471
vn -0.7667 0.6290 -0.1284
vn -0.6233 0.4451 0.6429
vn 0.0065 0.9999 -0.0148
vn -0.3988 0.4151 -0.8177
vn -0.7664 0.6293 -0.1287
vn -0.7664 0.6293 -0.1288
vn -0.9855 -0.0936 -0.1416
vn -0.7664 0.6294 -0.1285
vn -0.6232 0.4455 0.6428
vn 0.4705 0.5442 0.6946
vn 0.1807 -0.1155 0.9767
vn 0.9404 0.0672 0.3334
vn 0.4567 0.8864 -0.0759
vn -0.3655 0.7099 0.6020
vn 0.4705 0.5439 0.6949
vn 0.1805 -0.1155 0.9768
vn 0.4704 0.5442 0.6946
vn 0.9766 0.2139 0.0207
vn 0.7591 -0.2927 -0.5814
vn 0.3899 0.3880 -0.8351
vn 0.6293 -0.7755 0.0500
vn 0.7593 -0.2924 -0.5814
vn 0.7590 -0.2929 -0.5815
vn 0.0483 -0.6001 -0.7985
vn 0.7590 -0.2925 -0.5816
vn 0.3898 0.3881 -0.8351
vn 0.8438 0.5035 0.1857
vn 0.4748 0.2305 0.8494
vn 0.9543 -0.2881 0.0795
vn 0.6590 0.4474 -0.6046
vn 0.8439 0.5035 0.1855
vn 0.1761 0.9698 0.1685
vn 0.8436 0.5039 0.1855
vn 0.8436 0.5038 0.1858
vn 0.4746 0.2305 0.8495
vn -0.0558 0.6242 -0.7793
vn -0.2154 0.9746 -0.0619
vn 0.6814 0.5830 -0.4426
vn 0.1384 -0.1318 -0.9816
vn -0.0558 0.6243 -0.7792
vn -0.7550 0.2572 -0.6032
vn -0.2154 0.9746 -0.0617
vn -0.0559 0.6242 -0.7793
vn -0.5704 0.6272 -0.5304
vn -0.6787 0.5267 0.5118
vn -0.9912 0.0826 -0.1033
vn -0.9912 0.0824 -0.1037
vn -0.6534 -0.4081 -0.6376
vn -0.9913 0.0818 -0.1033
vn -0.7615 -0.5148 0.3939
vn -0.6788 0.5267 0.5117
vn -0.9913 0.0825 -0.1029
vn 0.3249 -0.2294 0.9175
vn -0.4647 -0.0498 0.8841
vn -0.4694 -0.7464 0.4717
vn -0.1547 0.6804 0.7163
vn -0.4647 -0.0499 0.8841
vn -0.9490 0.1624 0.2703
vn -0.4646 -0.0499 0.8841
vn -0.4690 -0.7468 0.4716
vn -0.4647 -0.0502 0.8840
vn 0.9509 -0.1078 0.2902
vn 0.4982 0.1937 0.8451
vn 0.1700 -0.5576 0.8125
vn 0.4867 0.8069 0.3347
vn 0.4982 0.1939 0.8451
vn -0.3225 0.3873 0.8637
vn 0.4983 0.1938 0.8450
vn 0.1700 -0.5580 0.8122
vn 0.4983 0.1938 0.8451
vn 0.5307 -0.2397 0.8130
vn -0.2474 -0.0735 0.9661
vn -0.3380 -0.7629 0.5511
vn 0.0062 0.6647 0.7471
vn -0.2474 -0.0734 0.9661
vn -0.8630 0.1411 0.4850
vn -0.2473 -0.0732 0.9662
vn -0.2474 -0.0736 0.9661
vn 0.9838 0.0951 0.1521
vn 0.6752 0.6486 -0.3514
vn 0.3182 0.8834 0.3441
vn 0.5882 -0.0067 -0.8087
vn 0.6766 0.6476 -0.3503
vn -0.0775 0.7775 -0.6242
vn 0.6767 0.6475 -0.3505
vn 0.6772 0.6465 -0.3512
vn 0.3182 0.8835 0.3437
vn 0.0801 0.5564 -0.8271
vn -0.6781 0.2944 -0.6735
vn -0.5829 0.8109 -0.0509
vn -0.3287 -0.4098 -0.8509
vn -0.6780 0.2948 -0.6733
vn -0.9847 -0.1543 -0.0810
vn -0.6778 0.2949 -0.6735
vn -0.5827 0.8111 -0.0509
vn -0.6778 0.2944 -0.6737
vn 0.4611 0.6425 0.6120
vn -0.3874 0.1115 0.9152
vn -0.3262 0.8008 0.5023
vn -0.0491 0.9681 -0.2456
vn -0.8984 0.4347 0.0617
vn -0.3254 0.8011 0.5024
vn -0.3873 0.1118 0.9151
vn -0.3254 0.8017 0.5013
vn 0.6526 0.6425 0.4017
vn 0.3043 0.1535 0.9401
vn 0.9834 -0.0541 0.1733
vn 0.5700 0.7148 -0.4051
vn 0.6510 0.6449 0.4004
vn -0.1126 0.9244 0.3645
vn 0.6507 0.6451 0.4006
vn 0.3042 0.1534 0.9402
vn 0.6506 0.6452 0.4005
vn 0.6740 0.7355 0.0688
vn -0.0633 0.9869 -0.1487
vn -0.2256 0.7358 0.6385
vn 0.1279 0.5742 -0.8086
vn -0.0623 0.9869 -0.1491
vn -0.7767 0.5705 -0.2670
vn -0.0627 0.9870 -0.1482
vn -0.2254 0.7359 0.6384
vn -0.0641 0.9870 -0.1476
vn 0.9816 -0.0214 0.1895
vn 0.3503 0.7070 0.6143
vn 0.6973 0.7085 -0.1087
vn 0.5962 0.2348 -0.7678
vn 0.6973 0.7084 -0.1088
vn -0.0178 0.9476 -0.3190
vn 0.6972 0.7085 -0.1089
vn 0.3498 0.7076 0.6140
vn 0.6975 0.7083 -0.1087
vn -0.0736 0.5845 -0.8080
vn -0.2183 0.9646 -0.1476
vn 0.6726 0.5633 -0.4799
vn 0.1401 -0.2174 -0.9660
vn -0.0735 0.5845 -0.8080
vn -0.0735 0.5844 -0.8082
vn -0.7609 0.2182 -0.6111
vn -0.0737 0.5841 -0.8083
vn -0.2185 0.9646 -0.1478
vn -0.5885 0.7071 0.3921
vn -0.5230 -0.0018 0.8523
vn 0.1843 0.7601 0.6231
vn -0.2828 0.9154 -0.2864
vn -0.5885 0.7072 0.3918
vn -0.9790 0.1839 -0.0880
vn -0.5884 0.7073 0.3918
vn -0.5884 0.7072 0.3920
vn -0.5230 -0.0021 0.8523
vn 0.7198 0.6832 0.1234
vn 0.3490 0.4441 0.8252
vn 0.9818 -0.1004 0.1615
vn 0.5937 0.4507 -0.6667
vn 0.7198 0.6831 0.1235
vn -0.0431 0.9991 -0.0019
vn 0.7199 0.6830 0.1235
vn 0.7197 0.6833 0.1230
vn 0.3487 0.4444 0.8252
vn -0.0369 0.7488 -0.6617
vn -0.2041 0.9710 0.1247
vn 0.7107 0.6288 -0.3155
vn 0.1542 0.0123 -0.9880
vn -0.0369 0.7489 -0.6617
vn -0.7571 0.3529 -0.5497
vn -0.2038 0.9710 0.1248
vn -0.0370 0.7489 -0.6617
vn -0.1878 0.8352 0.5168
vn -0.8552 0.4844 0.1843
vn -0.6745 -0.0735 0.7346
vn -0.4376 0.7308 -0.5239
vn -0.8554 0.4841 0.1840
vn -0.9363 -0.2022 -0.2872
vn -0.8551 0.4848 0.1840
vn -0.6744 -0.0736 0.7347
vn -0.8552 0.4843 0.1843
vn 0.9617 -0.0056 0.2741
vn 0.1794 -0.1484 0.9725
vn 0.4842 0.5400 0.6884
vn 0.4660 0.8792 -0.0988
vn 0.4835 0.5413 0.6879
vn -0.3205 0.7148 0.6216
vn 0.4841 0.5404 0.6882
vn 0.1797 -0.1483 0.9725
vn 0.4840 0.5407 0.6881
vn 0.5566 0.7829 -0.2779
vn 0.2103 0.8512 0.4810
vn 0.9731 0.1973 0.1189
vn 0.5136 0.1793 -0.8391
vn 0.5562 0.7831 -0.2783
vn -0.2561 0.8341 -0.4886
vn 0.5558 0.7833 -0.2783
vn 0.2093 0.8515 0.4807
vn 0.5556 0.7836 -0.2782
vn 0.2245 0.7492 -0.6232
vn -0.5828 0.5182 -0.6259
vn -0.5198 0.8406 0.1520
vn -0.2465 -0.1495 -0.9575
vn -0.5827 0.5180 -0.6262
vn -0.9786 -0.0606 -0.1966
vn -0.5820 0.5193 -0.6258
vn -0.5200 0.8405 0.1521
vn -0.5829 0.5182 -0.6259
vn 0.5002 0.6590 0.5617
vn -0.3708 0.1587 0.9151
vn -0.3047 0.8368 0.4548
vn -0.0237 0.9439 -0.3293
vn -0.3047 0.8368 0.4549
vn -0.8984 0.4381 0.0321
vn -0.3045 0.8369 0.4549
vn -0.3707 0.1589 0.9151
vn -0.3044 0.8369 0.4548
vn 0.6191 0.6950 0.3657
vn 0.2689 0.2155 0.9387
vn 0.9823 -0.0196 0.1863
vn 0.5415 0.6986 -0.4676
vn 0.6177 0.6963 0.3655
vn -0.1811 0.9397 0.2902
vn 0.6195 0.6948 0.3655
vn 0.2692 0.2154 0.9387
vn 0.6192 0.6946 0.3662
vn 0.9360 0.2848 -0.2069
vn 0.4377 0.4055 -0.8025
vn 0.1587 0.9356 -0.3154
vn 0.4412 -0.4417 -0.7812
vn 0.4371 0.4064 -0.8024
vn -0.3739 0.2462 -0.8942
vn 0.4375 0.4054 -0.8026
vn 0.1582 0.9357 -0.3154
vn 0.4374 0.4061 -0.8023
vn -0.8018 0.5689 -0.1832
vn -0.6399 0.4560 0.6186
vn -0.1496 0.9790 -0.1384
vn -0.4510 0.3004 -0.8405
vn -0.8019 0.5686 -0.1833
vn -0.9589 -0.2618 -0.1091
vn -0.8024 0.5679 -0.1834
vn -0.6399 0.4555 0.6189
vn -0.8019 0.5687 -0.1833
vn 0.6963 0.6852 0.2135
vn -0.0552 0.9972 0.0497
vn -0.2117 0.6201 0.7554
vn 0.1458 0.6979 -0.7012
vn -0.0544 0.9973 0.0494
vn -0.7604 0.6326 -0.1470
vn -0.2121 0.6200 0.7554
vn -0.0553 0.9972 0.0504
vn 0.4887 0.4654 0.7379
vn 0.1667 -0.2611 0.9508
vn 0.9619 -0.0604 0.2666
vn 0.4941 0.8679 0.0521
vn 0.4888 0.4651 0.7381
vn 0.4887 0.4653 0.7380
vn -0.2588 0.6492 0.7152
vn 0.1667 -0.2612 0.9508
vn 0.4887 0.4654 0.7380
vn 0.9821 0.1795 -0.0572
vn 0.7279 -0.4158 -0.5452
vn 0.3674 0.2145 -0.9050
vn 0.6109 -0.7726 0.1726
vn 0.7279 -0.4154 -0.5455
vn -0.0040 -0.7376 -0.6753
vn 0.7281 -0.4154 -0.5452
vn 0.7281 -0.4157 -0.5451
vn 0.3675 0.2145 -0.9049
vn 0.8693 0.4410 0.2233
vn 0.4965 0.1082 0.8613
vn 0.9394 -0.3420 0.0255
vn 0.8693 0.4405 0.2241
vn 0.6716 0.4839 -0.5611
vn 0.8688 0.4418 0.2238
vn 0.2283 0.9341 0.2745
vn 0.4965 0.1084 0.8612
vn 0.8694 0.4408 0.2232
vn -0.0557 0.5734 -0.8174
vn -0.2145 0.9683 -0.1279
vn 0.6810 0.5533 -0.4798
vn 0.1400 -0.1978 -0.9702
vn -0.0557 0.5736 -0.8172
vn -0.0558 0.5733 -0.8174
vn -0.7553 0.2171 -0.6183
vn -0.2145 0.9683 -0.1280
vn -0.0559 0.5735 -0.8173
vn 0.7320 -0.3306 0.5957
vn 0.0189 -0.2408 0.9704
vn -0.1650 -0.8607 0.4817
vn 0.1907 0.5368 0.8219
vn 0.0189 -0.2410 0.9703
vn -0.7065 0.0071 0.7077
vn 0.0192 -0.2408 0.9704
vn -0.1644 -0.8607 0.4819
vn 0.0192 -0.2409 0.9704
vn -0.9793 -0.1791 -0.0939
vn -0.6938 0.3644 -0.6212
vn -0.5116 -0.6645 -0.5446
vn -0.6218 -0.6064 0.4956
vn -0.9796 -0.1778 -0.0942
vn -0.8043 0.4220 0.4183
vn -0.9789 -0.1813 -0.0940
vn -0.6938 0.3634 -0.6217
vn -0.9789 -0.1814 -0.0939
vn 0.5664 -0.4928 0.6606
vn -0.2047 -0.4037 0.8917
vn -0.3115 -0.9110 0.2703
vn 0.0359 0.3700 0.9283
vn -0.2047 -0.4025 0.8923
vn -0.2040 -0.4047 0.8914
vn -0.8416 -0.0482 0.5380
vn -0.3118 -0.9108 0.2707
vn -0.2051 -0.4010 0.8928
vn 0.4289 -0.1396 0.8925
vn 0.1397 -0.8078 0.5727
vn 0.9418 -0.2196 0.2544
vn 0.4474 0.6402 0.6245
vn 0.4289 -0.1401 0.8924
vn 0.4288 -0.1400 0.8925
vn -0.3489 0.0305 0.9367
vn 0.1393 -0.8077 0.5729
vn 0.4288 -0.1397 0.8925
vn 0.6644 0.0745 -0.7437
vn 0.3121 0.7779 -0.5454
vn 0.9828 0.1840 0.0134
vn 0.5822 -0.6753 -0.4528
vn 0.6639 0.0760 -0.7440
vn 0.6641 0.0737 -0.7440
vn -0.0719 -0.0757 -0.9945
vn 0.3128 0.7783 -0.5445
vn 0.6638 0.0767 -0.7440
vn 0.6143 -0.0631 -0.7865
vn -0.1487 -0.3013 -0.9419
vn -0.2762 0.5009 -0.8202
vn 0.0712 -0.8908 -0.4488
vn -0.1487 -0.3021 -0.9416
vn -0.8092 -0.3367 -0.4815
vn -0.1490 -0.3013 -0.9418
vn -0.2757 0.5014 -0.8201
vn -0.1498 -0.2989 -0.9425
vn 0.9703 0.0466 0.2375
vn 0.7924 0.3727 -0.4829
vn 0.4141 0.9102 0.0087
vn 0.6474 -0.3956 -0.6515
vn 0.7925 0.3733 -0.4823
vn 0.0945 0.4570 -0.8844
vn 0.7930 0.3720 -0.4825
vn 0.7928 0.3725 -0.4824
vn 0.4142 0.9102 0.0087
vn 0.9651 -0.2178 -0.1458
vn 0.7674 0.1443 0.6247
vn 0.4562 -0.5359 0.7104
vn 0.6070 0.7906 0.0807
vn 0.7676 0.1431 0.6247
vn 0.1260 0.3765 0.9178
vn 0.7678 0.1449 0.6241
vn 0.4568 -0.5363 0.7097
vn 0.7678 0.1444 0.6242
vn 0.1633 -0.2236 -0.9609
vn -0.0708 0.5537 -0.8297
vn 0.8177 0.0504 -0.5735
vn 0.2835 -0.8381 -0.4660
vn 0.1634 -0.2234 -0.9609
vn -0.6016 -0.3486 -0.7187
vn 0.1637 -0.2235 -0.9609
vn -0.0707 0.5537 -0.8297
vn 0.1636 -0.2235 -0.9609
vn -0.0194 -0.0249 -0.9995
vn -0.7437 -0.1352 -0.6547
vn -0.6230 0.6324 -0.4603
vn -0.3728 -0.8272 -0.4205
vn -0.7440 -0.1341 -0.6546
vn -0.7444 -0.1373 -0.6535
vn -0.9798 -0.1598 0.1206
vn -0.6232 0.6327 -0.4596
vn -0.7445 -0.1348 -0.6539
vn 0.7574 0.5023 0.4172
vn 0.3921 -0.0254 0.9196
vn 0.9793 -0.1902 0.0692
vn 0.6259 0.6953 -0.3534
vn 0.7599 0.4977 0.4181
vn 0.7586 0.5003 0.4175
vn 0.0346 0.8681 0.4953
vn 0.3920 -0.0263 0.9196
vn 0.7598 0.4976 0.4185
vn 0.3999 0.5020 0.7668
vn -0.3899 0.6437 0.6585
vn -0.4261 -0.1253 0.8960
vn -0.0957 0.9953 -0.0146
vn -0.3900 0.6435 0.6586
vn -0.9245 0.3630 0.1167
vn -0.3894 0.6435 0.6590
vn -0.3895 0.6439 0.6586
vn -0.4260 -0.1252 0.8960
vn 0.3513 0.1079 0.9300
vn 0.0730 -0.6276 0.7751
vn 0.9086 -0.1285 0.3973
vn 0.3511 0.1120 0.9296
vn 0.4008 0.7855 0.4715
vn 0.3514 0.1104 0.9297
vn -0.4401 0.2816 0.8527
vn 0.0741 -0.6281 0.7746
vn 0.3516 0.1108 0.9296
vn 0.7134 0.4750 0.5152
vn 0.3580 -0.1224 0.9257
vn 0.9837 -0.1563 0.0890
vn 0.6017 0.7629 -0.2367
vn 0.7135 0.4742 0.5158
vn 0.7134 0.4743 0.5158
vn -0.0275 0.7969 0.6034
vn 0.3579 -0.1224 0.9257
vn 0.7134 0.4749 0.5153
vn 0.9067 0.2404 -0.3467
vn 0.3401 0.1545 -0.9276
vn 0.0610 0.8248 -0.5621
vn 0.3965 -0.6128 -0.6836
vn 0.3404 0.1532 -0.9277
vn -0.4425 -0.0289 -0.8963
vn 0.3394 0.1545 -0.9279
vn 0.0604 0.8247 -0.5624
vn 0.3393 0.1545 -0.9279
vn 0.3497 0.0744 -0.9339
vn -0.4467 0.6740 -0.5883
vn -0.4329 -0.0991 -0.8960
vn -0.1465 -0.7768 -0.6125
vn -0.4329 -0.0995 -0.8959
vn -0.9421 -0.2046 -0.2656
vn -0.4334 -0.0997 -0.8957
vn -0.4476 0.6736 -0.5881
vn -0.4334 -0.0987 -0.8958
vn -0.8166 0.4004 -0.4158
vn -0.6458 0.6882 0.3306
vn -0.1346 0.8035 -0.5799
vn -0.4535 -0.1447 -0.8794
vn -0.8165 0.4011 -0.4152
vn -0.8160 0.4016 -0.4158
vn -0.9639 -0.2652 0.0237
vn -0.6458 0.6883 0.3305
vn -0.8159 0.4009 -0.4167
vn -0.0694 0.5593 -0.8261
vn -0.2241 0.9662 -0.1276
vn 0.6853 0.5478 -0.4798
vn 0.1285 -0.1988 -0.9716
vn -0.0691 0.5593 -0.8261
vn -0.0695 0.5606 -0.8252
vn -0.7518 0.2176 -0.6225
vn -0.0694 0.5603 -0.8254
vn -0.2233 0.9664 -0.1271
vn 0.3112 0.3187 0.8953
vn 0.0437 -0.4404 0.8968
vn 0.8930 -0.0275 0.4492
vn 0.3774 0.8751 0.3029
vn 0.3114 0.3185 0.8953
vn -0.4736 0.4565 0.7532
vn 0.3113 0.3185 0.8954
vn 0.3113 0.3186 0.8953
vn 0.0436 -0.4405 0.8967
vn 0.7063 0.6647 -0.2436
vn 0.3453 0.8114 0.4715
vn 0.9833 0.0301 0.1795
vn 0.6034 0.0841 -0.7930
vn 0.7109 0.6592 -0.2451
vn -0.0321 0.8623 -0.5053
vn 0.7077 0.6633 -0.2431
vn 0.3457 0.8110 0.4721
vn 0.7076 0.6635 -0.2431
vn -0.2726 0.5588 -0.7832
vn -0.3518 0.9333 -0.0718
vn 0.5172 0.6324 -0.5767
vn -0.0097 -0.1833 -0.9830
vn -0.2725 0.5587 -0.7833
vn -0.8706 0.1246 -0.4759
vn -0.2733 0.5583 -0.7834
vn -0.3526 0.9330 -0.0719
vn -0.2732 0.5589 -0.7829
vn 0.0644 0.8721 0.4851
vn -0.6729 0.7000 0.2391
vn -0.5962 0.1401 0.7905
vn -0.3015 0.8143 -0.4960
vn -0.6733 0.6995 0.2395
vn -0.9818 0.0629 -0.1792
vn -0.6732 0.6993 0.2403
vn -0.5962 0.1411 0.7903
vn 0.7356 0.6730 0.0769
vn 0.0244 0.9882 -0.1511
vn -0.1606 0.7766 0.6092
vn 0.1945 0.5510 -0.8115
vn 0.0259 0.9881 -0.1515
vn -0.7019 0.6553 -0.2793
vn 0.0256 0.9884 -0.1498
vn -0.1604 0.7768 0.6091
vn 0.0244 0.9884 -0.1502
vn 0.9759 0.2183 -0.0049
vn 0.7434 -0.3669 -0.5592
vn 0.3589 0.3062 -0.8817
vn 0.6129 -0.7774 0.1414
vn 0.7434 -0.3664 -0.5596
vn 0.0042 -0.6891 -0.7247
vn 0.7436 -0.3664 -0.5593
vn 0.7435 -0.3668 -0.5592
vn 0.3591 0.3060 -0.8817
vn 0.8541 0.4778 0.2055
vn 0.4709 0.1639 0.8668
vn 0.9441 -0.3262 0.0484
vn 0.8541 0.4774 0.2063
vn 0.6476 0.4645 -0.6041
vn 0.8541 0.4774 0.2062
vn 0.1693 0.9607 0.2199
vn 0.4712 0.1628 0.8669
vn 0.8541 0.4777 0.2056
vn 0.6982 0.5625 -0.4428
vn -0.0557 0.6037 -0.7953
vn -0.2160 0.9744 -0.0624
vn 0.1415 -0.1781 -0.9738
vn -0.0553 0.6032 -0.7957
vn -0.7685 0.2300 -0.5970
vn -0.0556 0.6037 -0.7952
vn -0.2160 0.9744 -0.0626
vn -0.0556 0.6039 -0.7951
vn 0.4845 -0.2749 0.8305
vn -0.3750 -0.7953 0.4763
vn -0.3099 -0.1106 0.9443
vn -0.0344 0.6501 0.7591
vn -0.3100 -0.1107 0.9443
vn -0.9056 0.1366 0.4014
vn -0.3751 -0.7953 0.4763
vn -0.3100 -0.1105 0.9443
vn -0.5095 0.3502 -0.7860
vn -0.9782 0.0480 -0.2022
vn -0.6570 0.7246 0.2082
vn -0.6274 -0.6359 -0.4494
vn -0.9781 0.0472 -0.2025
vn -0.7784 -0.3005 0.5512
vn -0.9780 0.0488 -0.2029
vn -0.6571 0.7246 0.2075
vn -0.9780 0.0480 -0.2030
vn 0.6345 -0.3257 0.7009
vn -0.1160 -0.2067 0.9715
vn -0.2570 -0.8467 0.4659
vn 0.1006 0.5811 0.8076
vn -0.1160 -0.2076 0.9713
vn -0.8191 0.0689 0.5695
vn -0.1160 -0.2070 0.9714
vn -0.1160 -0.2071 0.9714
vn 0.5174 0.1160 0.8478
vn 0.2199 -0.6092 0.7619
vn 0.9725 -0.1532 0.1757
vn 0.4808 0.8139 0.3260
vn -0.2627 0.3004 0.9169
vn 0.5173 0.1167 0.8478
vn 0.2198 -0.6093 0.7619
vn 0.9693 0.2235 0.1029
vn 0.4964 0.4896 -0.7169
vn 0.1151 0.9901 -0.0803
vn 0.5384 -0.2219 -0.8129
vn 0.4957 0.4915 -0.7160
vn -0.1348 0.4439 -0.8859
vn 0.4969 0.4896 -0.7165
vn 0.4967 0.4904 -0.7161
vn 0.1147 0.9901 -0.0803
vn 0.0796 0.5181 -0.8516
vn -0.6954 0.2569 -0.6711
vn -0.5803 0.8124 -0.0570
vn -0.3313 -0.4698 -0.8182
vn -0.6954 0.2567 -0.6712
vn -0.9840 -0.1754 -0.0308
vn -0.6957 0.2569 -0.6709
vn -0.6953 0.2580 -0.6708
vn -0.5799 0.8127 -0.0570
vn -0.3335 0.7866 0.5197
vn -0.3880 0.0657 0.9193
vn 0.4739 0.6214 0.6240
vn -0.3337 0.7871 0.5188
vn -0.0469 0.9685 -0.2445
vn -0.3341 0.7871 0.5185
vn -0.9104 0.4100 0.0544
vn -0.3880 0.0659 0.9193
vn -0.3340 0.7872 0.5184
vn 0.9842 -0.0876 0.1541
vn 0.6585 0.6302 0.4114
vn 0.2993 0.1102 0.9478
vn 0.5641 0.7154 -0.4123
vn 0.6597 0.6290 0.4114
vn -0.1240 0.9147 0.3845
vn 0.6593 0.6291 0.4118
vn 0.6593 0.6285 0.4126
vn 0.2994 0.1099 0.9478
vn 0.5092 0.4837 -0.7119
vn 0.1668 0.9789 -0.1185
vn 0.9609 0.2659 -0.0771
vn 0.5083 0.4849 -0.7117
vn 0.4889 -0.3260 -0.8092
vn 0.5092 0.4833 -0.7121
vn -0.3207 0.3699 -0.8720
vn 0.1661 0.9790 -0.1183
vn 0.5089 0.4844 -0.7116
vn 0.0466 0.9731 -0.2256
vn -0.7194 0.6382 -0.2742
vn -0.5796 0.5850 0.5673
vn -0.3689 0.2564 -0.8934
vn -0.7193 0.6382 -0.2744
vn -0.9836 -0.1281 -0.1272
vn -0.7195 0.6380 -0.2743
vn -0.5796 0.5849 0.5673
vn -0.7196 0.6380 -0.2741
vn 0.9358 0.0351 0.3508
vn 0.4088 0.5252 0.7463
vn 0.1116 -0.2031 0.9728
vn 0.4266 0.9044 -0.0070
vn 0.4083 0.5263 0.7459
vn -0.4119 0.6623 0.6259
vn 0.4083 0.5256 0.7463
vn 0.4081 0.5256 0.7465
vn 0.1113 -0.2031 0.9728
vn 0.9834 0.0603 0.1710
vn 0.6473 0.7506 -0.1325
vn 0.2819 0.7307 0.6218
vn 0.5638 0.2542 -0.7858
vn 0.6510 0.7474 -0.1331
vn -0.1413 0.9270 -0.3475
vn 0.6496 0.7488 -0.1318
vn 0.2816 0.7309 0.6217
vn 0.6489 0.7493 -0.1319
vn -0.1445 0.6305 -0.7626
vn -0.2712 0.9625 -0.0019
vn 0.6414 0.6157 -0.4578
vn 0.0805 -0.1274 -0.9886
vn -0.1445 0.6306 -0.7625
vn -0.8148 0.2178 -0.5372
vn -0.1443 0.6306 -0.7626
vn -0.2708 0.9626 -0.0020
vn -0.1442 0.6305 -0.7627
vn 0.2318 0.8372 0.4953
vn -0.5890 0.7603 0.2739
vn -0.5251 0.1481 0.8381
vn -0.2439 0.8473 -0.4718
vn -0.5889 0.7605 0.2736
vn -0.5898 0.7600 0.2732
vn -0.9781 0.1704 -0.1196
vn -0.5252 0.1474 0.8381
vn -0.5898 0.7597 0.2737
vn 0.9726 0.2107 0.0982
vn 0.7871 -0.1636 -0.5948
vn 0.4203 0.5453 -0.7252
vn 0.6376 -0.7668 -0.0742
vn 0.7871 -0.1647 -0.5944
vn 0.0846 -0.4317 -0.8980
vn 0.7868 -0.1646 -0.5948
vn 0.4189 0.5460 -0.7255
vn 0.7867 -0.1639 -0.5951
vn 0.8272 -0.3230 0.4597
vn 0.1767 -0.2828 0.9428
vn -0.0563 -0.8878 0.4567
vn 0.2934 0.5081 0.8098
vn 0.1767 -0.2829 0.9427
vn -0.5886 -0.0566 0.8064
vn 0.1771 -0.2828 0.9427
vn 0.1770 -0.2828 0.9427
vn -0.0560 -0.8878 0.4568
vn 0.6978 -0.1095 0.7078
vn 0.3418 -0.8032 0.4879
vn 0.9842 -0.1704 -0.0482
vn 0.5967 0.6563 0.4618
vn 0.6979 -0.1099 0.7077
vn 0.6993 -0.1097 0.7063
vn -0.0443 0.0247 0.9987
vn 0.3428 -0.8036 0.4865
vn 0.6992 -0.1095 0.7065
vn 0.9529 0.1380 0.2702
vn 0.8444 0.0774 -0.5302
vn 0.4728 0.7876 -0.3953
vn 0.6628 -0.6786 -0.3166
vn 0.8437 0.0846 -0.5301
vn 0.1805 -0.0296 -0.9831
vn 0.8436 0.0806 -0.5309
vn 0.4714 0.7880 -0.3960
vn 0.8435 0.0812 -0.5309
vn 0.9587 -0.2842 -0.0094
vn 0.8305 0.4245 0.3607
vn 0.4594 -0.0695 0.8855
vn 0.6567 0.6391 -0.4004
vn 0.8305 0.4237 0.3617
vn 0.1565 0.8549 0.4947
vn 0.8291 0.4269 0.3611
vn 0.8303 0.4247 0.3609
vn 0.4592 -0.0687 0.8857
vn 0.3882 0.4447 0.8072
vn -0.4034 0.5877 0.7014
vn -0.4334 -0.2024 0.8782
vn -0.1084 0.9920 0.0642
vn -0.4033 0.5878 0.7013
vn -0.9290 0.3444 0.1350
vn -0.4029 0.5879 0.7015
vn -0.4331 -0.2022 0.8784
vn 0.9126 -0.1784 0.3679
vn 0.3601 -0.0028 0.9329
vn 0.0769 -0.7216 0.6880
vn 0.4065 0.7173 0.5659
vn 0.3602 -0.0028 0.9329
vn -0.4303 0.1732 0.8859
vn 0.3596 -0.0042 0.9331
vn 0.0758 -0.7221 0.6876
vn 0.3595 -0.0035 0.9331
vn 0.7241 0.4185 0.5483
vn 0.3643 -0.2135 0.9065
vn 0.9824 -0.1767 0.0612
vn 0.6096 0.7743 -0.1699
vn 0.7257 0.4149 0.5489
vn -0.0093 0.7375 0.6753
vn 0.7242 0.4177 0.5486
vn 0.3646 -0.2133 0.9064
vn 0.7242 0.4183 0.5483
vn 0.5907 -0.1690 -0.7890
vn -0.1733 -0.4132 -0.8940
vn -0.2911 0.3879 -0.8745
vn 0.0576 -0.9434 -0.3266
vn -0.1730 -0.4133 -0.8940
vn -0.1727 -0.4127 -0.8943
vn -0.8255 -0.3856 -0.4122
vn -0.2917 0.3883 -0.8742
vn -0.1727 -0.4137 -0.8939
vn 0.8516 -0.4822 -0.2058
vn 0.4828 -0.1839 -0.8562
vn 0.9450 0.3218 -0.0591
vn 0.6629 -0.4627 0.5886
vn 0.8516 -0.4833 -0.2029
vn 0.8516 -0.4833 -0.2032
vn 0.2086 -0.9540 -0.2156
vn 0.4833 -0.1825 -0.8562
vn 0.8516 -0.4821 -0.2056
vn 0.1337 -0.1560 -0.9787
vn -0.0848 0.6041 -0.7924
vn 0.8116 0.0916 -0.5770
vn 0.2674 -0.8088 -0.5237
vn 0.1337 -0.1563 -0.9786
vn 0.1336 -0.1561 -0.9787
vn -0.6100 -0.2928 -0.7363
vn -0.0849 0.6041 -0.7924
vn 0.1336 -0.1559 -0.9787
vn 0.4475 0.4066 -0.7965
vn -0.3402 0.2511 -0.9062
vn -0.3974 0.8463 -0.3547
vn -0.0623 -0.5053 -0.8607
vn -0.3400 0.2549 -0.9052
vn -0.9049 -0.0655 -0.4206
vn -0.3399 0.2553 -0.9052
vn -0.3968 0.8464 -0.3551
vn -0.3396 0.2547 -0.9054
vn 0.2700 0.4196 -0.8666
vn -0.5066 0.2283 -0.8314
vn -0.4917 0.8279 -0.2700
vn -0.1969 -0.5082 -0.8384
vn -0.5065 0.2282 -0.8315
vn -0.9628 -0.1171 -0.2434
vn -0.5069 0.2281 -0.8313
vn -0.5070 0.2283 -0.8312
vn -0.4918 0.8279 -0.2697
vn 0.4441 -0.7331 -0.5151
vn -0.3331 -0.8629 -0.3801
vn -0.3907 -0.2206 -0.8937
vn -0.0647 -0.9281 0.3666
vn -0.3331 -0.8629 -0.3800
vn -0.9055 -0.4242 0.0076
vn -0.3338 -0.8631 -0.3790
vn -0.3338 -0.8624 -0.3805
vn -0.3911 -0.2216 -0.8933
vn 0.2749 0.0280 0.9611
vn 0.0139 -0.7002 0.7138
vn 0.8798 -0.1672 0.4450
vn 0.2751 0.0274 0.9610
vn 0.3569 0.7344 0.5773
vn 0.2755 0.0276 0.9609
vn -0.4995 0.1995 0.8430
vn 0.0143 -0.7004 0.7136
vn 0.2755 0.0277 0.9609
vn 0.9697 -0.0386 0.2410
vn 0.7920 0.5072 -0.3399
vn 0.4253 0.8570 0.2909
vn 0.6406 -0.1787 -0.7468
vn 0.7921 0.5074 -0.3394
vn 0.1000 0.7157 -0.6912
vn 0.7926 0.5068 -0.3391
vn 0.7924 0.5068 -0.3394
vn 0.4258 0.8567 0.2911
vn -0.0033 0.4073 -0.9133
vn -0.6338 0.2058 -0.7456
vn -0.5246 0.8461 -0.0948
vn -0.4052 -0.4259 -0.8090
vn -0.6337 0.2035 -0.7463
vn -0.9821 -0.1885 0.0028
vn -0.6342 0.2053 -0.7454
vn -0.5248 0.8459 -0.0950
vn -0.6342 0.2058 -0.7453
vn -0.9606 0.2746 0.0430
vn -0.7212 -0.1065 0.6844
vn -0.4662 0.8223 0.3263
vn -0.5672 0.4894 -0.6624
vn -0.9606 0.2744 0.0436
vn -0.8305 -0.4751 -0.2908
vn -0.9617 0.2707 0.0427
vn -0.9617 0.2707 0.0421
vn -0.7216 -0.1082 0.6838
vn -0.5923 0.3184 0.7401
vn -0.5333 -0.5580 0.6358
vn 0.0272 0.2589 0.9655
vn -0.3479 0.8611 0.3706
vn -0.5926 0.3187 0.7398
vn -0.9800 0.1653 -0.1107
vn -0.5926 0.3163 0.7408
vn -0.5332 -0.5576 0.6362
vn -0.5918 0.3186 0.7404
vn 0.0382 0.3115 -0.9495
vn -0.5936 0.7661 -0.2464
vn -0.6991 0.1001 -0.7080
vn -0.6991 0.0997 -0.7081
vn -0.3493 -0.6228 -0.7000
vn -0.6989 0.0996 -0.7083
vn -0.9839 -0.1789 0.0038
vn -0.5934 0.7662 -0.2466
vn -0.6988 0.1002 -0.7083
vn 0.9724 0.2055 0.1102
vn 0.7643 -0.0836 -0.6394
vn 0.3626 0.6708 -0.6470
vn 0.6318 -0.7478 -0.2040
vn 0.7643 -0.0811 -0.6397
vn 0.0265 -0.3079 -0.9511
vn 0.7650 -0.0815 -0.6388
vn 0.3614 0.6708 -0.6477
vn 0.7651 -0.0831 -0.6386
vn 0.8923 -0.2746 0.3583
vn 0.2677 -0.2290 0.9359
vn 0.0159 -0.8658 0.5002
vn 0.3510 0.5904 0.7267
vn 0.2677 -0.2299 0.9357
vn -0.5135 -0.0297 0.8576
vn 0.2680 -0.2293 0.9357
vn 0.0156 -0.8656 0.5005
vn 0.2680 -0.2294 0.9357
vn -0.1479 -0.2929 -0.9446
vn -0.2740 0.4984 -0.8225
vn 0.6121 -0.0580 -0.7886
vn 0.0764 -0.8910 -0.4475
vn -0.1477 -0.2921 -0.9449
vn -0.8107 -0.3339 -0.4808
vn -0.1478 -0.2915 -0.9451
vn -0.2748 0.4984 -0.8222
vn -0.1473 -0.2937 -0.9445
vn 0.9683 -0.2028 -0.1456
vn 0.7750 0.0929 0.6251
vn 0.4080 -0.6363 0.6547
vn 0.6136 0.7747 0.1527
vn 0.7751 0.0938 0.6248
vn 0.0611 0.3173 0.9464
vn 0.7746 0.0937 0.6255
vn 0.7746 0.0931 0.6256
vn 0.4080 -0.6365 0.6545
vn 0.9620 0.0629 0.2658
vn 0.8021 0.2906 -0.5217
vn 0.4094 0.9062 -0.1061
vn 0.6380 -0.5138 -0.5736
vn 0.8016 0.2911 -0.5222
vn 0.0900 0.3201 -0.9431
vn 0.8013 0.2914 -0.5224
vn 0.8006 0.2950 -0.5216
vn 0.4086 0.9066 -0.1058
vn 0.1543 -0.2140 -0.9646
vn -0.0719 0.5515 -0.8311
vn 0.8141 0.0532 -0.5783
vn 0.1540 -0.2139 -0.9646
vn 0.2785 -0.8406 -0.4646
vn 0.1541 -0.2166 -0.9640
vn -0.6071 -0.3421 -0.7172
vn -0.0718 0.5513 -0.8312
vn 0.1540 -0.2154 -0.9643
vn -0.0269 0.0117 -0.9996
vn -0.7493 -0.1103 -0.6530
vn -0.6206 0.6577 -0.4269
vn -0.3857 -0.8051 -0.4505
vn -0.7492 -0.1105 -0.6530
vn -0.9796 -0.1594 0.1223
vn -0.7502 -0.1105 -0.6519
vn -0.6203 0.6581 -0.4268
vn -0.7502 -0.1087 -0.6522
vn 0.8050 0.4538 0.3823
vn 0.4160 -0.0659 0.9070
vn 0.9654 -0.2606 0.0124
vn 0.6344 0.6610 -0.4008
vn 0.8050 0.4547 0.3810
vn 0.0798 0.8672 0.4916
vn 0.8046 0.4550 0.3816
vn 0.4162 -0.0660 0.9069
vn 0.8046 0.4544 0.3823
vn 0.4133 0.4701 0.7799
vn -0.3957 0.6201 0.6774
vn -0.4252 -0.1756 0.8879
vn -0.0893 0.9960 -0.0060
vn -0.3955 0.6189 0.6786
vn -0.3954 0.6187 0.6789
vn -0.9333 0.3430 0.1064
vn -0.4254 -0.1760 0.8877
vn -0.3954 0.6193 0.6783
vn 0.3572 0.0402 0.9332
vn 0.0735 -0.6980 0.7123
vn 0.9187 -0.1598 0.3612
vn 0.3990 0.7638 0.5074
vn 0.3574 0.0407 0.9331
vn 0.3568 0.0400 0.9333
vn -0.4560 0.2174 0.8630
vn 0.0723 -0.6980 0.7124
vn 0.3566 0.0393 0.9334
vn 0.9821 -0.1785 0.0603
vn 0.7193 0.4482 0.5307
vn 0.3529 -0.1798 0.9182
vn 0.5901 0.7736 -0.2312
vn 0.7193 0.4488 0.5302
vn -0.0444 0.7714 0.6348
vn 0.7187 0.4493 0.5307
vn 0.7188 0.4486 0.5311
vn 0.3523 -0.1795 0.9185
vn -0.3809 -0.1735 -0.9082
vn -0.4142 0.6283 -0.6586
vn 0.4269 0.0098 -0.9043
vn -0.3808 -0.1728 -0.9084
vn -0.0900 -0.8428 -0.5307
vn -0.3815 -0.1735 -0.9079
vn -0.9296 -0.2351 -0.2838
vn -0.4136 0.6286 -0.6586
vn -0.3819 -0.1708 -0.9083
vn 0.1769 0.1437 -0.9737
vn -0.0426 0.8132 -0.5804
vn 0.8705 0.2566 -0.4200
vn 0.3037 -0.6484 -0.6981
vn 0.1768 0.1456 -0.9734
vn 0.1767 0.1447 -0.9736
vn -0.5539 -0.0431 -0.8315
vn -0.0437 0.8132 -0.5804
vn 0.1766 0.1446 -0.9736
vn -0.1281 0.4944 -0.8597
vn -0.2613 0.9501 -0.1704
vn 0.6500 0.5254 -0.5491
vn 0.0919 -0.2953 -0.9510
vn -0.1280 0.4945 -0.8597
vn -0.8078 0.1276 -0.5754
vn -0.1288 0.4944 -0.8596
vn -0.1286 0.4943 -0.8597
vn -0.2613 0.9501 -0.1705
vn -0.7447 0.4715 -0.4722
vn -0.6135 0.7268 0.3088
vn -0.0477 0.8153 -0.5770
vn -0.3729 -0.1152 -0.9207
vn -0.7448 0.4705 -0.4731
vn -0.7458 0.4696 -0.4726
vn -0.9677 -0.2508 -0.0240
vn -0.7457 0.4708 -0.4714
vn -0.6140 0.7263 0.3090
vn 0.2949 0.2900 0.9105
vn 0.0270 -0.4870 0.8730
vn 0.8959 -0.0459 0.4419
vn 0.3641 0.8768 0.3142
vn 0.2947 0.2898 0.9106
vn -0.5068 0.4270 0.7489
vn 0.2949 0.2896 0.9106
vn 0.0268 -0.4865 0.8733
vn 0.2950 0.2898 0.9105
vn 0.9814 0.0110 0.1915
vn 0.7117 0.6505 -0.2651
vn 0.3350 0.8213 0.4618
vn 0.5947 0.0338 -0.8032
vn 0.7118 0.6504 -0.2653
vn 0.7111 0.6517 -0.2640
vn -0.0493 0.8421 -0.5370
vn 0.7118 0.6503 -0.2653
vn 0.3349 0.8214 0.4617
vn -0.3598 0.5494 -0.7542
vn -0.4019 0.9153 -0.0258
vn 0.4721 0.6563 -0.5886
vn -0.0576 -0.2078 -0.9765
vn -0.3597 0.5494 -0.7542
vn -0.9120 0.0765 -0.4030
vn -0.3598 0.5493 -0.7542
vn -0.3599 0.5493 -0.7541
vn -0.4015 0.9155 -0.0260
vn -0.6699 0.6677 0.3246
vn -0.5753 0.0159 0.8178
vn 0.1100 0.8005 0.5891
vn -0.2984 0.8660 -0.4013
vn -0.6699 0.6681 0.3239
vn -0.9835 0.0766 -0.1638
vn -0.6705 0.6677 0.3234
vn -0.5752 0.0162 0.8179
vn -0.6705 0.6672 0.3245
vn 0.9619 0.2175 -0.1656
vn 0.4505 -0.4892 -0.7468
vn 0.8226 -0.5676 -0.0329
vn 0.8226 -0.5679 -0.0283
vn 0.6522 -0.2758 0.7061
vn 0.8204 -0.5711 -0.0288
vn 0.1407 -0.9822 0.1248
vn 0.4502 -0.4891 -0.7471
vn 0.8205 -0.5707 -0.0327
vn 0.8901 0.0311 -0.4547
vn 0.3032 -0.3107 -0.9008
vn 0.0335 0.4549 -0.8899
vn 0.3736 -0.8707 -0.3198
vn 0.3032 -0.3097 -0.9012
vn -0.4809 -0.4469 -0.7543
vn 0.3037 -0.3102 -0.9008
vn 0.0348 0.4534 -0.8906
vn 0.3037 -0.3103 -0.9008
vn 0.5029 -0.5880 -0.6335
vn -0.2803 -0.7837 -0.5543
vn -0.3576 -0.0670 -0.9315
vn -0.0162 -0.9825 0.1856
vn -0.2800 -0.7838 -0.5542
vn -0.8786 -0.4643 -0.1117
vn -0.2804 -0.7843 -0.5534
vn -0.2803 -0.7830 -0.5553
vn -0.3576 -0.0730 -0.9310
vn -0.6621 0.0463 -0.7480
vn -0.5773 0.7419 -0.3410
vn 0.0936 0.2369 -0.9670
vn -0.3113 -0.6800 -0.6638
vn -0.6620 0.0450 -0.7481
vn -0.6616 0.0447 -0.7485
vn -0.9839 -0.1745 -0.0382
vn -0.5759 0.7428 -0.3414
vn -0.6618 0.0513 -0.7480
vn -0.4096 0.3952 0.8222
vn -0.9485 0.1895 0.2539
vn -0.6929 -0.5491 0.4672
vn -0.5810 0.8039 -0.1276
vn -0.9486 0.1904 0.2527
vn -0.8644 -0.1404 -0.4827
vn -0.9490 0.1900 0.2518
vn -0.6929 -0.5494 0.4669
vn -0.9490 0.1887 0.2527
vn 0.9021 -0.0737 -0.4252
vn 0.3321 -0.5254 -0.7834
vn 0.0531 0.2088 -0.9765
vn 0.3868 -0.9192 -0.0743
vn 0.3305 -0.5319 -0.7797
vn -0.4590 -0.6327 -0.6237
vn 0.3314 -0.5276 -0.7822
vn 0.3314 -0.5268 -0.7827
vn 0.0538 0.2100 -0.9762
vn 0.2880 -0.1363 -0.9479
vn -0.4991 -0.2792 -0.8203
vn -0.4872 0.5197 -0.7018
vn -0.1794 -0.8977 -0.4024
vn -0.4994 -0.2804 -0.8198
vn -0.9584 -0.2393 -0.1556
vn -0.4955 -0.2835 -0.8210
vn -0.4868 0.5208 -0.7013
vn -0.4966 -0.2810 -0.8212
vn 0.2138 0.2061 -0.9549
vn -0.5646 0.0252 -0.8250
vn -0.5251 0.7330 -0.4324
vn -0.2326 -0.7001 -0.6751
vn -0.5646 0.0244 -0.8250
vn -0.9727 -0.1730 -0.1544
vn -0.5637 0.0237 -0.8256
vn -0.5245 0.7332 -0.4328
vn -0.5639 0.0257 -0.8254
vn 0.6637 0.6915 0.2850
vn 0.3143 0.2977 0.9014
vn 0.9840 -0.0438 0.1729
vn 0.5820 0.6294 -0.5149
vn 0.6717 0.6835 0.2858
vn -0.0877 0.9737 0.2101
vn 0.6663 0.6884 0.2866
vn 0.3166 0.2978 0.9006
vn 0.6685 0.6847 0.2903
vn -0.0559 -0.1731 0.9833
vn -0.7676 0.0012 0.6410
vn -0.6297 -0.7186 0.2951
vn -0.4020 0.7207 0.5648
vn -0.7678 0.0011 0.6407
vn -0.7663 0.0013 0.6424
vn -0.9766 0.1765 -0.1226
vn -0.6304 -0.7179 0.2955
vn -0.7652 0.0127 0.6436
vn 0.8414 -0.5343 -0.0805
vn 0.4425 -0.3872 -0.8088
vn 0.9422 0.3012 -0.1465
vn 0.6588 -0.3109 0.6851
vn 0.8415 -0.5337 -0.0836
vn 0.8412 -0.5343 -0.0830
vn 0.1676 -0.9853 0.0318
vn 0.4422 -0.3885 -0.8085
vn 0.8413 -0.5344 -0.0807
vn 0.2595 -0.2627 -0.9293
vn -0.0114 0.5422 -0.8401
vn 0.8766 0.0565 -0.4779
vn 0.3443 -0.8546 -0.3888
vn 0.2621 -0.2500 -0.9321
vn 0.2623 -0.2555 -0.9305
vn -0.5422 -0.3903 -0.7441
vn -0.0120 0.5434 -0.8394
vn 0.2626 -0.2555 -0.9305
vn 0.4853 -0.6289 -0.6074
vn -0.3074 -0.8036 -0.5096
vn -0.3741 -0.0985 -0.9221
vn -0.0247 -0.9632 0.2678
vn -0.3073 -0.8035 -0.5099
vn -0.9038 -0.4251 -0.0496
vn -0.3057 -0.8035 -0.5108
vn -0.3748 -0.0979 -0.9219
vn -0.3014 -0.8090 -0.5046
vn 0.1821 0.3146 -0.9316
vn -0.6254 0.1101 -0.7725
vn -0.5412 0.7907 -0.2861
vn -0.2768 -0.6332 -0.7228
vn -0.6255 0.1080 -0.7727
vn -0.9829 -0.1602 -0.0913
vn -0.6255 0.1073 -0.7728
vn -0.6256 0.1139 -0.7718
vn -0.5400 0.7915 -0.2861
vn 0.8671 -0.1578 0.4724
vn 0.2561 0.0412 0.9658
vn 0.0014 -0.6892 0.7245
vn 0.3440 0.7443 0.5725
vn 0.2564 0.0413 0.9657
vn -0.5234 0.2126 0.8252
vn 0.2555 0.0413 0.9659
vn 0.2556 0.0411 0.9659
vn 0.0004 -0.6887 0.7251
vn 0.7824 0.5163 -0.3484
vn 0.4174 0.8623 0.2866
vn 0.9733 -0.0207 0.2286
vn 0.7838 0.5157 -0.3461
vn 0.6370 -0.1704 -0.7518
vn 0.7830 0.5162 -0.3470
vn 0.0778 0.7150 -0.6948
vn 0.4147 0.8640 0.2855
vn 0.7800 0.5209 -0.3468
vn -0.4084 0.5979 0.6897
vn -0.9522 0.2443 0.1836
vn -0.6995 -0.4112 0.5845
vn -0.5434 0.7565 -0.3638
vn -0.9522 0.2451 0.1826
vn -0.8415 -0.2777 -0.4634
vn -0.9526 0.2440 0.1817
vn -0.6998 -0.4110 0.5843
vn -0.9526 0.2434 0.1826
vn 0.5086 0.2409 -0.8266
vn -0.3535 0.0563 -0.9338
vn -0.3898 0.7512 -0.5326
vn -0.0373 -0.7166 -0.6965
vn -0.3534 0.0568 -0.9337
vn -0.9016 -0.1481 -0.4063
vn -0.3536 0.0544 -0.9338
vn -0.3531 0.0558 -0.9339
vn -0.3951 0.7510 -0.5291
vn 0.1262 0.2555 -0.9585
vn -0.6379 0.0652 -0.7674
vn -0.5502 0.7764 -0.3074
vn -0.2965 -0.6683 -0.6823
vn -0.6376 0.0619 -0.7679
vn -0.9836 -0.1782 -0.0281
vn -0.6383 0.0647 -0.7671
vn -0.5501 0.7758 -0.3090
vn -0.6384 0.0653 -0.7669
vn -0.3646 0.4342 0.8237
vn -0.3993 -0.3480 0.8482
vn 0.5336 0.2076 0.8199
vn -0.0320 0.9763 0.2139
vn -0.3645 0.4345 0.8236
vn -0.8907 0.3431 0.2984
vn -0.3637 0.4357 0.8234
vn -0.3666 0.4284 0.8259
vn -0.3986 -0.3486 0.8483
vn 0.4627 0.7577 -0.4603
vn 0.6970 0.5360 -0.4763
vn 0.4933 0.5460 -0.6772
vn 0.7547 0.6073 -0.2482
vn 0.8659 0.4401 -0.2379
vn 0.8579 0.4976 -0.1280
vn 0.6247 0.3927 -0.6749
vn 0.4915 0.4213 -0.7622
vn 0.8413 0.3044 -0.4468
vn -0.1824 0.8377 -0.5148
vn -0.1769 0.9531 -0.2455
vn -0.0324 0.8792 -0.4753
vn -0.3044 0.9279 -0.2152
vn -0.2934 0.9559 -0.0162
vn -0.3526 0.9341 -0.0564
vn -0.0291 0.9567 -0.2897
vn 0.0430 0.8915 -0.4510
vn -0.1700 0.9833 0.0643
vn -0.5998 0.7999 0.0206
vn -0.4900 0.7294 0.4774
vn -0.2076 0.8843 0.4182
vn -0.7253 0.6200 0.2992
vn -0.6427 0.5227 0.5601
vn -0.7541 0.5011 0.4245
vn -0.1145 0.7438 0.6585
vn 0.0128 0.8230 0.5680
vn -0.3586 0.5161 0.7779
vn 0.1015 0.9777 -0.1838
vn 0.4824 0.8753 -0.0339
vn 0.3761 0.8526 -0.3628
vn 0.3465 0.9158 0.2031
vn 0.5583 0.7737 0.2996
vn 0.4416 0.8125 0.3804
vn 0.6090 0.7485 -0.2625
vn 0.4961 0.7510 -0.4357
vn 0.7549 0.6451 0.1183
vn -0.2551 0.8161 -0.5185
vn -0.3415 0.6659 -0.6633
vn -0.4713 0.7072 -0.5270
vn -0.1791 0.6921 -0.6992
vn -0.2233 0.5833 -0.7810
vn -0.1374 0.6162 -0.7755
vn -0.5157 0.6000 -0.6115
vn -0.5691 0.6372 -0.5197
vn -0.3894 0.5026 -0.7719
vn -0.5146 0.7510 0.4138
vn -0.6009 0.5100 0.6155
vn -0.3696 0.5655 0.7373
vn -0.7416 0.5447 0.3916
vn -0.7820 0.3781 0.4955
vn -0.8290 0.4224 0.3667
vn -0.4046 0.3892 0.8275
vn -0.2752 0.4391 0.8552
vn -0.6389 0.2657 0.7220
vn 0.1636 0.6614 -0.7320
vn 0.2464 0.4282 -0.8694
vn -0.0212 0.4950 -0.8686
vn 0.4569 0.4482 -0.7683
vn 0.4967 0.2856 -0.8196
vn 0.5810 0.3195 -0.7485
vn 0.0281 0.3416 -0.9394
vn -0.1130 0.3969 -0.9109
vn 0.3082 0.2063 -0.9287
vn 0.5352 0.7173 -0.4462
vn 0.3114 0.5838 -0.7498
vn 0.0740 0.7079 -0.7024
vn 0.5756 0.5220 -0.6295
vn 0.4408 0.4150 -0.7959
vn 0.5801 0.4100 -0.7039
vn -0.0691 0.5607 -0.8251
vn -0.1641 0.6307 -0.7585
vn 0.1248 0.3897 -0.9125
vn -0.0058 0.8761 -0.4821
vn -0.3934 0.8298 -0.3958
vn -0.1789 0.9646 -0.1936
vn -0.3346 0.7334 -0.5917
vn -0.5705 0.6388 -0.5162
vn -0.4815 0.6238 -0.6157
vn -0.4297 0.8938 -0.1284
vn -0.2574 0.9655 -0.0406
vn -0.7174 0.6339 -0.2890
vn 0.1546 0.8258 0.5424
vn 0.3220 0.8204 0.4725
vn 0.1426 0.8490 0.5088
vn 0.3739 0.7919 0.4828
vn 0.4805 0.7679 0.4236
vn 0.4761 0.7594 0.4435
vn 0.2580 0.8480 0.4630
vn 0.1365 0.8600 0.4917
vn 0.4886 0.7837 0.3835
vn 0.0225 0.8891 -0.4572
vn 0.0055 0.9979 -0.0653
vn 0.2868 0.9151 -0.2834
vn -0.2103 0.9687 -0.1315
vn -0.2317 0.9618 0.1459
vn -0.3137 0.9487 0.0395
vn 0.2694 0.9630 -0.0074
vn 0.4081 0.8938 -0.1858
vn -0.0547 0.9349 0.3507
vn -0.0596 0.5752 -0.8158
vn -0.3999 0.6294 -0.6663
vn -0.1808 0.7578 -0.6269
vn -0.3625 0.5164 -0.7759
vn -0.5760 0.5046 -0.6431
vn -0.5010 0.4683 -0.7279
vn -0.4045 0.7608 -0.5075
vn -0.2358 0.8254 -0.5129
vn -0.7016 0.5558 -0.4460
vn 0.5703 0.7912 -0.2209
vn 0.5644 0.7108 -0.4197
vn 0.4723 0.7347 -0.4870
vn 0.6399 0.7245 -0.2563
vn 0.6385 0.6706 -0.3776
vn 0.6722 0.6882 -0.2730
vn 0.4560 0.6611 -0.5959
vn 0.4085 0.6836 -0.6049
vn 0.5471 0.6104 -0.5728
vn 0.0353 0.8762 0.4806
vn -0.1919 0.7503 0.6326
vn 0.0724 0.7357 0.6734
vn -0.3204 0.8078 0.4948
vn -0.4558 0.6899 0.5624
vn -0.4826 0.7341 0.4776
vn -0.0718 0.6436 0.7620
vn 0.0894 0.6494 0.7552
vn -0.3885 0.5811 0.7151
vn -0.1556 0.5891 0.7929
vn 0.0395 0.5509 0.8336
vn -0.1437 0.6282 0.7647
vn 0.0692 0.5039 0.8610
vn 0.2033 0.4596 0.8645
vn 0.1799 0.4495 0.8750
vn -0.0086 0.6039 0.7970
vn -0.1376 0.6472 0.7498
vn 0.2502 0.4791 0.8413
vn -0.3957 0.9052 0.1549
vn -0.7294 0.6805 0.0700
vn -0.6226 0.6749 0.3961
vn -0.6341 0.7445 -0.2088
vn -0.7913 0.5521 -0.2627
vn -0.7029 0.6050 -0.3741
vn -0.7991 0.5002 0.3335
vn -0.6984 0.5190 0.4928
vn -0.9129 0.4077 -0.0215
vn -0.3596 0.3427 0.8679
vn -0.2175 0.3504 0.9110
vn -0.3517 0.3592 0.8645
vn -0.1865 0.3364 0.9231
vn -0.0862 0.3358 0.9380
vn -0.0975 0.3291 0.9392
vn -0.2555 0.3648 0.8954
vn -0.3477 0.3674 0.8626
vn -0.0635 0.3489 0.9350
vn -0.3049 0.9293 -0.2084
vn -0.2560 0.7650 -0.5910
vn -0.5328 0.7527 -0.3868
vn 0.0049 0.8367 -0.5477
vn 0.0516 0.6616 -0.7481
vn 0.1593 0.7224 -0.6728
vn -0.4929 0.6139 -0.6166
vn -0.6239 0.6322 -0.4594
vn -0.1671 0.4977 -0.8511
vn -0.2510 0.6172 -0.7457
vn -0.3443 0.5928 -0.7280
vn -0.3749 0.5837 -0.7202
vn -0.2510 0.6169 -0.7460
vn -0.3134 0.6011 -0.7351
vn -0.2510 0.6165 -0.7462
vn -0.4344 0.5629 -0.7032
vn -0.4345 0.5632 -0.7029
vn -0.4343 0.5626 -0.7035
vn -0.0605 0.9905 0.1234
vn 0.0198 0.9655 0.2598
vn 0.0708 0.9559 0.2852
vn -0.0828 0.9862 0.1437
vn -0.0303 0.9716 0.2346
vn -0.0939 0.9836 0.1538
vn 0.1228 0.9207 0.3705
vn 0.1353 0.9226 0.3613
vn 0.0979 0.9162 0.3886
vn -0.5871 0.0168 -0.8093
vn -0.4063 -0.0767 -0.9105
vn -0.5868 0.0174 -0.8096
vn -0.3411 -0.1081 -0.9338
vn -0.2054 -0.1668 -0.9644
vn -0.2064 -0.1669 -0.9641
vn -0.4695 -0.0445 -0.8818
vn -0.5862 0.0181 -0.8099
vn -0.2035 -0.1667 -0.9648
vn -0.5976 -0.7928 0.1195
vn -0.6669 -0.7443 -0.0359
vn -0.5995 -0.7916 0.1182
vn -0.6841 -0.7242 -0.0869
vn -0.7141 -0.6740 -0.1893
vn -0.7133 -0.6751 -0.1882
vn -0.6476 -0.7618 0.0148
vn -0.6005 -0.7909 0.1176
vn -0.7154 -0.6720 -0.1912
vn 0.5299 0.5915 0.6077
vn 0.3188 0.6965 0.6428
vn 0.5543 0.6049 0.5717
vn 0.2334 0.6972 0.6778
vn 0.0758 0.7374 0.6712
vn 0.0761 0.7231 0.6865
vn 0.4152 0.6834 0.6005
vn 0.5660 0.6112 0.5532
vn 0.0753 0.7649 0.6398
vn 0.0308 -0.0380 -0.9988
vn 0.1657 -0.0816 -0.9828
vn 0.0337 -0.0375 -0.9987
vn 0.2073 -0.0963 -0.9735
vn 0.2944 -0.1241 -0.9476
vn 0.2929 -0.1242 -0.9480
vn 0.1237 -0.0668 -0.9901
vn 0.0353 -0.0373 -0.9987
vn 0.2973 -0.1240 -0.9467
vn -0.4599 -0.1413 0.8766
vn -0.2707 -0.3618 0.8921
vn -0.1857 -0.4167 0.8899
vn -0.4715 -0.1570 0.8678
vn -0.3513 -0.3046 0.8853
vn -0.4772 -0.1648 0.8632
vn -0.0458 -0.5376 0.8419
vn -0.0382 -0.5310 0.8465
vn -0.0609 -0.5507 0.8325
vn 0.6200 0.2750 -0.7348
vn 0.8015 0.2620 -0.5375
vn 0.6207 0.2768 -0.7335
vn 0.8495 0.2519 -0.4636
vn 0.9247 0.2289 -0.3042
vn 0.9242 0.2284 -0.3062
vn 0.7465 0.2704 -0.6080
vn 0.6211 0.2778 -0.7328
vn 0.9257 0.2298 -0.3003
vn -0.9557 0.2451 -0.1631
vn -0.8869 0.2042 -0.4144
vn -0.9549 0.2469 -0.1648
vn -0.8509 0.1858 -0.4913
vn -0.7584 0.1480 -0.6348
vn -0.7598 0.1477 -0.6332
vn -0.9164 0.2215 -0.3335
vn -0.9546 0.2477 -0.1656
vn -0.7556 0.1486 -0.6379
vn 0.7903 0.5881 0.1718
vn 0.8365 0.4496 0.3134
vn 0.7900 0.5880 0.1734
vn 0.8447 0.3991 0.3567
vn 0.8486 0.2930 0.4405
vn 0.8489 0.2936 0.4395
vn 0.8244 0.4982 0.2686
vn 0.7899 0.5880 0.1742
vn 0.8481 0.2916 0.4424
vn 0.3402 -0.3193 -0.8845
vn 0.4997 -0.3916 -0.7726
vn 0.3405 -0.3190 -0.8845
vn 0.5481 -0.4127 -0.7275
vn 0.6369 -0.4475 -0.6277
vn 0.6365 -0.4476 -0.6281
vn 0.4485 -0.3685 -0.8143
vn 0.3408 -0.3185 -0.8845
vn 0.6378 -0.4472 -0.6271
vn -0.8713 0.3136 0.3775
vn -0.8714 0.3082 0.3817
vn -0.8722 0.3071 0.3807
vn -0.8706 0.3130 0.3796
vn -0.8706 0.3094 0.3826
vn -0.8701 0.3126 0.3810
vn -0.8723 0.3035 0.3834
vn -0.8727 0.3038 0.3823
vn -0.8715 0.3029 0.3857
vn -0.3383 0.6714 0.6594
vn -0.3349 0.6664 0.6661
vn -0.3361 0.6651 0.6668
vn -0.3360 0.6711 0.6609
vn -0.3338 0.6678 0.6653
vn -0.3349 0.6709 0.6616
vn -0.3339 0.6617 0.6713
vn -0.3350 0.6619 0.6706
vn -0.3317 0.6614 0.6727
vn 0.8502 0.3960 -0.3468
vn 0.8512 0.3894 -0.3519
vn 0.8521 0.3880 -0.3512
vn 0.8496 0.3953 -0.3492
vn 0.8503 0.3908 -0.3525
vn 0.8493 0.3949 -0.3504
vn 0.8528 0.3835 -0.3544
vn 0.8531 0.3839 -0.3534
vn 0.8522 0.3828 -0.3567
vn 0.1001 0.9201 0.3786
vn 0.1623 0.9652 0.2053
vn 0.0321 0.9372 0.3473
vn 0.2528 0.9496 0.1852
vn 0.2883 0.9555 0.0622
vn 0.3233 0.9425 0.0842
vn 0.0721 0.9704 0.2304
vn -0.0019 0.9437 0.3309
vn 0.2166 0.9761 0.0179
vn 0.2605 0.4280 -0.8654
vn 0.2585 0.4189 -0.8705
vn 0.2621 0.4176 -0.8700
vn 0.2562 0.4264 -0.8675
vn 0.2549 0.4203 -0.8709
vn 0.2539 0.4255 -0.8686
vn 0.2608 0.4115 -0.8733
vn 0.2629 0.4123 -0.8723
vn 0.2567 0.4099 -0.8752
vn 0.2049 0.2739 -0.9397
vn 0.2065 0.2670 -0.9413
vn 0.2101 0.2662 -0.9407
vn 0.2022 0.2728 -0.9406
vn 0.2027 0.2680 -0.9418
vn 0.2000 0.2719 -0.9413
vn 0.2112 0.2616 -0.9418
vn 0.2128 0.2622 -0.9412
vn 0.2081 0.2603 -0.9428
vn -0.9435 0.2069 0.2588
vn -0.9436 0.1982 0.2651
vn -0.9451 0.1954 0.2620
vn -0.9420 0.2070 0.2641
vn -0.9421 0.2013 0.2682
vn -0.9413 0.2070 0.2668
vn -0.9451 0.1897 0.2661
vn -0.9458 0.1896 0.2635
vn -0.9437 0.1898 0.2709
vn 0.0474 -0.0009 0.9989
vn 0.0454 -0.0065 0.9989
vn 0.0418 -0.0082 0.9991
vn 0.0504 -0.0012 0.9987
vn 0.0490 -0.0050 0.9988
vn 0.0518 -0.0013 0.9987
vn 0.0406 -0.0118 0.9991
vn 0.0392 -0.0117 0.9992
vn 0.0435 -0.0120 0.9990
vn 0.6979 0.4654 0.5445
vn 0.7309 0.4593 0.5048
vn 0.6978 0.4655 0.5444
vn 0.7415 0.4569 0.4913
vn 0.7620 0.4519 0.4638
vn 0.7201 0.4616 0.5181
vn 0.7620 0.4520 0.4637
vn -0.0992 0.9706 0.2191
vn 0.0242 0.9803 0.1962
vn -0.1091 0.9779 0.1786
vn 0.0718 0.9702 0.2314
vn 0.1545 0.9648 0.2130
vn 0.1565 0.9593 0.2350
vn -0.0261 0.9863 0.1630
vn -0.1140 0.9808 0.1582
vn 0.1503 0.9741 0.1688
vt 0.048035 0.998047
vt 0.048035 0.957973
vt 0.001953 0.998047
vt 0.001953 0.957973
vt 0.094118 0.998047
vt 0.094118 0.957973
vt 0.140200 0.957973
vt 0.140200 0.998047
vt 0.186282 0.957973
vt 0.186282 0.998047
vt 0.424506 0.979770
vt 0.424506 0.976605
vt 0.378424 0.979770
vt 0.378424 0.976605
vt 0.470588 0.979770
vt 0.470588 0.976605
vt 0.516671 0.976605
vt 0.516671 0.979770
vt 0.562753 0.976605
vt 0.562753 0.979770
vt 0.424506 0.951228
vt 0.424506 0.947559
vt 0.378424 0.951228
vt 0.378424 0.947559
vt 0.470588 0.951228
vt 0.470588 0.947559
vt 0.516671 0.947559
vt 0.516671 0.951228
vt 0.562753 0.947559
vt 0.562753 0.951228
vt 0.400977 0.655688
vt 0.400977 0.651655
vt 0.378424 0.655688
vt 0.378424 0.651655
vt 0.423530 0.655688
vt 0.423530 0.651655
vt 0.446082 0.651655
vt 0.446082 0.655688
vt 0.468635 0.651655
vt 0.468635 0.655688
vt 0.400977 0.624224
vt 0.400977 0.621609
vt 0.378424 0.624224
vt 0.378424 0.621609
vt 0.423530 0.624224
vt 0.423530 0.621609
vt 0.446082 0.621609
vt 0.446082 0.624224
vt 0.468635 0.621609
vt 0.468635 0.624224
vt 0.400977 0.591047
vt 0.400977 0.586529
vt 0.378424 0.591047
vt 0.378424 0.586529
vt 0.423530 0.591047
vt 0.423530 0.586529
vt 0.446082 0.586529
vt 0.446082 0.591047
vt 0.468635 0.586529
vt 0.468635 0.591047
vt 0.671565 0.632053
vt 0.671565 0.627427
vt 0.660777 0.632053
vt 0.660777 0.627427
vt 0.682353 0.632053
vt 0.682353 0.627427
vt 0.693141 0.627427
vt 0.693141 0.632053
vt 0.703929 0.627427
vt 0.703929 0.632053
vt 0.400977 0.578598
vt 0.400977 0.574438
vt 0.378424 0.578598
vt 0.378424 0.574438
vt 0.423530 0.578598
vt 0.423530 0.574438
vt 0.446082 0.574438
vt 0.446082 0.578598
vt 0.468635 0.574438
vt 0.468635 0.578598
vt 0.400977 0.546746
vt 0.400977 0.542396
vt 0.378424 0.546746
vt 0.378424 0.542396
vt 0.423530 0.546746
vt 0.423530 0.542396
vt 0.446082 0.542396
vt 0.446082 0.546746
vt 0.468635 0.542396
vt 0.468635 0.546746
vt 0.671565 0.595753
vt 0.671565 0.591289
vt 0.660777 0.595753
vt 0.660777 0.591289
vt 0.682353 0.595753
vt 0.682353 0.591289
vt 0.693141 0.591289
vt 0.693141 0.595753
vt 0.703929 0.591289
vt 0.703929 0.595753
vt 0.048035 0.831300
vt 0.048035 0.793548
vt 0.001953 0.831300
vt 0.001953 0.793548
vt 0.094118 0.831300
vt 0.094118 0.793548
vt 0.140200 0.793548
vt 0.140200 0.831300
vt 0.186282 0.793548
vt 0.186282 0.831300
vt 0.424506 0.935377
vt 0.424506 0.930265
vt 0.378424 0.935377
vt 0.378424 0.930265
vt 0.470588 0.935377
vt 0.470588 0.930265
vt 0.516671 0.930265
vt 0.516671 0.935377
vt 0.562753 0.930265
vt 0.562753 0.935377
vt 0.424506 0.899372
vt 0.424506 0.893883
vt 0.378424 0.899372
vt 0.378424 0.893883
vt 0.470588 0.899372
vt 0.470588 0.893883
vt 0.516671 0.893883
vt 0.516671 0.899372
vt 0.562753 0.893883
vt 0.562753 0.899372
vt 0.400977 0.526188
vt 0.400977 0.520452
vt 0.378424 0.526188
vt 0.378424 0.520452
vt 0.423530 0.526188
vt 0.423530 0.520452
vt 0.446082 0.520452
vt 0.446082 0.526188
vt 0.468635 0.520452
vt 0.468635 0.526188
vt 0.495094 0.637119
vt 0.495094 0.631217
vt 0.472541 0.637119
vt 0.472541 0.631217
vt 0.517647 0.637119
vt 0.517647 0.631217
vt 0.540200 0.631217
vt 0.540200 0.637119
vt 0.562753 0.631217
vt 0.562753 0.637119
vt 0.495094 0.598547
vt 0.495094 0.592551
vt 0.472541 0.598547
vt 0.472541 0.592551
vt 0.517647 0.598547
vt 0.517647 0.592551
vt 0.540200 0.592551
vt 0.540200 0.598547
vt 0.562753 0.592551
vt 0.562753 0.598547
vt 0.671565 0.559950
vt 0.671565 0.553926
vt 0.660777 0.559950
vt 0.660777 0.553926
vt 0.682353 0.559950
vt 0.682353 0.553926
vt 0.693141 0.553926
vt 0.693141 0.559950
vt 0.703929 0.553926
vt 0.703929 0.559950
vt 0.048035 0.673511
vt 0.048035 0.647069
vt 0.001953 0.673511
vt 0.001953 0.647069
vt 0.094118 0.673511
vt 0.094118 0.647069
vt 0.140200 0.647069
vt 0.140200 0.673511
vt 0.186282 0.647069
vt 0.186282 0.673511
vt 0.424506 0.881702
vt 0.424506 0.876647
vt 0.378424 0.881702
vt 0.378424 0.876647
vt 0.470588 0.881702
vt 0.470588 0.876647
vt 0.516671 0.876647
vt 0.516671 0.881702
vt 0.562753 0.876647
vt 0.562753 0.881702
vt 0.495094 0.574679
vt 0.495094 0.569417
vt 0.472541 0.574679
vt 0.472541 0.569417
vt 0.517647 0.574679
vt 0.517647 0.569417
vt 0.540200 0.569417
vt 0.540200 0.574679
vt 0.562753 0.569417
vt 0.562753 0.574679
vt 0.495094 0.538825
vt 0.495094 0.533472
vt 0.472541 0.538825
vt 0.472541 0.533472
vt 0.517647 0.538825
vt 0.517647 0.533472
vt 0.540200 0.533472
vt 0.540200 0.538825
vt 0.562753 0.533472
vt 0.562753 0.538825
vt 0.589212 0.976022
vt 0.589212 0.970589
vt 0.566659 0.976022
vt 0.566659 0.970589
vt 0.611765 0.976022
vt 0.611765 0.970589
vt 0.634318 0.970589
vt 0.634318 0.976022
vt 0.656871 0.970589
vt 0.656871 0.976022
vt 0.671565 0.518143
vt 0.671565 0.512761
vt 0.660777 0.518143
vt 0.660777 0.512761
vt 0.682353 0.518143
vt 0.682353 0.512761
vt 0.693141 0.512761
vt 0.693141 0.518143
vt 0.703929 0.512761
vt 0.703929 0.518143
vt 0.718624 0.605392
vt 0.718624 0.600224
vt 0.707836 0.605392
vt 0.707836 0.600224
vt 0.729412 0.605392
vt 0.729412 0.600224
vt 0.740200 0.600224
vt 0.740200 0.605392
vt 0.750988 0.600224
vt 0.750988 0.605392
vt 0.589212 0.998047
vt 0.589212 0.992703
vt 0.566659 0.998047
vt 0.566659 0.992703
vt 0.611765 0.998047
vt 0.611765 0.992703
vt 0.634318 0.992703
vt 0.634318 0.998047
vt 0.656871 0.992703
vt 0.656871 0.998047
vt 0.718624 0.567683
vt 0.718624 0.562414
vt 0.707836 0.567683
vt 0.707836 0.562414
vt 0.729412 0.567683
vt 0.729412 0.562414
vt 0.740200 0.562414
vt 0.740200 0.567683
vt 0.750988 0.562414
vt 0.750988 0.567683
vt 0.718624 0.531999
vt 0.718624 0.526916
vt 0.707836 0.531999
vt 0.707836 0.526916
vt 0.729412 0.531999
vt 0.729412 0.526916
vt 0.740200 0.526916
vt 0.740200 0.531999
vt 0.750988 0.526916
vt 0.750988 0.531999
vt 0.048035 0.558188
vt 0.048035 0.533125
vt 0.001953 0.558188
vt 0.001953 0.533125
vt 0.094118 0.558188
vt 0.094118 0.533125
vt 0.140200 0.533125
vt 0.140200 0.558188
vt 0.186282 0.533125
vt 0.186282 0.558188
vt 0.424506 0.853521
vt 0.424506 0.846750
vt 0.378424 0.853521
vt 0.378424 0.846750
vt 0.470588 0.846750
vt 0.470588 0.853521
vt 0.516671 0.846750
vt 0.516671 0.853521
vt 0.562753 0.853521
vt 0.562753 0.846750
vt 0.589212 0.962496
vt 0.589212 0.955578
vt 0.566659 0.962496
vt 0.566659 0.955578
vt 0.611765 0.955578
vt 0.611765 0.962496
vt 0.634318 0.955578
vt 0.634318 0.962496
vt 0.656871 0.962496
vt 0.656871 0.955578
vt 0.589212 0.920237
vt 0.589212 0.913319
vt 0.566659 0.920237
vt 0.566659 0.913319
vt 0.611765 0.913319
vt 0.611765 0.920237
vt 0.634318 0.913319
vt 0.634318 0.920237
vt 0.656871 0.920237
vt 0.656871 0.913319
vt 0.589212 0.852663
vt 0.589212 0.845836
vt 0.566659 0.852663
vt 0.566659 0.845836
vt 0.611765 0.845836
vt 0.611765 0.852663
vt 0.634318 0.845836
vt 0.634318 0.852663
vt 0.656871 0.852663
vt 0.656871 0.845836
vt 0.765683 0.978630
vt 0.765683 0.971958
vt 0.754894 0.978630
vt 0.754894 0.971958
vt 0.776471 0.971958
vt 0.776471 0.978630
vt 0.787259 0.971958
vt 0.787259 0.978630
vt 0.798047 0.978630
vt 0.798047 0.971958
vt 0.765683 0.937459
vt 0.765683 0.931002
vt 0.754894 0.937459
vt 0.754894 0.931002
vt 0.776471 0.931002
vt 0.776471 0.937459
vt 0.787259 0.931002
vt 0.787259 0.937459
vt 0.798047 0.937459
vt 0.798047 0.931002
vt 0.589212 0.878092
vt 0.589212 0.871242
vt 0.566659 0.878092
vt 0.566659 0.871242
vt 0.611765 0.871242
vt 0.611765 0.878092
vt 0.634318 0.871242
vt 0.634318 0.878092
vt 0.656871 0.878092
vt 0.656871 0.871242
vt 0.765683 0.894794
vt 0.765683 0.884526
vt 0.754894 0.894794
vt 0.754894 0.884526
vt 0.776471 0.884526
vt 0.776471 0.894794
vt 0.787259 0.884526
vt 0.787259 0.894794
vt 0.798047 0.894794
vt 0.798047 0.884526
vt 0.765683 0.796866
vt 0.765683 0.790464
vt 0.754894 0.796866
vt 0.754894 0.790464
vt 0.776471 0.790464
vt 0.776471 0.796866
vt 0.787259 0.790464
vt 0.787259 0.796866
vt 0.798047 0.796866
vt 0.798047 0.790464
vt 0.765683 0.756994
vt 0.765683 0.750781
vt 0.754894 0.756994
vt 0.754894 0.750781
vt 0.776471 0.750781
vt 0.776471 0.756994
vt 0.787259 0.750781
vt 0.787259 0.756994
vt 0.798047 0.756994
vt 0.798047 0.750781
vt 0.900977 0.815126
vt 0.900977 0.809224
vt 0.896071 0.815126
vt 0.896071 0.809224
vt 0.905883 0.809224
vt 0.905883 0.815126
vt 0.910788 0.809224
vt 0.910788 0.815126
vt 0.915694 0.815126
vt 0.915694 0.809224
vt 0.765683 0.849991
vt 0.765683 0.843336
vt 0.754894 0.849991
vt 0.754894 0.843336
vt 0.776471 0.843336
vt 0.776471 0.849991
vt 0.787259 0.843336
vt 0.787259 0.849991
vt 0.798047 0.849991
vt 0.798047 0.843336
vt 0.765683 0.809222
vt 0.765683 0.802730
vt 0.754894 0.809222
vt 0.754894 0.802730
vt 0.776471 0.802730
vt 0.776471 0.809222
vt 0.787259 0.802730
vt 0.787259 0.809222
vt 0.798047 0.809222
vt 0.798047 0.802730
vt 0.900977 0.775512
vt 0.900977 0.769386
vt 0.896071 0.775512
vt 0.896071 0.769386
vt 0.905883 0.769386
vt 0.905883 0.775512
vt 0.910788 0.769386
vt 0.910788 0.775512
vt 0.915694 0.775512
vt 0.915694 0.769386
vt 0.236271 0.945570
vt 0.236271 0.925532
vt 0.190188 0.945570
vt 0.190188 0.925532
vt 0.282353 0.925532
vt 0.282353 0.945570
vt 0.328435 0.925532
vt 0.328435 0.945570
vt 0.374518 0.945570
vt 0.374518 0.925532
vt 0.424506 0.822339
vt 0.424506 0.816501
vt 0.378424 0.822339
vt 0.378424 0.816501
vt 0.470588 0.816501
vt 0.470588 0.822339
vt 0.516671 0.816501
vt 0.516671 0.822339
vt 0.562753 0.822339
vt 0.562753 0.816501
vt 0.589212 0.837743
vt 0.589212 0.831970
vt 0.566659 0.837743
vt 0.566659 0.831970
vt 0.611765 0.831970
vt 0.611765 0.837743
vt 0.634318 0.831970
vt 0.634318 0.837743
vt 0.656871 0.837743
vt 0.656871 0.831970
vt 0.589212 0.800016
vt 0.589212 0.794373
vt 0.566659 0.800016
vt 0.566659 0.794373
vt 0.611765 0.794373
vt 0.611765 0.800016
vt 0.634318 0.794373
vt 0.634318 0.800016
vt 0.656871 0.800016
vt 0.656871 0.794373
vt 0.765683 0.744917
vt 0.765683 0.741280
vt 0.754894 0.744917
vt 0.754894 0.741280
vt 0.776471 0.741280
vt 0.776471 0.744917
vt 0.787259 0.741280
vt 0.787259 0.744917
vt 0.798047 0.744917
vt 0.798047 0.741280
vt 0.765683 0.707567
vt 0.765683 0.702248
vt 0.754894 0.707567
vt 0.754894 0.702248
vt 0.776471 0.702248
vt 0.776471 0.707567
vt 0.787259 0.702248
vt 0.787259 0.707567
vt 0.798047 0.707567
vt 0.798047 0.702248
vt 0.765683 0.671779
vt 0.765683 0.666708
vt 0.754894 0.671779
vt 0.754894 0.666708
vt 0.776471 0.666708
vt 0.776471 0.671779
vt 0.787259 0.666708
vt 0.787259 0.671779
vt 0.798047 0.671779
vt 0.798047 0.666708
vt 0.765683 0.660741
vt 0.765683 0.655396
vt 0.754894 0.660741
vt 0.754894 0.655396
vt 0.776471 0.655396
vt 0.776471 0.660741
vt 0.787259 0.655396
vt 0.787259 0.660741
vt 0.798047 0.660741
vt 0.798047 0.655396
vt 0.765683 0.624779
vt 0.765683 0.617756
vt 0.754894 0.624779
vt 0.754894 0.617756
vt 0.776471 0.617756
vt 0.776471 0.624779
vt 0.787259 0.617756
vt 0.787259 0.624779
vt 0.798047 0.624779
vt 0.798047 0.617756
vt 0.765683 0.576527
vt 0.765683 0.571721
vt 0.754894 0.576527
vt 0.754894 0.571721
vt 0.776471 0.571721
vt 0.776471 0.576527
vt 0.787259 0.571721
vt 0.787259 0.576527
vt 0.798047 0.576527
vt 0.798047 0.571721
vt 0.900977 0.735023
vt 0.900977 0.730279
vt 0.896071 0.735023
vt 0.896071 0.730279
vt 0.905883 0.730279
vt 0.905883 0.735023
vt 0.910788 0.730279
vt 0.910788 0.735023
vt 0.915694 0.735023
vt 0.915694 0.730279
vt 0.900977 0.701499
vt 0.900977 0.697019
vt 0.896071 0.701499
vt 0.896071 0.697019
vt 0.905883 0.697019
vt 0.905883 0.701499
vt 0.910788 0.697019
vt 0.910788 0.701499
vt 0.915694 0.701499
vt 0.915694 0.697019
vt 0.765683 0.587538
vt 0.765683 0.582553
vt 0.754894 0.587538
vt 0.754894 0.582553
vt 0.776471 0.582553
vt 0.776471 0.587538
vt 0.787259 0.582553
vt 0.787259 0.587538
vt 0.798047 0.587538
vt 0.798047 0.582553
vt 0.900977 0.667822
vt 0.900977 0.663052
vt 0.896071 0.667822
vt 0.896071 0.663052
vt 0.905883 0.663052
vt 0.905883 0.667822
vt 0.910788 0.663052
vt 0.910788 0.667822
vt 0.915694 0.667822
vt 0.915694 0.663052
vt 0.900977 0.634198
vt 0.900977 0.629693
vt 0.896071 0.634198
vt 0.896071 0.629693
vt 0.905883 0.629693
vt 0.905883 0.634198
vt 0.910788 0.629693
vt 0.910788 0.634198
vt 0.915694 0.634198
vt 0.915694 0.629693
vt 0.236271 0.854543
vt 0.236271 0.835545
vt 0.190188 0.854543
vt 0.190188 0.835545
vt 0.282353 0.835545
vt 0.282353 0.854543
vt 0.328435 0.835545
vt 0.328435 0.854543
vt 0.374518 0.854543
vt 0.374518 0.835545
vt 0.424506 0.793565
vt 0.424506 0.786978
vt 0.378424 0.793565
vt 0.378424 0.786978
vt 0.470588 0.786978
vt 0.470588 0.793565
vt 0.516671 0.786978
vt 0.516671 0.793565
vt 0.562753 0.793565
vt 0.562753 0.786978
vt 0.589212 0.777002
vt 0.589212 0.770447
vt 0.566659 0.777002
vt 0.566659 0.770447
vt 0.611765 0.770447
vt 0.611765 0.777002
vt 0.634318 0.777002
vt 0.634318 0.770447
vt 0.656871 0.770447
vt 0.656871 0.777002
vt 0.589212 0.736321
vt 0.589212 0.729940
vt 0.566659 0.736321
vt 0.566659 0.729940
vt 0.611765 0.729940
vt 0.611765 0.736321
vt 0.634318 0.736321
vt 0.634318 0.729940
vt 0.656871 0.729940
vt 0.656871 0.736321
vt 0.765683 0.565695
vt 0.765683 0.559778
vt 0.754894 0.565695
vt 0.754894 0.559778
vt 0.776471 0.559778
vt 0.776471 0.565695
vt 0.787259 0.565695
vt 0.787259 0.559778
vt 0.798047 0.559778
vt 0.798047 0.565695
vt 0.765683 0.526246
vt 0.765683 0.520347
vt 0.754894 0.526246
vt 0.754894 0.520347
vt 0.776471 0.520347
vt 0.776471 0.526246
vt 0.787259 0.526246
vt 0.787259 0.520347
vt 0.798047 0.520347
vt 0.798047 0.526246
vt 0.812741 0.979509
vt 0.812741 0.973900
vt 0.801953 0.979509
vt 0.801953 0.973900
vt 0.823530 0.973900
vt 0.823530 0.979509
vt 0.834318 0.979509
vt 0.834318 0.973900
vt 0.845106 0.973900
vt 0.845106 0.979509
vt 0.812741 0.967933
vt 0.812741 0.961753
vt 0.801953 0.967933
vt 0.801953 0.961753
vt 0.823530 0.961753
vt 0.823530 0.967933
vt 0.834318 0.967933
vt 0.834318 0.961753
vt 0.845106 0.961753
vt 0.845106 0.967933
vt 0.812741 0.928813
vt 0.812741 0.922857
vt 0.801953 0.928813
vt 0.801953 0.922857
vt 0.823530 0.922857
vt 0.823530 0.928813
vt 0.834318 0.928813
vt 0.834318 0.922857
vt 0.845106 0.922857
vt 0.845106 0.928813
vt 0.812741 0.890588
vt 0.812741 0.884923
vt 0.801953 0.890588
vt 0.801953 0.884923
vt 0.823530 0.884923
vt 0.823530 0.890588
vt 0.834318 0.890588
vt 0.834318 0.884923
vt 0.845106 0.884923
vt 0.845106 0.890588
vt 0.236271 0.767533
vt 0.236271 0.753435
vt 0.190188 0.767533
vt 0.190188 0.753435
vt 0.282353 0.753435
vt 0.282353 0.767533
vt 0.328435 0.767533
vt 0.328435 0.753435
vt 0.374518 0.753435
vt 0.374518 0.767533
vt 0.424506 0.763603
vt 0.424506 0.757951
vt 0.378424 0.763603
vt 0.378424 0.757951
vt 0.470588 0.757951
vt 0.470588 0.763603
vt 0.516671 0.763603
vt 0.516671 0.757951
vt 0.562753 0.757951
vt 0.562753 0.763603
vt 0.589212 0.711918
vt 0.589212 0.706449
vt 0.566659 0.711918
vt 0.566659 0.706449
vt 0.611765 0.706449
vt 0.611765 0.711918
vt 0.634318 0.711918
vt 0.634318 0.706449
vt 0.656871 0.706449
vt 0.656871 0.711918
vt 0.812741 0.869362
vt 0.812741 0.864122
vt 0.801953 0.869362
vt 0.801953 0.864122
vt 0.823530 0.864122
vt 0.823530 0.869362
vt 0.834318 0.869362
vt 0.834318 0.864122
vt 0.845106 0.864122
vt 0.845106 0.869362
vt 0.812741 0.833832
vt 0.812741 0.830672
vt 0.801953 0.833832
vt 0.801953 0.830672
vt 0.823530 0.830672
vt 0.823530 0.833832
vt 0.834318 0.833832
vt 0.834318 0.830672
vt 0.845106 0.830672
vt 0.845106 0.833832
vt 0.812741 0.798556
vt 0.812741 0.793798
vt 0.801953 0.798556
vt 0.801953 0.793798
vt 0.823530 0.793798
vt 0.823530 0.798556
vt 0.834318 0.798556
vt 0.834318 0.793798
vt 0.845106 0.793798
vt 0.845106 0.798556
vt 0.900977 0.600423
vt 0.900977 0.595940
vt 0.896071 0.600423
vt 0.896071 0.595940
vt 0.905883 0.595940
vt 0.905883 0.600423
vt 0.910788 0.600423
vt 0.910788 0.595940
vt 0.915694 0.595940
vt 0.915694 0.600423
vt 0.812741 0.787831
vt 0.812741 0.782825
vt 0.801953 0.787831
vt 0.801953 0.782825
vt 0.823530 0.782825
vt 0.823530 0.787831
vt 0.834318 0.787831
vt 0.834318 0.782825
vt 0.845106 0.782825
vt 0.845106 0.787831
vt 0.812741 0.753229
vt 0.812741 0.748474
vt 0.801953 0.753229
vt 0.801953 0.748474
vt 0.823530 0.753229
vt 0.823530 0.748474
vt 0.834318 0.748474
vt 0.834318 0.753229
vt 0.845106 0.748474
vt 0.845106 0.753229
vt 0.900977 0.566444
vt 0.900977 0.561955
vt 0.896071 0.566444
vt 0.896071 0.561955
vt 0.905883 0.566444
vt 0.905883 0.561955
vt 0.910788 0.561955
vt 0.910788 0.566444
vt 0.915694 0.561955
vt 0.915694 0.566444
vt 0.236271 0.699020
vt 0.236271 0.685626
vt 0.190188 0.699020
vt 0.190188 0.685626
vt 0.282353 0.699020
vt 0.282353 0.685626
vt 0.328435 0.685626
vt 0.328435 0.699020
vt 0.374518 0.685626
vt 0.374518 0.699020
vt 0.424506 0.736096
vt 0.424506 0.729874
vt 0.378424 0.736096
vt 0.378424 0.729874
vt 0.470588 0.736096
vt 0.470588 0.729874
vt 0.516671 0.729874
vt 0.516671 0.736096
vt 0.562753 0.729874
vt 0.562753 0.736096
vt 0.589212 0.689197
vt 0.589212 0.683154
vt 0.566659 0.689197
vt 0.566659 0.683154
vt 0.611765 0.689197
vt 0.611765 0.683154
vt 0.634318 0.683154
vt 0.634318 0.689197
vt 0.656871 0.683154
vt 0.656871 0.689197
vt 0.812741 0.733884
vt 0.812741 0.728102
vt 0.801953 0.733884
vt 0.801953 0.728102
vt 0.823530 0.733884
vt 0.823530 0.728102
vt 0.834318 0.728102
vt 0.834318 0.733884
vt 0.845106 0.728102
vt 0.845106 0.733884
vt 0.812741 0.696265
vt 0.812741 0.692701
vt 0.801953 0.696265
vt 0.801953 0.692701
vt 0.823530 0.696265
vt 0.823530 0.692701
vt 0.834318 0.692701
vt 0.834318 0.696265
vt 0.845106 0.692701
vt 0.845106 0.696265
vt 0.812741 0.658966
vt 0.812741 0.653722
vt 0.801953 0.658966
vt 0.801953 0.653722
vt 0.823530 0.658966
vt 0.823530 0.653722
vt 0.834318 0.653722
vt 0.834318 0.658966
vt 0.845106 0.653722
vt 0.845106 0.658966
vt 0.900977 0.532375
vt 0.900977 0.527432
vt 0.896071 0.532375
vt 0.896071 0.527432
vt 0.905883 0.532375
vt 0.905883 0.527432
vt 0.910788 0.527432
vt 0.910788 0.532375
vt 0.915694 0.527432
vt 0.915694 0.532375
vt 0.812741 0.647755
vt 0.812741 0.642075
vt 0.801953 0.647755
vt 0.801953 0.642075
vt 0.823530 0.647755
vt 0.823530 0.642075
vt 0.834318 0.642075
vt 0.834318 0.647755
vt 0.845106 0.642075
vt 0.845106 0.647755
vt 0.812741 0.610550
vt 0.812741 0.605152
vt 0.801953 0.610550
vt 0.801953 0.605152
vt 0.823530 0.610550
vt 0.823530 0.605152
vt 0.834318 0.605152
vt 0.834318 0.610550
vt 0.845106 0.605152
vt 0.845106 0.610550
vt 0.924506 0.797117
vt 0.924506 0.792017
vt 0.919600 0.797117
vt 0.919600 0.792017
vt 0.929412 0.797117
vt 0.929412 0.792017
vt 0.934318 0.792017
vt 0.934318 0.797117
vt 0.939223 0.792017
vt 0.939223 0.797117
vt 0.236271 0.633227
vt 0.236271 0.622444
vt 0.190188 0.633227
vt 0.190188 0.622444
vt 0.282353 0.633227
vt 0.282353 0.622444
vt 0.328435 0.622444
vt 0.328435 0.633227
vt 0.374518 0.622444
vt 0.374518 0.633227
vt 0.424506 0.708015
vt 0.424506 0.702915
vt 0.378424 0.708015
vt 0.378424 0.702915
vt 0.470588 0.708015
vt 0.470588 0.702915
vt 0.516671 0.702915
vt 0.516671 0.708015
vt 0.562753 0.702915
vt 0.562753 0.708015
vt 0.812741 0.589920
vt 0.812741 0.585016
vt 0.801953 0.589920
vt 0.801953 0.585016
vt 0.823530 0.589920
vt 0.823530 0.585016
vt 0.834318 0.585016
vt 0.834318 0.589920
vt 0.845106 0.585016
vt 0.845106 0.589920
vt 0.812741 0.555821
vt 0.812741 0.551164
vt 0.801953 0.555821
vt 0.801953 0.551164
vt 0.823530 0.555821
vt 0.823530 0.551164
vt 0.834318 0.551164
vt 0.834318 0.555821
vt 0.845106 0.551164
vt 0.845106 0.555821
vt 0.859800 0.988022
vt 0.859800 0.983658
vt 0.849012 0.988022
vt 0.849012 0.983658
vt 0.870588 0.983658
vt 0.870588 0.988022
vt 0.881377 0.983658
vt 0.881377 0.988022
vt 0.892165 0.983658
vt 0.892165 0.988022
vt 0.924506 0.760688
vt 0.924506 0.756591
vt 0.919600 0.760688
vt 0.919600 0.756591
vt 0.929412 0.756591
vt 0.929412 0.760688
vt 0.934318 0.756591
vt 0.934318 0.760688
vt 0.939223 0.756591
vt 0.939223 0.760688
vt 0.924506 0.729910
vt 0.924506 0.726176
vt 0.919600 0.729910
vt 0.919600 0.726176
vt 0.929412 0.726176
vt 0.929412 0.729910
vt 0.934318 0.726176
vt 0.934318 0.729910
vt 0.939223 0.726176
vt 0.939223 0.729910
vt 0.812741 0.522830
vt 0.812741 0.518462
vt 0.801953 0.522830
vt 0.801953 0.518462
vt 0.823530 0.518462
vt 0.823530 0.522830
vt 0.834318 0.518462
vt 0.834318 0.522830
vt 0.845106 0.518462
vt 0.845106 0.522830
vt 0.924506 0.699122
vt 0.924506 0.693122
vt 0.919600 0.699122
vt 0.919600 0.693122
vt 0.929412 0.693122
vt 0.929412 0.699122
vt 0.934318 0.693122
vt 0.934318 0.699122
vt 0.939223 0.693122
vt 0.939223 0.699122
vt 0.924506 0.666024
vt 0.924506 0.663953
vt 0.919600 0.666024
vt 0.919600 0.663953
vt 0.929412 0.663953
vt 0.929412 0.666024
vt 0.934318 0.663953
vt 0.934318 0.666024
vt 0.939223 0.663953
vt 0.939223 0.666024
vt 0.924506 0.635470
vt 0.924506 0.631945
vt 0.919600 0.635470
vt 0.919600 0.631945
vt 0.929412 0.631945
vt 0.929412 0.635470
vt 0.934318 0.631945
vt 0.934318 0.635470
vt 0.939223 0.631945
vt 0.939223 0.635470
vt 0.968624 0.606283
vt 0.968624 0.603069
vt 0.966659 0.606283
vt 0.966659 0.603069
vt 0.970588 0.603069
vt 0.970588 0.606283
vt 0.972553 0.603069
vt 0.972553 0.606283
vt 0.974518 0.603069
vt 0.974518 0.606283
vt 0.924506 0.627036
vt 0.924506 0.622998
vt 0.919600 0.627036
vt 0.919600 0.622998
vt 0.929412 0.622998
vt 0.929412 0.627036
vt 0.934318 0.622998
vt 0.934318 0.627036
vt 0.939223 0.627036
vt 0.939223 0.622998
vt 0.924506 0.596363
vt 0.924506 0.592613
vt 0.919600 0.596363
vt 0.919600 0.592613
vt 0.929412 0.592613
vt 0.929412 0.596363
vt 0.934318 0.592613
vt 0.934318 0.596363
vt 0.939223 0.596363
vt 0.939223 0.592613
vt 0.968624 0.577990
vt 0.968624 0.574572
vt 0.966659 0.577990
vt 0.966659 0.574572
vt 0.970588 0.574572
vt 0.970588 0.577990
vt 0.972553 0.574572
vt 0.972553 0.577990
vt 0.974518 0.577990
vt 0.974518 0.574572
vt 0.236271 0.577325
vt 0.236271 0.567088
vt 0.190188 0.577325
vt 0.190188 0.567088
vt 0.282353 0.567088
vt 0.282353 0.577325
vt 0.328435 0.567088
vt 0.328435 0.577325
vt 0.374518 0.577325
vt 0.374518 0.567088
vt 0.424506 0.690338
vt 0.424506 0.684512
vt 0.378424 0.690338
vt 0.378424 0.684512
vt 0.470588 0.684512
vt 0.470588 0.690338
vt 0.516671 0.684512
vt 0.516671 0.690338
vt 0.562753 0.690338
vt 0.562753 0.684512
vt 0.859800 0.969652
vt 0.859800 0.964059
vt 0.849012 0.969652
vt 0.849012 0.964059
vt 0.870588 0.964059
vt 0.870588 0.969652
vt 0.881377 0.964059
vt 0.881377 0.969652
vt 0.892165 0.969652
vt 0.892165 0.964059
vt 0.859800 0.932863
vt 0.859800 0.927563
vt 0.849012 0.932863
vt 0.849012 0.927563
vt 0.870588 0.927563
vt 0.870588 0.932863
vt 0.881377 0.927563
vt 0.881377 0.932863
vt 0.892165 0.932863
vt 0.892165 0.927563
vt 0.859800 0.877695
vt 0.859800 0.872870
vt 0.849012 0.877695
vt 0.849012 0.872870
vt 0.870588 0.872870
vt 0.870588 0.877695
vt 0.881377 0.872870
vt 0.881377 0.877695
vt 0.892165 0.877695
vt 0.892165 0.872870
vt 0.924506 0.587704
vt 0.924506 0.583168
vt 0.919600 0.587704
vt 0.919600 0.583168
vt 0.929412 0.583168
vt 0.929412 0.587704
vt 0.934318 0.583168
vt 0.934318 0.587704
vt 0.939223 0.587704
vt 0.939223 0.583168
vt 0.924506 0.555255
vt 0.924506 0.551112
vt 0.919600 0.555255
vt 0.919600 0.551112
vt 0.929412 0.551112
vt 0.929412 0.555255
vt 0.934318 0.551112
vt 0.934318 0.555255
vt 0.939223 0.555255
vt 0.939223 0.551112
vt 0.859800 0.897263
vt 0.859800 0.892256
vt 0.849012 0.897263
vt 0.849012 0.892256
vt 0.870588 0.892256
vt 0.870588 0.897263
vt 0.881377 0.892256
vt 0.881377 0.897263
vt 0.892165 0.897263
vt 0.892165 0.892256
vt 0.924506 0.522882
vt 0.924506 0.516607
vt 0.919600 0.522882
vt 0.919600 0.516607
vt 0.929412 0.516607
vt 0.929412 0.522882
vt 0.934318 0.516607
vt 0.934318 0.522882
vt 0.939223 0.522882
vt 0.939223 0.516607
vt 0.948035 0.932399
vt 0.948035 0.928275
vt 0.943130 0.932399
vt 0.943130 0.928275
vt 0.952941 0.928275
vt 0.952941 0.932399
vt 0.957847 0.928275
vt 0.957847 0.932399
vt 0.962753 0.932399
vt 0.962753 0.928275
vt 0.948035 0.900759
vt 0.948035 0.896876
vt 0.943130 0.900759
vt 0.943130 0.896876
vt 0.952941 0.896876
vt 0.952941 0.900759
vt 0.957847 0.896876
vt 0.957847 0.900759
vt 0.962753 0.900759
vt 0.962753 0.896876
vt 0.968624 0.548891
vt 0.968624 0.545338
vt 0.966659 0.548891
vt 0.966659 0.545338
vt 0.970588 0.545338
vt 0.970588 0.548891
vt 0.972553 0.545338
vt 0.972553 0.548891
vt 0.974518 0.548891
vt 0.974518 0.545338
vt 0.948035 0.973396
vt 0.948035 0.968992
vt 0.943130 0.973396
vt 0.943130 0.968992
vt 0.952941 0.968992
vt 0.952941 0.973396
vt 0.957847 0.968992
vt 0.957847 0.973396
vt 0.962753 0.973396
vt 0.962753 0.968992
vt 0.948035 0.941401
vt 0.948035 0.937308
vt 0.943130 0.941401
vt 0.943130 0.937308
vt 0.952941 0.937308
vt 0.952941 0.941401
vt 0.957847 0.937308
vt 0.957847 0.941401
vt 0.962753 0.941401
vt 0.962753 0.937308
vt 0.968624 0.519282
vt 0.968624 0.515548
vt 0.966659 0.519282
vt 0.966659 0.515548
vt 0.970588 0.515548
vt 0.970588 0.519282
vt 0.972553 0.515548
vt 0.972553 0.519282
vt 0.974518 0.519282
vt 0.974518 0.515548
vt 0.236271 0.523549
vt 0.236271 0.516768
vt 0.190188 0.523549
vt 0.190188 0.516768
vt 0.282353 0.516768
vt 0.282353 0.523549
vt 0.328435 0.516768
vt 0.328435 0.523549
vt 0.374518 0.523549
vt 0.374518 0.516768
vt 0.424506 0.672218
vt 0.424506 0.667728
vt 0.378424 0.672218
vt 0.378424 0.667728
vt 0.470588 0.667728
vt 0.470588 0.672218
vt 0.516671 0.667728
vt 0.516671 0.672218
vt 0.562753 0.672218
vt 0.562753 0.667728
vt 0.859800 0.858420
vt 0.859800 0.854134
vt 0.849012 0.858420
vt 0.849012 0.854134
vt 0.870588 0.854134
vt 0.870588 0.858420
vt 0.881377 0.854134
vt 0.881377 0.858420
vt 0.892165 0.858420
vt 0.892165 0.854134
vt 0.859800 0.826804
vt 0.859800 0.822820
vt 0.849012 0.826804
vt 0.849012 0.822820
vt 0.870588 0.822820
vt 0.870588 0.826804
vt 0.881377 0.822820
vt 0.881377 0.826804
vt 0.892165 0.826804
vt 0.892165 0.822820
vt 0.948035 0.891967
vt 0.948035 0.888271
vt 0.943130 0.891967
vt 0.943130 0.888271
vt 0.952941 0.888271
vt 0.952941 0.891967
vt 0.957847 0.888271
vt 0.957847 0.891967
vt 0.962753 0.891967
vt 0.962753 0.888271
vt 0.948035 0.862626
vt 0.948035 0.859228
vt 0.943130 0.862626
vt 0.943130 0.859228
vt 0.952941 0.859228
vt 0.952941 0.862626
vt 0.957847 0.862626
vt 0.957847 0.859228
vt 0.962753 0.859228
vt 0.962753 0.862626
vt 0.948035 0.834384
vt 0.948035 0.831288
vt 0.943130 0.834384
vt 0.943130 0.831288
vt 0.952941 0.834384
vt 0.952941 0.831288
vt 0.957847 0.831288
vt 0.957847 0.834384
vt 0.962753 0.831288
vt 0.962753 0.834384
vt 0.589212 0.665331
vt 0.589212 0.658885
vt 0.566659 0.665331
vt 0.566659 0.658885
vt 0.611765 0.658885
vt 0.611765 0.665331
vt 0.634318 0.665331
vt 0.634318 0.658885
vt 0.656871 0.658885
vt 0.656871 0.665331
vt 0.683330 0.982530
vt 0.683330 0.977638
vt 0.660777 0.982530
vt 0.660777 0.977638
vt 0.705882 0.982530
vt 0.705882 0.977638
vt 0.728435 0.977638
vt 0.728435 0.982530
vt 0.750988 0.977638
vt 0.750988 0.982530
vt 0.859800 0.809147
vt 0.859800 0.804519
vt 0.849012 0.809147
vt 0.849012 0.804519
vt 0.870588 0.804519
vt 0.870588 0.809147
vt 0.881377 0.809147
vt 0.881377 0.804519
vt 0.892165 0.804519
vt 0.892165 0.809147
vt 0.859800 0.776113
vt 0.859800 0.771794
vt 0.849012 0.776113
vt 0.849012 0.771794
vt 0.870588 0.771794
vt 0.870588 0.776113
vt 0.881377 0.771794
vt 0.881377 0.776113
vt 0.892165 0.776113
vt 0.892165 0.771794
vt 0.948035 0.819323
vt 0.948035 0.815311
vt 0.943130 0.819323
vt 0.943130 0.815311
vt 0.952941 0.815311
vt 0.952941 0.819323
vt 0.957847 0.819323
vt 0.957847 0.815311
vt 0.962753 0.815311
vt 0.962753 0.819323
vt 0.948035 0.788693
vt 0.948035 0.784982
vt 0.943130 0.788693
vt 0.943130 0.784982
vt 0.952941 0.784982
vt 0.952941 0.788693
vt 0.957847 0.784982
vt 0.957847 0.788693
vt 0.962753 0.784982
vt 0.962753 0.788693
vt 0.948035 0.759229
vt 0.948035 0.755825
vt 0.943130 0.759229
vt 0.943130 0.755825
vt 0.952941 0.759229
vt 0.952941 0.755825
vt 0.957847 0.755825
vt 0.957847 0.759229
vt 0.962753 0.755825
vt 0.962753 0.759229
vt 0.589212 0.625938
vt 0.589212 0.621658
vt 0.566659 0.625938
vt 0.566659 0.621658
vt 0.611765 0.621658
vt 0.611765 0.625938
vt 0.634318 0.625938
vt 0.634318 0.621658
vt 0.656871 0.621658
vt 0.656871 0.625938
vt 0.683330 0.959549
vt 0.683330 0.956032
vt 0.660777 0.959549
vt 0.660777 0.956032
vt 0.705882 0.956032
vt 0.705882 0.959549
vt 0.728435 0.956032
vt 0.728435 0.959549
vt 0.750988 0.959549
vt 0.750988 0.956032
vt 0.859800 0.757675
vt 0.859800 0.754391
vt 0.849012 0.757675
vt 0.849012 0.754391
vt 0.870588 0.754391
vt 0.870588 0.757675
vt 0.881377 0.757675
vt 0.881377 0.754391
vt 0.892165 0.754391
vt 0.892165 0.757675
vt 0.948035 0.743554
vt 0.948035 0.740559
vt 0.943130 0.743554
vt 0.943130 0.740559
vt 0.952941 0.740559
vt 0.952941 0.743554
vt 0.957847 0.740559
vt 0.957847 0.743554
vt 0.962753 0.740559
vt 0.962753 0.743554
vt 0.948035 0.676520
vt 0.948035 0.673819
vt 0.943130 0.676520
vt 0.943130 0.673819
vt 0.952941 0.676520
vt 0.952941 0.673819
vt 0.957847 0.673819
vt 0.957847 0.676520
vt 0.962753 0.673819
vt 0.962753 0.676520
vt 0.948035 0.651195
vt 0.948035 0.648782
vt 0.943130 0.651195
vt 0.943130 0.648782
vt 0.952941 0.648782
vt 0.952941 0.651195
vt 0.957847 0.651195
vt 0.957847 0.648782
vt 0.962753 0.648782
vt 0.962753 0.651195
vt 0.980388 0.583601
vt 0.980388 0.581511
vt 0.978424 0.583601
vt 0.978424 0.581511
vt 0.982353 0.581511
vt 0.982353 0.583601
vt 0.984318 0.581511
vt 0.984318 0.583601
vt 0.986282 0.583601
vt 0.986282 0.581511
vt 0.948035 0.716983
vt 0.948035 0.714262
vt 0.943130 0.716983
vt 0.943130 0.714262
vt 0.952941 0.714262
vt 0.952941 0.716983
vt 0.957847 0.716983
vt 0.957847 0.714262
vt 0.962753 0.714262
vt 0.962753 0.716983
vt 0.948035 0.691466
vt 0.948035 0.687246
vt 0.943130 0.691466
vt 0.943130 0.687246
vt 0.952941 0.687246
vt 0.952941 0.691466
vt 0.957847 0.687246
vt 0.957847 0.691466
vt 0.962753 0.687246
vt 0.962753 0.691466
vt 0.980388 0.559630
vt 0.980388 0.557315
vt 0.978424 0.559630
vt 0.978424 0.557315
vt 0.982353 0.559630
vt 0.982353 0.557315
vt 0.984318 0.557315
vt 0.984318 0.559630
vt 0.986282 0.557315
vt 0.986282 0.559630
vt 0.980388 0.535782
vt 0.980388 0.533750
vt 0.978424 0.535782
vt 0.978424 0.533750
vt 0.982353 0.533750
vt 0.982353 0.535782
vt 0.984318 0.535782
vt 0.984318 0.533750
vt 0.986282 0.533750
vt 0.986282 0.535782
vt 0.992153 0.998047
vt 0.992153 0.996315
vt 0.990188 0.998047
vt 0.990188 0.996315
vt 0.994118 0.996315
vt 0.994118 0.998047
vt 0.996082 0.996315
vt 0.996082 0.998047
vt 0.998047 0.998047
vt 0.998047 0.996315
vt 0.992153 0.975757
vt 0.992153 0.973547
vt 0.990188 0.975757
vt 0.990188 0.973547
vt 0.994118 0.973547
vt 0.994118 0.975757
vt 0.996082 0.975757
vt 0.996082 0.973547
vt 0.998047 0.973547
vt 0.998047 0.975757
vt 0.992153 0.952296
vt 0.992153 0.950352
vt 0.990188 0.952296
vt 0.990188 0.950352
vt 0.994118 0.950352
vt 0.994118 0.952296
vt 0.996082 0.950352
vt 0.996082 0.952296
vt 0.998047 0.950352
vt 0.998047 0.952296
vt 0.992153 0.929785
vt 0.992153 0.928138
vt 0.990188 0.929785
vt 0.990188 0.928138
vt 0.994118 0.929785
vt 0.994118 0.928138
vt 0.996082 0.928138
vt 0.996082 0.929785
vt 0.998047 0.928138
vt 0.998047 0.929785
vt 0.589212 0.594769
vt 0.589212 0.590703
vt 0.566659 0.594769
vt 0.566659 0.590703
vt 0.611765 0.590703
vt 0.611765 0.594769
vt 0.634318 0.594769
vt 0.634318 0.590703
vt 0.656871 0.590703
vt 0.656871 0.594769
vt 0.683330 0.940186
vt 0.683330 0.936508
vt 0.660777 0.940186
vt 0.660777 0.936508
vt 0.705882 0.936508
vt 0.705882 0.940186
vt 0.728435 0.936508
vt 0.728435 0.940186
vt 0.750988 0.940186
vt 0.750988 0.936508
vt 0.859800 0.741580
vt 0.859800 0.738141
vt 0.849012 0.741580
vt 0.849012 0.738141
vt 0.870588 0.738141
vt 0.870588 0.741580
vt 0.881377 0.741580
vt 0.881377 0.738141
vt 0.892165 0.738141
vt 0.892165 0.741580
vt 0.948035 0.637694
vt 0.948035 0.634517
vt 0.943130 0.637694
vt 0.943130 0.634517
vt 0.952941 0.634517
vt 0.952941 0.637694
vt 0.957847 0.634517
vt 0.957847 0.637694
vt 0.962753 0.634517
vt 0.962753 0.637694
vt 0.948035 0.569341
vt 0.948035 0.566357
vt 0.943130 0.569341
vt 0.943130 0.566357
vt 0.952941 0.569341
vt 0.952941 0.566357
vt 0.957847 0.566357
vt 0.957847 0.569341
vt 0.962753 0.566357
vt 0.962753 0.569341
vt 0.948035 0.542640
vt 0.948035 0.539916
vt 0.943130 0.542640
vt 0.943130 0.539916
vt 0.952941 0.539916
vt 0.952941 0.542640
vt 0.957847 0.542640
vt 0.957847 0.539916
vt 0.962753 0.539916
vt 0.962753 0.542640
vt 0.992153 0.907829
vt 0.992153 0.905474
vt 0.990188 0.907829
vt 0.990188 0.905474
vt 0.994118 0.905474
vt 0.994118 0.907829
vt 0.996082 0.905474
vt 0.996082 0.907829
vt 0.998047 0.907829
vt 0.998047 0.905474
vt 0.948035 0.610483
vt 0.948035 0.607568
vt 0.943130 0.610483
vt 0.943130 0.607568
vt 0.952941 0.607568
vt 0.952941 0.610483
vt 0.957847 0.610483
vt 0.957847 0.607568
vt 0.962753 0.607568
vt 0.962753 0.610483
vt 0.948035 0.584350
vt 0.948035 0.579392
vt 0.943130 0.584350
vt 0.943130 0.579392
vt 0.952941 0.579392
vt 0.952941 0.584350
vt 0.957847 0.579392
vt 0.957847 0.584350
vt 0.962753 0.579392
vt 0.962753 0.584350
vt 0.992153 0.882829
vt 0.992153 0.880289
vt 0.990188 0.882829
vt 0.990188 0.880289
vt 0.994118 0.882829
vt 0.994118 0.880289
vt 0.996082 0.880289
vt 0.996082 0.882829
vt 0.998047 0.880289
vt 0.998047 0.882829
vt 0.992153 0.858216
vt 0.992153 0.855969
vt 0.990188 0.858216
vt 0.990188 0.855969
vt 0.994118 0.855969
vt 0.994118 0.858216
vt 0.996082 0.858216
vt 0.996082 0.855969
vt 0.998047 0.855969
vt 0.998047 0.858216
vt 0.992153 0.834568
vt 0.992153 0.832671
vt 0.990188 0.834568
vt 0.990188 0.832671
vt 0.994118 0.832671
vt 0.994118 0.834568
vt 0.996082 0.832671
vt 0.996082 0.834568
vt 0.998047 0.834568
vt 0.998047 0.832671
vt 0.992153 0.811602
vt 0.992153 0.809182
vt 0.990188 0.811602
vt 0.990188 0.809182
vt 0.994118 0.809182
vt 0.994118 0.811602
vt 0.996082 0.811602
vt 0.996082 0.809182
vt 0.998047 0.809182
vt 0.998047 0.811602
vt 0.992153 0.787515
vt 0.992153 0.785403
vt 0.990188 0.787515
vt 0.990188 0.785403
vt 0.994118 0.785403
vt 0.994118 0.787515
vt 0.996082 0.785403
vt 0.996082 0.787515
vt 0.998047 0.785403
vt 0.998047 0.787515
vt 0.992153 0.764372
vt 0.992153 0.762595
vt 0.990188 0.764372
vt 0.990188 0.762595
vt 0.994118 0.764372
vt 0.994118 0.762595
vt 0.996082 0.762595
vt 0.996082 0.764372
vt 0.998047 0.762595
vt 0.998047 0.764372
vt 0.589212 0.564463
vt 0.589212 0.562298
vt 0.566659 0.564463
vt 0.566659 0.562298
vt 0.611765 0.562298
vt 0.611765 0.564463
vt 0.634318 0.564463
vt 0.634318 0.562298
vt 0.656871 0.562298
vt 0.656871 0.564463
vt 0.589212 0.541384
vt 0.589212 0.539342
vt 0.566659 0.541384
vt 0.566659 0.539342
vt 0.611765 0.539342
vt 0.611765 0.541384
vt 0.634318 0.539342
vt 0.634318 0.541384
vt 0.656871 0.541384
vt 0.656871 0.539342
vt 0.589212 0.518822
vt 0.589212 0.518602
vt 0.566659 0.518822
vt 0.566659 0.518602
vt 0.611765 0.518602
vt 0.611765 0.518822
vt 0.634318 0.518822
vt 0.634318 0.518602
vt 0.656871 0.518602
vt 0.656871 0.518822
vt 0.859800 0.724918
vt 0.859800 0.724841
vt 0.849012 0.724918
vt 0.849012 0.724841
vt 0.870588 0.724841
vt 0.870588 0.724918
vt 0.881377 0.724841
vt 0.881377 0.724918
vt 0.892165 0.724841
vt 0.892165 0.724918
vt 0.048035 0.954067
vt 0.048035 0.914638
vt 0.001953 0.954067
vt 0.001953 0.914638
vt 0.094118 0.954067
vt 0.094118 0.914638
vt 0.140200 0.914638
vt 0.140200 0.954067
vt 0.186282 0.914638
vt 0.186282 0.954067
vt 0.048035 0.835207
vt 0.001953 0.835207
vt 0.094118 0.835207
vt 0.140200 0.835207
vt 0.186282 0.835207
vt 0.424506 0.972699
vt 0.424506 0.969380
vt 0.378424 0.972699
vt 0.378424 0.969380
vt 0.470588 0.969380
vt 0.470588 0.972699
vt 0.516671 0.969380
vt 0.516671 0.972699
vt 0.562753 0.972699
vt 0.562753 0.969380
vt 0.424506 0.955135
vt 0.378424 0.955135
vt 0.470588 0.955135
vt 0.516671 0.955135
vt 0.562753 0.955135
vt 0.683330 0.920856
vt 0.683330 0.917011
vt 0.660777 0.920856
vt 0.660777 0.917011
vt 0.705882 0.917011
vt 0.705882 0.920856
vt 0.728435 0.917011
vt 0.728435 0.920856
vt 0.750988 0.917011
vt 0.750988 0.920856
vt 0.683330 0.902181
vt 0.660777 0.902181
vt 0.705882 0.902181
vt 0.728435 0.902181
vt 0.750988 0.902181
vt 0.400977 0.647748
vt 0.400977 0.643563
vt 0.378424 0.647748
vt 0.378424 0.643563
vt 0.423530 0.643563
vt 0.423530 0.647748
vt 0.446082 0.647748
vt 0.446082 0.643563
vt 0.468635 0.643563
vt 0.468635 0.647748
vt 0.400977 0.628131
vt 0.378424 0.628131
vt 0.423530 0.628131
vt 0.446082 0.628131
vt 0.468635 0.628131
vt 0.400977 0.617702
vt 0.400977 0.616387
vt 0.378424 0.617702
vt 0.378424 0.616387
vt 0.423530 0.616387
vt 0.423530 0.617702
vt 0.446082 0.617702
vt 0.446082 0.616387
vt 0.468635 0.616387
vt 0.468635 0.617702
vt 0.400977 0.608773
vt 0.378424 0.608773
vt 0.423530 0.608773
vt 0.446082 0.608773
vt 0.468635 0.608773
vt 0.400977 0.594953
vt 0.378424 0.594953
vt 0.423530 0.594953
vt 0.446082 0.594953
vt 0.468635 0.594953
vt 0.859800 0.706055
vt 0.859800 0.701460
vt 0.849012 0.706055
vt 0.849012 0.701460
vt 0.870588 0.701460
vt 0.870588 0.706055
vt 0.881377 0.706055
vt 0.881377 0.701460
vt 0.892165 0.701460
vt 0.892165 0.706055
vt 0.859800 0.685236
vt 0.849012 0.685236
vt 0.870588 0.685236
vt 0.881377 0.685236
vt 0.892165 0.685236
vt 0.671565 0.623520
vt 0.671565 0.618758
vt 0.660777 0.623520
vt 0.660777 0.618758
vt 0.682353 0.618758
vt 0.682353 0.623520
vt 0.693141 0.623520
vt 0.693141 0.618758
vt 0.703929 0.618758
vt 0.703929 0.623520
vt 0.671565 0.602405
vt 0.660777 0.602405
vt 0.682353 0.602405
vt 0.693141 0.602405
vt 0.703929 0.602405
vt 0.400977 0.570532
vt 0.400977 0.566246
vt 0.378424 0.570532
vt 0.378424 0.566246
vt 0.423530 0.570532
vt 0.423530 0.566246
vt 0.446082 0.566246
vt 0.446082 0.570532
vt 0.468635 0.566246
vt 0.468635 0.570532
vt 0.400977 0.550652
vt 0.378424 0.550652
vt 0.423530 0.550652
vt 0.446082 0.550652
vt 0.468635 0.550652
vt 0.400977 0.538489
vt 0.400977 0.534032
vt 0.378424 0.538489
vt 0.378424 0.534032
vt 0.423530 0.534032
vt 0.423530 0.538489
vt 0.446082 0.534032
vt 0.446082 0.538489
vt 0.468635 0.538489
vt 0.468635 0.534032
vt 0.859800 0.677897
vt 0.859800 0.665914
vt 0.849012 0.677897
vt 0.849012 0.665914
vt 0.870588 0.665914
vt 0.870588 0.677897
vt 0.881377 0.677897
vt 0.881377 0.665914
vt 0.892165 0.665914
vt 0.892165 0.677897
vt 0.671565 0.587382
vt 0.671565 0.582786
vt 0.660777 0.587382
vt 0.660777 0.582786
vt 0.682353 0.582786
vt 0.682353 0.587382
vt 0.693141 0.582786
vt 0.693141 0.587382
vt 0.703929 0.582786
vt 0.703929 0.587382
vt 0.671565 0.566746
vt 0.660777 0.566746
vt 0.682353 0.566746
vt 0.693141 0.566746
vt 0.703929 0.566746
vt 0.048035 0.789642
vt 0.048035 0.752554
vt 0.001953 0.789642
vt 0.001953 0.752554
vt 0.094118 0.752554
vt 0.094118 0.789642
vt 0.140200 0.789642
vt 0.140200 0.752554
vt 0.186282 0.752554
vt 0.186282 0.789642
vt 0.048035 0.677417
vt 0.001953 0.677417
vt 0.094118 0.677417
vt 0.140200 0.677417
vt 0.186282 0.677417
vt 0.424506 0.926359
vt 0.424506 0.921067
vt 0.378424 0.926359
vt 0.378424 0.921067
vt 0.470588 0.921067
vt 0.470588 0.926359
vt 0.516671 0.926359
vt 0.516671 0.921067
vt 0.562753 0.921067
vt 0.562753 0.926359
vt 0.424506 0.903278
vt 0.378424 0.903278
vt 0.470588 0.903278
vt 0.516671 0.903278
vt 0.562753 0.903278
vt 0.683330 0.891217
vt 0.683330 0.885545
vt 0.660777 0.891217
vt 0.660777 0.885545
vt 0.705882 0.891217
vt 0.705882 0.885545
vt 0.728435 0.885545
vt 0.728435 0.891217
vt 0.750988 0.885545
vt 0.750988 0.891217
vt 0.683330 0.867366
vt 0.660777 0.867366
vt 0.705882 0.867366
vt 0.728435 0.867366
vt 0.750988 0.867366
vt 0.400977 0.516545
vt 0.400977 0.510647
vt 0.378424 0.516545
vt 0.378424 0.510647
vt 0.423530 0.510647
vt 0.423530 0.516545
vt 0.446082 0.510647
vt 0.446082 0.516545
vt 0.468635 0.516545
vt 0.468635 0.510647
vt 0.495094 0.655688
vt 0.495094 0.641025
vt 0.472541 0.655688
vt 0.472541 0.641025
vt 0.517647 0.641025
vt 0.517647 0.655688
vt 0.540200 0.655688
vt 0.540200 0.641025
vt 0.562753 0.641025
vt 0.562753 0.655688
vt 0.495094 0.627310
vt 0.495094 0.621266
vt 0.472541 0.627310
vt 0.472541 0.621266
vt 0.517647 0.621266
vt 0.517647 0.627310
vt 0.540200 0.621266
vt 0.540200 0.627310
vt 0.562753 0.621266
vt 0.562753 0.627310
vt 0.495094 0.602453
vt 0.472541 0.602453
vt 0.517647 0.602453
vt 0.540200 0.602453
vt 0.562753 0.602453
vt 0.495094 0.588645
vt 0.495094 0.582523
vt 0.472541 0.588645
vt 0.472541 0.582523
vt 0.517647 0.582523
vt 0.517647 0.588645
vt 0.540200 0.588645
vt 0.540200 0.582523
vt 0.562753 0.582523
vt 0.562753 0.588645
vt 0.859800 0.658394
vt 0.859800 0.643370
vt 0.849012 0.658394
vt 0.849012 0.643370
vt 0.870588 0.643370
vt 0.870588 0.658394
vt 0.881377 0.643370
vt 0.881377 0.658394
vt 0.892165 0.658394
vt 0.892165 0.643370
vt 0.671565 0.550020
vt 0.671565 0.543865
vt 0.660777 0.550020
vt 0.660777 0.543865
vt 0.682353 0.543865
vt 0.682353 0.550020
vt 0.693141 0.550020
vt 0.693141 0.543865
vt 0.703929 0.543865
vt 0.703929 0.550020
vt 0.671565 0.524940
vt 0.660777 0.524940
vt 0.682353 0.524940
vt 0.693141 0.524940
vt 0.703929 0.524940
vt 0.048035 0.643163
vt 0.048035 0.617131
vt 0.001953 0.643163
vt 0.001953 0.617131
vt 0.094118 0.643163
vt 0.094118 0.617131
vt 0.140200 0.617131
vt 0.140200 0.643163
vt 0.186282 0.617131
vt 0.186282 0.643163
vt 0.048035 0.562095
vt 0.001953 0.562095
vt 0.094118 0.562095
vt 0.140200 0.562095
vt 0.186282 0.562095
vt 0.424506 0.872741
vt 0.424506 0.867859
vt 0.378424 0.872741
vt 0.378424 0.867859
vt 0.470588 0.867859
vt 0.470588 0.872741
vt 0.516671 0.867859
vt 0.516671 0.872741
vt 0.562753 0.872741
vt 0.562753 0.867859
vt 0.683330 0.856403
vt 0.683330 0.842288
vt 0.660777 0.856403
vt 0.660777 0.842288
vt 0.705882 0.842288
vt 0.705882 0.856403
vt 0.728435 0.856403
vt 0.728435 0.842288
vt 0.750988 0.842288
vt 0.750988 0.856403
vt 0.495094 0.565511
vt 0.495094 0.560237
vt 0.472541 0.565511
vt 0.472541 0.560237
vt 0.517647 0.560237
vt 0.517647 0.565511
vt 0.540200 0.560237
vt 0.540200 0.565511
vt 0.562753 0.560237
vt 0.562753 0.565511
vt 0.495094 0.542731
vt 0.472541 0.542731
vt 0.517647 0.542731
vt 0.540200 0.542731
vt 0.562753 0.542731
vt 0.495094 0.529565
vt 0.495094 0.524597
vt 0.472541 0.529565
vt 0.472541 0.524597
vt 0.517647 0.524597
vt 0.517647 0.529565
vt 0.540200 0.529565
vt 0.540200 0.524597
vt 0.562753 0.524597
vt 0.562753 0.529565
vt 0.495094 0.506794
vt 0.472541 0.506794
vt 0.517647 0.506794
vt 0.540200 0.506794
vt 0.562753 0.506794
vt 0.859800 0.635851
vt 0.859800 0.630580
vt 0.849012 0.635851
vt 0.849012 0.630580
vt 0.870588 0.630580
vt 0.870588 0.635851
vt 0.881377 0.635851
vt 0.881377 0.630580
vt 0.892165 0.630580
vt 0.892165 0.635851
vt 0.859800 0.612876
vt 0.849012 0.612876
vt 0.870588 0.612876
vt 0.881377 0.612876
vt 0.892165 0.612876
vt 0.718624 0.632053
vt 0.718624 0.627118
vt 0.707836 0.632053
vt 0.707836 0.627118
vt 0.729412 0.632053
vt 0.729412 0.627118
vt 0.740200 0.627118
vt 0.740200 0.632053
vt 0.750988 0.627118
vt 0.750988 0.632053
vt 0.718624 0.609298
vt 0.707836 0.609298
vt 0.729412 0.609298
vt 0.740200 0.609298
vt 0.750988 0.609298
vt 0.718624 0.596317
vt 0.718624 0.591046
vt 0.707836 0.596317
vt 0.707836 0.591046
vt 0.729412 0.591046
vt 0.729412 0.596317
vt 0.740200 0.591046
vt 0.740200 0.596317
vt 0.750988 0.596317
vt 0.750988 0.591046
vt 0.718624 0.573786
vt 0.707836 0.573786
vt 0.729412 0.573786
vt 0.740200 0.573786
vt 0.750988 0.573786
vt 0.589212 0.988796
vt 0.589212 0.983866
vt 0.566659 0.988796
vt 0.566659 0.983866
vt 0.611765 0.983866
vt 0.611765 0.988796
vt 0.634318 0.983866
vt 0.634318 0.988796
vt 0.656871 0.983866
vt 0.656871 0.988796
vt 0.859800 0.605537
vt 0.859800 0.591675
vt 0.849012 0.605537
vt 0.849012 0.591675
vt 0.870588 0.605537
vt 0.870588 0.591675
vt 0.881377 0.591675
vt 0.881377 0.605537
vt 0.892165 0.591675
vt 0.892165 0.605537
vt 0.718624 0.558508
vt 0.718624 0.553266
vt 0.707836 0.558508
vt 0.707836 0.553266
vt 0.729412 0.553266
vt 0.729412 0.558508
vt 0.740200 0.558508
vt 0.740200 0.553266
vt 0.750988 0.553266
vt 0.750988 0.558508
vt 0.718624 0.535905
vt 0.707836 0.535905
vt 0.729412 0.535905
vt 0.740200 0.535905
vt 0.750988 0.535905
vt 0.718624 0.523009
vt 0.718624 0.517823
vt 0.707836 0.523009
vt 0.707836 0.517823
vt 0.729412 0.517823
vt 0.729412 0.523009
vt 0.740200 0.523009
vt 0.740200 0.517823
vt 0.750988 0.517823
vt 0.750988 0.523009
vt 0.765683 0.998047
vt 0.765683 0.984849
vt 0.754894 0.998047
vt 0.754894 0.984849
vt 0.776471 0.984849
vt 0.776471 0.998047
vt 0.787259 0.984849
vt 0.787259 0.998047
vt 0.798047 0.984849
vt 0.798047 0.998047
vt 0.048035 0.529219
vt 0.048035 0.504581
vt 0.001953 0.529219
vt 0.001953 0.504581
vt 0.094118 0.529219
vt 0.094118 0.504581
vt 0.140200 0.504581
vt 0.140200 0.529219
vt 0.186282 0.504581
vt 0.186282 0.529219
vt 0.236271 0.998047
vt 0.236271 0.949476
vt 0.190188 0.998047
vt 0.190188 0.949476
vt 0.282353 0.949476
vt 0.282353 0.998047
vt 0.328435 0.998047
vt 0.328435 0.949476
vt 0.374518 0.949476
vt 0.374518 0.998047
vt 0.424506 0.842844
vt 0.424506 0.836252
vt 0.378424 0.842844
vt 0.378424 0.836252
vt 0.470588 0.836252
vt 0.470588 0.842844
vt 0.516671 0.836252
vt 0.516671 0.842844
vt 0.562753 0.842844
vt 0.562753 0.836252
vt 0.683330 0.831325
vt 0.683330 0.813948
vt 0.660777 0.831325
vt 0.660777 0.813948
vt 0.705882 0.813948
vt 0.705882 0.831325
vt 0.728435 0.831325
vt 0.728435 0.813948
vt 0.750988 0.813948
vt 0.750988 0.831325
vt 0.589212 0.951672
vt 0.589212 0.944734
vt 0.566659 0.951672
vt 0.566659 0.944734
vt 0.611765 0.944734
vt 0.611765 0.951672
vt 0.634318 0.944734
vt 0.634318 0.951672
vt 0.656871 0.944734
vt 0.656871 0.951672
vt 0.589212 0.924143
vt 0.566659 0.924143
vt 0.611765 0.924143
vt 0.634318 0.924143
vt 0.656871 0.924143
vt 0.589212 0.909413
vt 0.589212 0.902515
vt 0.566659 0.909413
vt 0.566659 0.902515
vt 0.611765 0.902515
vt 0.611765 0.909413
vt 0.634318 0.909413
vt 0.634318 0.902515
vt 0.656871 0.902515
vt 0.656871 0.909413
vt 0.589212 0.881998
vt 0.566659 0.881998
vt 0.611765 0.881998
vt 0.634318 0.881998
vt 0.656871 0.881998
vt 0.859800 0.584155
vt 0.859800 0.577455
vt 0.849012 0.584155
vt 0.849012 0.577455
vt 0.870588 0.577455
vt 0.870588 0.584155
vt 0.881377 0.584155
vt 0.881377 0.577455
vt 0.892165 0.577455
vt 0.892165 0.584155
vt 0.859800 0.557146
vt 0.849012 0.557146
vt 0.870588 0.557146
vt 0.881377 0.557146
vt 0.892165 0.557146
vt 0.765683 0.968052
vt 0.765683 0.961410
vt 0.754894 0.968052
vt 0.754894 0.961410
vt 0.776471 0.968052
vt 0.776471 0.961410
vt 0.787259 0.961410
vt 0.787259 0.968052
vt 0.798047 0.961410
vt 0.798047 0.968052
vt 0.765683 0.941365
vt 0.754894 0.941365
vt 0.776471 0.941365
vt 0.787259 0.941365
vt 0.798047 0.941365
vt 0.765683 0.927096
vt 0.765683 0.920538
vt 0.754894 0.927096
vt 0.754894 0.920538
vt 0.776471 0.920538
vt 0.776471 0.927096
vt 0.787259 0.920538
vt 0.787259 0.927096
vt 0.798047 0.927096
vt 0.798047 0.920538
vt 0.765683 0.900897
vt 0.754894 0.900897
vt 0.776471 0.900897
vt 0.787259 0.900897
vt 0.798047 0.900897
vt 0.589212 0.867336
vt 0.589212 0.860507
vt 0.566659 0.867336
vt 0.566659 0.860507
vt 0.611765 0.860507
vt 0.611765 0.867336
vt 0.634318 0.860507
vt 0.634318 0.867336
vt 0.656871 0.860507
vt 0.656871 0.867336
vt 0.859800 0.549807
vt 0.859800 0.533371
vt 0.849012 0.549807
vt 0.849012 0.533371
vt 0.870588 0.549807
vt 0.870588 0.533371
vt 0.881377 0.533371
vt 0.881377 0.549807
vt 0.892165 0.533371
vt 0.892165 0.549807
vt 0.765683 0.880620
vt 0.765683 0.876208
vt 0.754894 0.880620
vt 0.754894 0.876208
vt 0.776471 0.876208
vt 0.776471 0.880620
vt 0.787259 0.880620
vt 0.787259 0.876208
vt 0.798047 0.876208
vt 0.798047 0.880620
vt 0.765683 0.853897
vt 0.754894 0.853897
vt 0.776471 0.853897
vt 0.787259 0.853897
vt 0.798047 0.853897
vt 0.765683 0.786557
vt 0.765683 0.780330
vt 0.754894 0.786557
vt 0.754894 0.780330
vt 0.776471 0.780330
vt 0.776471 0.786557
vt 0.787259 0.786557
vt 0.787259 0.780330
vt 0.798047 0.780330
vt 0.798047 0.786557
vt 0.765683 0.760901
vt 0.754894 0.760901
vt 0.776471 0.760901
vt 0.787259 0.760901
vt 0.798047 0.760901
vt 0.948035 0.528813
vt 0.948035 0.522667
vt 0.943130 0.528813
vt 0.943130 0.522667
vt 0.952941 0.528813
vt 0.952941 0.522667
vt 0.957847 0.522667
vt 0.957847 0.528813
vt 0.962753 0.522667
vt 0.962753 0.528813
vt 0.948035 0.503623
vt 0.943130 0.503623
vt 0.952941 0.503623
vt 0.957847 0.503623
vt 0.962753 0.503623
vt 0.900977 0.805318
vt 0.900977 0.799327
vt 0.896071 0.805318
vt 0.896071 0.799327
vt 0.905883 0.799327
vt 0.905883 0.805318
vt 0.910788 0.799327
vt 0.910788 0.805318
vt 0.915694 0.805318
vt 0.915694 0.799327
vt 0.900977 0.780753
vt 0.896071 0.780753
vt 0.905883 0.780753
vt 0.910788 0.780753
vt 0.915694 0.780753
vt 0.765683 0.839430
vt 0.765683 0.833275
vt 0.754894 0.839430
vt 0.754894 0.833275
vt 0.776471 0.833275
vt 0.776471 0.839430
vt 0.787259 0.833275
vt 0.787259 0.839430
vt 0.798047 0.833275
vt 0.798047 0.839430
vt 0.765683 0.813128
vt 0.754894 0.813128
vt 0.776471 0.813128
vt 0.787259 0.813128
vt 0.798047 0.813128
vt 0.971565 0.998047
vt 0.971565 0.992123
vt 0.966659 0.998047
vt 0.966659 0.992123
vt 0.976471 0.992123
vt 0.976471 0.998047
vt 0.981376 0.998047
vt 0.981376 0.992123
vt 0.986282 0.992123
vt 0.986282 0.998047
vt 0.971565 0.972306
vt 0.966659 0.972306
vt 0.976471 0.972306
vt 0.981376 0.972306
vt 0.986282 0.972306
vt 0.900977 0.765480
vt 0.900977 0.759263
vt 0.896071 0.765480
vt 0.896071 0.759263
vt 0.905883 0.759263
vt 0.905883 0.765480
vt 0.910788 0.765480
vt 0.910788 0.759263
vt 0.915694 0.759263
vt 0.915694 0.765480
vt 0.900977 0.740265
vt 0.896071 0.740265
vt 0.905883 0.740265
vt 0.910788 0.740265
vt 0.915694 0.740265
vt 0.236271 0.921625
vt 0.236271 0.901923
vt 0.190188 0.921625
vt 0.190188 0.901923
vt 0.282353 0.921625
vt 0.282353 0.901923
vt 0.328435 0.901923
vt 0.328435 0.921625
vt 0.374518 0.901923
vt 0.374518 0.921625
vt 0.236271 0.858449
vt 0.190188 0.858449
vt 0.282353 0.858449
vt 0.328435 0.858449
vt 0.374518 0.858449
vt 0.424506 0.812594
vt 0.424506 0.806834
vt 0.378424 0.812594
vt 0.378424 0.806834
vt 0.470588 0.806834
vt 0.470588 0.812594
vt 0.516671 0.806834
vt 0.516671 0.812594
vt 0.562753 0.812594
vt 0.562753 0.806834
vt 0.683330 0.802985
vt 0.683330 0.788050
vt 0.660777 0.802985
vt 0.660777 0.788050
vt 0.705882 0.788050
vt 0.705882 0.802985
vt 0.728435 0.802985
vt 0.728435 0.788050
vt 0.750988 0.788050
vt 0.750988 0.802985
vt 0.589212 0.828064
vt 0.589212 0.822276
vt 0.566659 0.828064
vt 0.566659 0.822276
vt 0.611765 0.822276
vt 0.611765 0.828064
vt 0.634318 0.822276
vt 0.634318 0.828064
vt 0.656871 0.822276
vt 0.656871 0.828064
vt 0.589212 0.803922
vt 0.566659 0.803922
vt 0.611765 0.803922
vt 0.634318 0.803922
vt 0.656871 0.803922
vt 0.589212 0.790467
vt 0.589212 0.784845
vt 0.566659 0.790467
vt 0.566659 0.784845
vt 0.611765 0.784845
vt 0.611765 0.790467
vt 0.634318 0.790467
vt 0.634318 0.784845
vt 0.656871 0.784845
vt 0.656871 0.790467
vt 0.859800 0.525852
vt 0.859800 0.511670
vt 0.849012 0.525852
vt 0.849012 0.511670
vt 0.870588 0.511670
vt 0.870588 0.525852
vt 0.881377 0.511670
vt 0.881377 0.525852
vt 0.892165 0.525852
vt 0.892165 0.511670
vt 0.765683 0.737374
vt 0.765683 0.735567
vt 0.754894 0.737374
vt 0.754894 0.735567
vt 0.776471 0.735567
vt 0.776471 0.737374
vt 0.787259 0.737374
vt 0.787259 0.735567
vt 0.798047 0.735567
vt 0.798047 0.737374
vt 0.765683 0.727103
vt 0.754894 0.727103
vt 0.776471 0.727103
vt 0.787259 0.727103
vt 0.798047 0.727103
vt 0.765683 0.711473
vt 0.754894 0.711473
vt 0.776471 0.711473
vt 0.787259 0.711473
vt 0.798047 0.711473
vt 0.765683 0.698342
vt 0.765683 0.693145
vt 0.754894 0.698342
vt 0.754894 0.693145
vt 0.776471 0.693145
vt 0.776471 0.698342
vt 0.787259 0.698342
vt 0.787259 0.693145
vt 0.798047 0.693145
vt 0.798047 0.698342
vt 0.765683 0.675685
vt 0.754894 0.675685
vt 0.776471 0.675685
vt 0.787259 0.675685
vt 0.798047 0.675685
vt 0.971565 0.966731
vt 0.971565 0.961592
vt 0.966659 0.966731
vt 0.966659 0.961592
vt 0.976471 0.961592
vt 0.976471 0.966731
vt 0.981376 0.966731
vt 0.981376 0.961592
vt 0.986282 0.961592
vt 0.986282 0.966731
vt 0.971565 0.944661
vt 0.966659 0.944661
vt 0.976471 0.944661
vt 0.981376 0.944661
vt 0.986282 0.944661
vt 0.765683 0.651489
vt 0.765683 0.646193
vt 0.754894 0.651489
vt 0.754894 0.646193
vt 0.776471 0.651489
vt 0.776471 0.646193
vt 0.787259 0.646193
vt 0.787259 0.651489
vt 0.798047 0.646193
vt 0.798047 0.651489
vt 0.765683 0.628686
vt 0.754894 0.628686
vt 0.776471 0.628686
vt 0.787259 0.628686
vt 0.798047 0.628686
vt 0.765683 0.613850
vt 0.765683 0.609883
vt 0.754894 0.613850
vt 0.754894 0.609883
vt 0.776471 0.609883
vt 0.776471 0.613850
vt 0.787259 0.609883
vt 0.787259 0.613850
vt 0.798047 0.613850
vt 0.798047 0.609883
vt 0.765683 0.591444
vt 0.754894 0.591444
vt 0.776471 0.591444
vt 0.787259 0.591444
vt 0.798047 0.591444
vt 0.971565 0.938998
vt 0.971565 0.934399
vt 0.966659 0.938998
vt 0.966659 0.934399
vt 0.976471 0.934399
vt 0.976471 0.938998
vt 0.981376 0.934399
vt 0.981376 0.938998
vt 0.986282 0.934399
vt 0.986282 0.938998
vt 0.971565 0.916759
vt 0.966659 0.916759
vt 0.976471 0.916759
vt 0.981376 0.916759
vt 0.986282 0.916759
vt 0.900977 0.726373
vt 0.900977 0.721732
vt 0.896071 0.726373
vt 0.896071 0.721732
vt 0.905883 0.721732
vt 0.905883 0.726373
vt 0.910788 0.726373
vt 0.910788 0.721732
vt 0.915694 0.721732
vt 0.915694 0.726373
vt 0.900977 0.705405
vt 0.896071 0.705405
vt 0.905883 0.705405
vt 0.910788 0.705405
vt 0.915694 0.705405
vt 0.900977 0.693113
vt 0.900977 0.688579
vt 0.896071 0.693113
vt 0.896071 0.688579
vt 0.905883 0.688579
vt 0.905883 0.693113
vt 0.910788 0.693113
vt 0.910788 0.688579
vt 0.915694 0.688579
vt 0.915694 0.693113
vt 0.900977 0.672797
vt 0.896071 0.672797
vt 0.905883 0.672797
vt 0.910788 0.672797
vt 0.915694 0.672797
vt 0.971565 0.911184
vt 0.971565 0.906297
vt 0.966659 0.911184
vt 0.966659 0.906297
vt 0.976471 0.911184
vt 0.976471 0.906297
vt 0.981376 0.906297
vt 0.981376 0.911184
vt 0.986282 0.906297
vt 0.986282 0.911184
vt 0.971565 0.889500
vt 0.966659 0.889500
vt 0.976471 0.889500
vt 0.981376 0.889500
vt 0.986282 0.889500
vt 0.900977 0.659146
vt 0.900977 0.654479
vt 0.896071 0.659146
vt 0.896071 0.654479
vt 0.905883 0.654479
vt 0.905883 0.659146
vt 0.910788 0.654479
vt 0.910788 0.659146
vt 0.915694 0.659146
vt 0.915694 0.654479
vt 0.900977 0.638104
vt 0.896071 0.638104
vt 0.905883 0.638104
vt 0.910788 0.638104
vt 0.915694 0.638104
vt 0.900977 0.625787
vt 0.900977 0.621228
vt 0.896071 0.625787
vt 0.896071 0.621228
vt 0.905883 0.621228
vt 0.905883 0.625787
vt 0.910788 0.621228
vt 0.910788 0.625787
vt 0.915694 0.621228
vt 0.915694 0.625787
vt 0.900977 0.605398
vt 0.896071 0.605398
vt 0.905883 0.605398
vt 0.910788 0.605398
vt 0.915694 0.605398
vt 0.236271 0.831639
vt 0.236271 0.812983
vt 0.190188 0.831639
vt 0.190188 0.812983
vt 0.282353 0.812983
vt 0.282353 0.831639
vt 0.328435 0.831639
vt 0.328435 0.812983
vt 0.374518 0.812983
vt 0.374518 0.831639
vt 0.236271 0.771439
vt 0.190188 0.771439
vt 0.282353 0.771439
vt 0.328435 0.771439
vt 0.374518 0.771439
vt 0.424506 0.783072
vt 0.424506 0.776713
vt 0.378424 0.783072
vt 0.378424 0.776713
vt 0.470588 0.776713
vt 0.470588 0.783072
vt 0.516671 0.783072
vt 0.516671 0.776713
vt 0.562753 0.776713
vt 0.562753 0.783072
vt 0.683330 0.778498
vt 0.683330 0.761553
vt 0.660777 0.778498
vt 0.660777 0.761553
vt 0.705882 0.761553
vt 0.705882 0.778498
vt 0.728435 0.761553
vt 0.728435 0.778498
vt 0.750988 0.761553
vt 0.750988 0.778498
vt 0.589212 0.766541
vt 0.589212 0.760047
vt 0.566659 0.766541
vt 0.566659 0.760047
vt 0.611765 0.766541
vt 0.611765 0.760047
vt 0.634318 0.760047
vt 0.634318 0.766541
vt 0.656871 0.760047
vt 0.656871 0.766541
vt 0.589212 0.740227
vt 0.566659 0.740227
vt 0.611765 0.740227
vt 0.634318 0.740227
vt 0.656871 0.740227
vt 0.589212 0.726034
vt 0.589212 0.719762
vt 0.566659 0.726034
vt 0.566659 0.719762
vt 0.611765 0.719762
vt 0.611765 0.726034
vt 0.634318 0.719762
vt 0.634318 0.726034
vt 0.656871 0.726034
vt 0.656871 0.719762
vt 0.906859 0.998047
vt 0.906859 0.982473
vt 0.896071 0.998047
vt 0.896071 0.982473
vt 0.917647 0.982473
vt 0.917647 0.998047
vt 0.928435 0.998047
vt 0.928435 0.982473
vt 0.939224 0.982473
vt 0.939224 0.998047
vt 0.765683 0.555871
vt 0.765683 0.549871
vt 0.754894 0.555871
vt 0.754894 0.549871
vt 0.776471 0.549871
vt 0.776471 0.555871
vt 0.787259 0.549871
vt 0.787259 0.555871
vt 0.798047 0.549871
vt 0.798047 0.555871
vt 0.765683 0.530153
vt 0.754894 0.530153
vt 0.776471 0.530153
vt 0.787259 0.530153
vt 0.798047 0.530153
vt 0.765683 0.516440
vt 0.765683 0.510691
vt 0.754894 0.516440
vt 0.754894 0.510691
vt 0.776471 0.510691
vt 0.776471 0.516440
vt 0.787259 0.516440
vt 0.787259 0.510691
vt 0.798047 0.510691
vt 0.798047 0.516440
vt 0.812741 0.998047
vt 0.812741 0.983415
vt 0.801953 0.998047
vt 0.801953 0.983415
vt 0.823530 0.983415
vt 0.823530 0.998047
vt 0.834318 0.983415
vt 0.834318 0.998047
vt 0.845106 0.998047
vt 0.845106 0.983415
vt 0.971565 0.883924
vt 0.971565 0.878249
vt 0.966659 0.883924
vt 0.966659 0.878249
vt 0.976471 0.878249
vt 0.976471 0.883924
vt 0.981376 0.883924
vt 0.981376 0.878249
vt 0.986282 0.878249
vt 0.986282 0.883924
vt 0.971565 0.860321
vt 0.966659 0.860321
vt 0.976471 0.860321
vt 0.981376 0.860321
vt 0.986282 0.860321
vt 0.812741 0.957847
vt 0.812741 0.951804
vt 0.801953 0.957847
vt 0.801953 0.951804
vt 0.823530 0.957847
vt 0.823530 0.951804
vt 0.834318 0.951804
vt 0.834318 0.957847
vt 0.845106 0.951804
vt 0.845106 0.957847
vt 0.812741 0.932719
vt 0.801953 0.932719
vt 0.823530 0.932719
vt 0.834318 0.932719
vt 0.845106 0.932719
vt 0.812741 0.918950
vt 0.812741 0.913134
vt 0.801953 0.918950
vt 0.801953 0.913134
vt 0.823530 0.913134
vt 0.823530 0.918950
vt 0.834318 0.913134
vt 0.834318 0.918950
vt 0.845106 0.918950
vt 0.845106 0.913134
vt 0.812741 0.894494
vt 0.801953 0.894494
vt 0.823530 0.894494
vt 0.834318 0.894494
vt 0.845106 0.894494
vt 0.812741 0.881016
vt 0.812741 0.875284
vt 0.801953 0.881016
vt 0.801953 0.875284
vt 0.823530 0.875284
vt 0.823530 0.881016
vt 0.834318 0.875284
vt 0.834318 0.881016
vt 0.845106 0.875284
vt 0.845106 0.881016
vt 0.971565 0.854657
vt 0.971565 0.840529
vt 0.966659 0.854657
vt 0.966659 0.840529
vt 0.976471 0.854657
vt 0.976471 0.840529
vt 0.981376 0.840529
vt 0.981376 0.854657
vt 0.986282 0.840529
vt 0.986282 0.854657
vt 0.236271 0.749529
vt 0.236271 0.735692
vt 0.190188 0.749529
vt 0.190188 0.735692
vt 0.282353 0.735692
vt 0.282353 0.749529
vt 0.328435 0.749529
vt 0.328435 0.735692
vt 0.374518 0.735692
vt 0.374518 0.749529
vt 0.236271 0.702926
vt 0.190188 0.702926
vt 0.282353 0.702926
vt 0.328435 0.702926
vt 0.374518 0.702926
vt 0.424506 0.754045
vt 0.424506 0.748415
vt 0.378424 0.754045
vt 0.378424 0.748415
vt 0.470588 0.748415
vt 0.470588 0.754045
vt 0.516671 0.754045
vt 0.516671 0.748415
vt 0.562753 0.748415
vt 0.562753 0.754045
vt 0.683330 0.752001
vt 0.683330 0.737613
vt 0.660777 0.752001
vt 0.660777 0.737613
vt 0.705882 0.737613
vt 0.705882 0.752001
vt 0.728435 0.737613
vt 0.728435 0.752001
vt 0.750988 0.737613
vt 0.750988 0.752001
vt 0.589212 0.702542
vt 0.589212 0.697041
vt 0.566659 0.702542
vt 0.566659 0.697041
vt 0.611765 0.702542
vt 0.611765 0.697041
vt 0.634318 0.697041
vt 0.634318 0.702542
vt 0.656871 0.697041
vt 0.656871 0.702542
vt 0.906859 0.974953
vt 0.906859 0.961195
vt 0.896071 0.974953
vt 0.896071 0.961195
vt 0.917647 0.961195
vt 0.917647 0.974953
vt 0.928435 0.974953
vt 0.928435 0.961195
vt 0.939224 0.961195
vt 0.939224 0.974953
vt 0.812741 0.860216
vt 0.812741 0.854955
vt 0.801953 0.860216
vt 0.801953 0.854955
vt 0.823530 0.854955
vt 0.823530 0.860216
vt 0.834318 0.854955
vt 0.834318 0.860216
vt 0.845106 0.860216
vt 0.845106 0.854955
vt 0.812741 0.837739
vt 0.801953 0.837739
vt 0.823530 0.837739
vt 0.834318 0.837739
vt 0.845106 0.837739
vt 0.812741 0.826766
vt 0.812741 0.825056
vt 0.801953 0.826766
vt 0.801953 0.825056
vt 0.823530 0.825056
vt 0.823530 0.826766
vt 0.834318 0.825056
vt 0.834318 0.826766
vt 0.845106 0.825056
vt 0.845106 0.826766
vt 0.812741 0.816957
vt 0.801953 0.816957
vt 0.823530 0.816957
vt 0.834318 0.816957
vt 0.845106 0.816957
vt 0.812741 0.802463
vt 0.801953 0.802463
vt 0.823530 0.802463
vt 0.834318 0.802463
vt 0.845106 0.802463
vt 0.971565 0.834773
vt 0.971565 0.830047
vt 0.966659 0.834773
vt 0.966659 0.830047
vt 0.976471 0.830047
vt 0.976471 0.834773
vt 0.981376 0.830047
vt 0.981376 0.834773
vt 0.986282 0.834773
vt 0.986282 0.830047
vt 0.971565 0.813748
vt 0.966659 0.813748
vt 0.976471 0.813748
vt 0.981376 0.813748
vt 0.986282 0.813748
vt 0.900977 0.592034
vt 0.900977 0.587506
vt 0.896071 0.592034
vt 0.896071 0.587506
vt 0.905883 0.587506
vt 0.905883 0.592034
vt 0.910788 0.587506
vt 0.910788 0.592034
vt 0.915694 0.587506
vt 0.915694 0.592034
vt 0.900977 0.571756
vt 0.896071 0.571756
vt 0.905883 0.571756
vt 0.910788 0.571756
vt 0.915694 0.571756
vt 0.812741 0.778918
vt 0.812741 0.773899
vt 0.801953 0.778918
vt 0.801953 0.773899
vt 0.823530 0.773899
vt 0.823530 0.778918
vt 0.834318 0.778918
vt 0.834318 0.773899
vt 0.845106 0.773899
vt 0.845106 0.778918
vt 0.812741 0.757135
vt 0.801953 0.757135
vt 0.823530 0.757135
vt 0.834318 0.757135
vt 0.845106 0.757135
vt 0.812741 0.744567
vt 0.812741 0.739806
vt 0.801953 0.744567
vt 0.801953 0.739806
vt 0.823530 0.739806
vt 0.823530 0.744567
vt 0.834318 0.744567
vt 0.834318 0.739806
vt 0.845106 0.739806
vt 0.845106 0.744567
vt 0.971565 0.808085
vt 0.971565 0.795712
vt 0.966659 0.808085
vt 0.966659 0.795712
vt 0.976471 0.795712
vt 0.976471 0.808085
vt 0.981376 0.795712
vt 0.981376 0.808085
vt 0.986282 0.795712
vt 0.986282 0.808085
vt 0.900977 0.558049
vt 0.900977 0.553517
vt 0.896071 0.558049
vt 0.896071 0.553517
vt 0.905883 0.558049
vt 0.905883 0.553517
vt 0.910788 0.553517
vt 0.910788 0.558049
vt 0.915694 0.553517
vt 0.915694 0.558049
vt 0.900977 0.537761
vt 0.896071 0.537761
vt 0.905883 0.537761
vt 0.910788 0.537761
vt 0.915694 0.537761
vt 0.236271 0.681720
vt 0.236271 0.668593
vt 0.190188 0.681720
vt 0.190188 0.668593
vt 0.282353 0.668593
vt 0.282353 0.681720
vt 0.328435 0.668593
vt 0.328435 0.681720
vt 0.374518 0.681720
vt 0.374518 0.668593
vt 0.236271 0.637133
vt 0.190188 0.637133
vt 0.282353 0.637133
vt 0.328435 0.637133
vt 0.374518 0.637133
vt 0.424506 0.725967
vt 0.424506 0.719770
vt 0.378424 0.725967
vt 0.378424 0.719770
vt 0.470588 0.719770
vt 0.470588 0.725967
vt 0.516671 0.719770
vt 0.516671 0.725967
vt 0.562753 0.719770
vt 0.562753 0.725967
vt 0.683330 0.729190
vt 0.683330 0.713521
vt 0.660777 0.729190
vt 0.660777 0.713521
vt 0.705882 0.729190
vt 0.705882 0.713521
vt 0.728435 0.713521
vt 0.728435 0.729190
vt 0.750988 0.713521
vt 0.750988 0.729190
vt 0.589212 0.679248
vt 0.589212 0.673175
vt 0.566659 0.679248
vt 0.566659 0.673175
vt 0.611765 0.673175
vt 0.611765 0.679248
vt 0.634318 0.679248
vt 0.634318 0.673175
vt 0.656871 0.673175
vt 0.656871 0.679248
vt 0.906859 0.953675
vt 0.906859 0.938854
vt 0.896071 0.953675
vt 0.896071 0.938854
vt 0.917647 0.938854
vt 0.917647 0.953675
vt 0.928435 0.938854
vt 0.928435 0.953675
vt 0.939224 0.953675
vt 0.939224 0.938854
vt 0.812741 0.724196
vt 0.812741 0.718392
vt 0.801953 0.724196
vt 0.801953 0.718392
vt 0.823530 0.718392
vt 0.823530 0.724196
vt 0.834318 0.724196
vt 0.834318 0.718392
vt 0.845106 0.718392
vt 0.845106 0.724196
vt 0.812741 0.700171
vt 0.801953 0.700171
vt 0.823530 0.700171
vt 0.834318 0.700171
vt 0.845106 0.700171
vt 0.812741 0.688795
vt 0.812741 0.686754
vt 0.801953 0.688795
vt 0.801953 0.686754
vt 0.823530 0.688795
vt 0.823530 0.686754
vt 0.834318 0.686754
vt 0.834318 0.688795
vt 0.845106 0.686754
vt 0.845106 0.688795
vt 0.812741 0.678185
vt 0.801953 0.678185
vt 0.823530 0.678185
vt 0.834318 0.678185
vt 0.845106 0.678185
vt 0.812741 0.662873
vt 0.801953 0.662873
vt 0.823530 0.662873
vt 0.834318 0.662873
vt 0.845106 0.662873
vt 0.971565 0.789955
vt 0.971565 0.784742
vt 0.966659 0.789955
vt 0.966659 0.784742
vt 0.976471 0.784742
vt 0.976471 0.789955
vt 0.981376 0.789955
vt 0.981376 0.784742
vt 0.986282 0.784742
vt 0.986282 0.789955
vt 0.971565 0.767544
vt 0.966659 0.767544
vt 0.976471 0.767544
vt 0.981376 0.767544
vt 0.986282 0.767544
vt 0.900977 0.523525
vt 0.900977 0.518538
vt 0.896071 0.523525
vt 0.896071 0.518538
vt 0.905883 0.523525
vt 0.905883 0.518538
vt 0.910788 0.518538
vt 0.910788 0.523525
vt 0.915694 0.518538
vt 0.915694 0.523525
vt 0.924506 0.815126
vt 0.924506 0.802429
vt 0.919600 0.815126
vt 0.919600 0.802429
vt 0.929412 0.802429
vt 0.929412 0.815126
vt 0.934318 0.815126
vt 0.934318 0.802429
vt 0.939223 0.802429
vt 0.939223 0.815126
vt 0.812741 0.638168
vt 0.812741 0.632473
vt 0.801953 0.638168
vt 0.801953 0.632473
vt 0.823530 0.632473
vt 0.823530 0.638168
vt 0.834318 0.632473
vt 0.834318 0.638168
vt 0.845106 0.638168
vt 0.845106 0.632473
vt 0.812741 0.614457
vt 0.801953 0.614457
vt 0.823530 0.614457
vt 0.834318 0.614457
vt 0.845106 0.614457
vt 0.812741 0.601246
vt 0.812741 0.595842
vt 0.801953 0.601246
vt 0.801953 0.595842
vt 0.823530 0.595842
vt 0.823530 0.601246
vt 0.834318 0.595842
vt 0.834318 0.601246
vt 0.845106 0.595842
vt 0.845106 0.601246
vt 0.971565 0.761880
vt 0.971565 0.748313
vt 0.966659 0.761880
vt 0.966659 0.748313
vt 0.976471 0.761880
vt 0.976471 0.748313
vt 0.981376 0.748313
vt 0.981376 0.761880
vt 0.986282 0.748313
vt 0.986282 0.761880
vt 0.924506 0.788111
vt 0.924506 0.782966
vt 0.919600 0.788111
vt 0.919600 0.782966
vt 0.929412 0.782966
vt 0.929412 0.788111
vt 0.934318 0.788111
vt 0.934318 0.782966
vt 0.939223 0.782966
vt 0.939223 0.788111
vt 0.924506 0.766074
vt 0.919600 0.766074
vt 0.929412 0.766074
vt 0.934318 0.766074
vt 0.939223 0.766074
vt 0.236271 0.618538
vt 0.236271 0.607991
vt 0.190188 0.618538
vt 0.190188 0.607991
vt 0.282353 0.607991
vt 0.282353 0.618538
vt 0.328435 0.618538
vt 0.328435 0.607991
vt 0.374518 0.607991
vt 0.374518 0.618538
vt 0.236271 0.581232
vt 0.190188 0.581232
vt 0.282353 0.581232
vt 0.328435 0.581232
vt 0.374518 0.581232
vt 0.683330 0.705098
vt 0.683330 0.700269
vt 0.660777 0.705098
vt 0.660777 0.700269
vt 0.705882 0.705098
vt 0.705882 0.700269
vt 0.728435 0.700269
vt 0.728435 0.705098
vt 0.750988 0.700269
vt 0.750988 0.705098
vt 0.906859 0.931334
vt 0.906859 0.917568
vt 0.896071 0.931334
vt 0.896071 0.917568
vt 0.917647 0.917568
vt 0.917647 0.931334
vt 0.928435 0.931334
vt 0.928435 0.917568
vt 0.939224 0.917568
vt 0.939224 0.931334
vt 0.812741 0.581110
vt 0.812741 0.576239
vt 0.801953 0.581110
vt 0.801953 0.576239
vt 0.823530 0.576239
vt 0.823530 0.581110
vt 0.834318 0.576239
vt 0.834318 0.581110
vt 0.845106 0.581110
vt 0.845106 0.576239
vt 0.812741 0.559727
vt 0.801953 0.559727
vt 0.823530 0.559727
vt 0.834318 0.559727
vt 0.845106 0.559727
vt 0.812741 0.547258
vt 0.812741 0.542895
vt 0.801953 0.547258
vt 0.801953 0.542895
vt 0.823530 0.542895
vt 0.823530 0.547258
vt 0.834318 0.542895
vt 0.834318 0.547258
vt 0.845106 0.542895
vt 0.845106 0.547258
vt 0.812741 0.526736
vt 0.801953 0.526736
vt 0.823530 0.526736
vt 0.834318 0.526736
vt 0.845106 0.526736
vt 0.859800 0.979752
vt 0.859800 0.975518
vt 0.849012 0.979752
vt 0.849012 0.975518
vt 0.870588 0.975518
vt 0.870588 0.979752
vt 0.881377 0.979752
vt 0.881377 0.975518
vt 0.892165 0.975518
vt 0.892165 0.979752
vt 0.971565 0.742557
vt 0.971565 0.731003
vt 0.966659 0.742557
vt 0.966659 0.731003
vt 0.976471 0.731003
vt 0.976471 0.742557
vt 0.981376 0.731003
vt 0.981376 0.742557
vt 0.986282 0.742557
vt 0.986282 0.731003
vt 0.924506 0.752684
vt 0.924506 0.748923
vt 0.919600 0.752684
vt 0.919600 0.748923
vt 0.929412 0.748923
vt 0.929412 0.752684
vt 0.934318 0.752684
vt 0.934318 0.748923
vt 0.939223 0.748923
vt 0.939223 0.752684
vt 0.924506 0.733816
vt 0.919600 0.733816
vt 0.929412 0.733816
vt 0.934318 0.733816
vt 0.939223 0.733816
vt 0.924506 0.722270
vt 0.924506 0.718498
vt 0.919600 0.722270
vt 0.919600 0.718498
vt 0.929412 0.722270
vt 0.929412 0.718498
vt 0.934318 0.718498
vt 0.934318 0.722270
vt 0.939223 0.718498
vt 0.939223 0.722270
vt 0.924506 0.704153
vt 0.919600 0.704153
vt 0.929412 0.704153
vt 0.934318 0.704153
vt 0.939223 0.704153
vt 0.859800 0.998047
vt 0.859800 0.993944
vt 0.849012 0.998047
vt 0.849012 0.993944
vt 0.870588 0.993944
vt 0.870588 0.998047
vt 0.881377 0.993944
vt 0.881377 0.998047
vt 0.892165 0.998047
vt 0.892165 0.993944
vt 0.971565 0.725340
vt 0.971565 0.713631
vt 0.966659 0.725340
vt 0.966659 0.713631
vt 0.976471 0.713631
vt 0.976471 0.725340
vt 0.981376 0.725340
vt 0.981376 0.713631
vt 0.986282 0.713631
vt 0.986282 0.725340
vt 0.924506 0.689216
vt 0.924506 0.685895
vt 0.919600 0.689216
vt 0.919600 0.685895
vt 0.929412 0.685895
vt 0.929412 0.689216
vt 0.934318 0.685895
vt 0.934318 0.689216
vt 0.939223 0.685895
vt 0.939223 0.689216
vt 0.924506 0.669931
vt 0.919600 0.669931
vt 0.929412 0.669931
vt 0.934318 0.669931
vt 0.939223 0.669931
vt 0.924506 0.660047
vt 0.924506 0.658741
vt 0.919600 0.660047
vt 0.919600 0.658741
vt 0.929412 0.658741
vt 0.929412 0.660047
vt 0.934318 0.660047
vt 0.934318 0.658741
vt 0.939223 0.658741
vt 0.939223 0.660047
vt 0.924506 0.651579
vt 0.919600 0.651579
vt 0.929412 0.651579
vt 0.934318 0.651579
vt 0.939223 0.651579
vt 0.924506 0.639376
vt 0.919600 0.639376
vt 0.929412 0.639376
vt 0.934318 0.639376
vt 0.939223 0.639376
vt 0.992153 0.741878
vt 0.992153 0.738424
vt 0.990188 0.741878
vt 0.990188 0.738424
vt 0.994118 0.738424
vt 0.994118 0.741878
vt 0.996082 0.738424
vt 0.996082 0.741878
vt 0.998047 0.738424
vt 0.998047 0.741878
vt 0.992153 0.724511
vt 0.990188 0.724511
vt 0.994118 0.724511
vt 0.996082 0.724511
vt 0.998047 0.724511
vt 0.968624 0.599162
vt 0.968624 0.595919
vt 0.966659 0.599162
vt 0.966659 0.595919
vt 0.970588 0.595919
vt 0.970588 0.599162
vt 0.972553 0.599162
vt 0.972553 0.595919
vt 0.974518 0.595919
vt 0.974518 0.599162
vt 0.968624 0.582580
vt 0.966659 0.582580
vt 0.970588 0.582580
vt 0.972553 0.582580
vt 0.974518 0.582580
vt 0.924506 0.619092
vt 0.924506 0.615121
vt 0.919600 0.619092
vt 0.919600 0.615121
vt 0.929412 0.615121
vt 0.929412 0.619092
vt 0.934318 0.619092
vt 0.934318 0.615121
vt 0.939223 0.615121
vt 0.939223 0.619092
vt 0.924506 0.600270
vt 0.919600 0.600270
vt 0.929412 0.600270
vt 0.934318 0.600270
vt 0.939223 0.600270
vt 0.992153 0.719750
vt 0.992153 0.716045
vt 0.990188 0.719750
vt 0.990188 0.716045
vt 0.994118 0.719750
vt 0.994118 0.716045
vt 0.996082 0.716045
vt 0.996082 0.719750
vt 0.998047 0.716045
vt 0.998047 0.719750
vt 0.992153 0.701743
vt 0.990188 0.701743
vt 0.994118 0.701743
vt 0.996082 0.701743
vt 0.998047 0.701743
vt 0.968624 0.570665
vt 0.968624 0.567216
vt 0.966659 0.570665
vt 0.966659 0.567216
vt 0.970588 0.567216
vt 0.970588 0.570665
vt 0.972553 0.567216
vt 0.972553 0.570665
vt 0.974518 0.570665
vt 0.974518 0.567216
vt 0.968624 0.553482
vt 0.966659 0.553482
vt 0.970588 0.553482
vt 0.972553 0.553482
vt 0.974518 0.553482
vt 0.236271 0.563182
vt 0.236271 0.553206
vt 0.190188 0.563182
vt 0.190188 0.553206
vt 0.282353 0.553206
vt 0.282353 0.563182
vt 0.328435 0.553206
vt 0.328435 0.563182
vt 0.374518 0.553206
vt 0.374518 0.563182
vt 0.236271 0.527456
vt 0.190188 0.527456
vt 0.282353 0.527456
vt 0.328435 0.527456
vt 0.374518 0.527456
vt 0.683330 0.689721
vt 0.683330 0.684035
vt 0.660777 0.689721
vt 0.660777 0.684035
vt 0.705882 0.684035
vt 0.705882 0.689721
vt 0.728435 0.689721
vt 0.728435 0.684035
vt 0.750988 0.684035
vt 0.750988 0.689721
vt 0.906859 0.910048
vt 0.906859 0.895084
vt 0.896071 0.910048
vt 0.896071 0.895084
vt 0.917647 0.895084
vt 0.917647 0.910048
vt 0.928435 0.895084
vt 0.928435 0.910048
vt 0.939224 0.910048
vt 0.939224 0.895084
vt 0.859800 0.960153
vt 0.859800 0.954545
vt 0.849012 0.960153
vt 0.849012 0.954545
vt 0.870588 0.954545
vt 0.870588 0.960153
vt 0.881377 0.960153
vt 0.881377 0.954545
vt 0.892165 0.954545
vt 0.892165 0.960153
vt 0.859800 0.936769
vt 0.849012 0.936769
vt 0.870588 0.936769
vt 0.881377 0.936769
vt 0.892165 0.936769
vt 0.859800 0.923657
vt 0.859800 0.918376
vt 0.849012 0.923657
vt 0.849012 0.918376
vt 0.870588 0.923657
vt 0.870588 0.918376
vt 0.881377 0.918376
vt 0.881377 0.923657
vt 0.892165 0.918376
vt 0.892165 0.923657
vt 0.859800 0.901170
vt 0.849012 0.901170
vt 0.870588 0.901170
vt 0.881377 0.901170
vt 0.892165 0.901170
vt 0.859800 0.868964
vt 0.859800 0.864286
vt 0.849012 0.868964
vt 0.849012 0.864286
vt 0.870588 0.864286
vt 0.870588 0.868964
vt 0.881377 0.864286
vt 0.881377 0.868964
vt 0.892165 0.868964
vt 0.892165 0.864286
vt 0.971565 0.707874
vt 0.971565 0.695467
vt 0.966659 0.707874
vt 0.966659 0.695467
vt 0.976471 0.695467
vt 0.976471 0.707874
vt 0.981376 0.707874
vt 0.981376 0.695467
vt 0.986282 0.695467
vt 0.986282 0.707874
vt 0.924506 0.579261
vt 0.924506 0.575096
vt 0.919600 0.579261
vt 0.919600 0.575096
vt 0.929412 0.575096
vt 0.929412 0.579261
vt 0.934318 0.575096
vt 0.934318 0.579261
vt 0.939223 0.575096
vt 0.939223 0.579261
vt 0.924506 0.559161
vt 0.919600 0.559161
vt 0.929412 0.559161
vt 0.934318 0.559161
vt 0.939223 0.559161
vt 0.924506 0.547205
vt 0.924506 0.543023
vt 0.919600 0.547205
vt 0.919600 0.543023
vt 0.929412 0.543023
vt 0.929412 0.547205
vt 0.934318 0.547205
vt 0.934318 0.543023
vt 0.939223 0.543023
vt 0.939223 0.547205
vt 0.924506 0.527913
vt 0.919600 0.527913
vt 0.929412 0.527913
vt 0.934318 0.527913
vt 0.939223 0.527913
vt 0.859800 0.888349
vt 0.859800 0.883617
vt 0.849012 0.888349
vt 0.849012 0.883617
vt 0.870588 0.883617
vt 0.870588 0.888349
vt 0.881377 0.888349
vt 0.881377 0.883617
vt 0.892165 0.883617
vt 0.892165 0.888349
vt 0.971565 0.689803
vt 0.971565 0.676903
vt 0.966659 0.689803
vt 0.966659 0.676903
vt 0.976471 0.676903
vt 0.976471 0.689803
vt 0.981376 0.676903
vt 0.981376 0.689803
vt 0.986282 0.676903
vt 0.986282 0.689803
vt 0.948035 0.998047
vt 0.948035 0.994613
vt 0.943130 0.998047
vt 0.943130 0.994613
vt 0.952941 0.998047
vt 0.952941 0.994613
vt 0.957847 0.994613
vt 0.957847 0.998047
vt 0.962753 0.994613
vt 0.962753 0.998047
vt 0.948035 0.977302
vt 0.943130 0.977302
vt 0.952941 0.977302
vt 0.957847 0.977302
vt 0.962753 0.977302
vt 0.948035 0.924368
vt 0.948035 0.920772
vt 0.943130 0.924368
vt 0.943130 0.920772
vt 0.952941 0.920772
vt 0.952941 0.924368
vt 0.957847 0.920772
vt 0.957847 0.924368
vt 0.962753 0.924368
vt 0.962753 0.920772
vt 0.948035 0.904665
vt 0.943130 0.904665
vt 0.952941 0.904665
vt 0.957847 0.904665
vt 0.962753 0.904665
vt 0.992153 0.696982
vt 0.992153 0.693117
vt 0.990188 0.696982
vt 0.990188 0.693117
vt 0.994118 0.693117
vt 0.994118 0.696982
vt 0.996082 0.693117
vt 0.996082 0.696982
vt 0.998047 0.693117
vt 0.998047 0.696982
vt 0.992153 0.678561
vt 0.990188 0.678561
vt 0.994118 0.678561
vt 0.996082 0.678561
vt 0.998047 0.678561
vt 0.968624 0.541432
vt 0.968624 0.537848
vt 0.966659 0.541432
vt 0.966659 0.537848
vt 0.970588 0.537848
vt 0.970588 0.541432
vt 0.972553 0.541432
vt 0.972553 0.537848
vt 0.974518 0.537848
vt 0.974518 0.541432
vt 0.968624 0.523872
vt 0.966659 0.523872
vt 0.970588 0.523872
vt 0.972553 0.523872
vt 0.974518 0.523872
vt 0.948035 0.965086
vt 0.948035 0.960949
vt 0.943130 0.965086
vt 0.943130 0.960949
vt 0.952941 0.960949
vt 0.952941 0.965086
vt 0.957847 0.965086
vt 0.957847 0.960949
vt 0.962753 0.960949
vt 0.962753 0.965086
vt 0.948035 0.945307
vt 0.943130 0.945307
vt 0.952941 0.945307
vt 0.957847 0.945307
vt 0.962753 0.945307
vt 0.992153 0.673800
vt 0.992153 0.669759
vt 0.990188 0.673800
vt 0.990188 0.669759
vt 0.994118 0.673800
vt 0.994118 0.669759
vt 0.996082 0.669759
vt 0.996082 0.673800
vt 0.998047 0.669759
vt 0.998047 0.673800
vt 0.992153 0.654839
vt 0.990188 0.654839
vt 0.994118 0.654839
vt 0.996082 0.654839
vt 0.998047 0.654839
vt 0.980388 0.606283
vt 0.980388 0.602517
vt 0.978424 0.606283
vt 0.978424 0.602517
vt 0.982353 0.602517
vt 0.982353 0.606283
vt 0.984318 0.602517
vt 0.984318 0.606283
vt 0.986282 0.606283
vt 0.986282 0.602517
vt 0.980388 0.588192
vt 0.978424 0.588192
vt 0.982353 0.588192
vt 0.984318 0.588192
vt 0.986282 0.588192
vt 0.424506 0.998047
vt 0.424506 0.991475
vt 0.378424 0.998047
vt 0.378424 0.991475
vt 0.470588 0.991475
vt 0.470588 0.998047
vt 0.516671 0.991475
vt 0.516671 0.998047
vt 0.562753 0.991475
vt 0.562753 0.998047
vt 0.683330 0.673671
vt 0.683330 0.658043
vt 0.660777 0.673671
vt 0.660777 0.658043
vt 0.705882 0.673671
vt 0.705882 0.658043
vt 0.728435 0.658043
vt 0.728435 0.673671
vt 0.750988 0.658043
vt 0.750988 0.673671
vt 0.683330 0.646392
vt 0.683330 0.642063
vt 0.660777 0.646392
vt 0.660777 0.642063
vt 0.705882 0.642063
vt 0.705882 0.646392
vt 0.728435 0.646392
vt 0.728435 0.642063
vt 0.750988 0.642063
vt 0.750988 0.646392
vt 0.906859 0.887565
vt 0.906859 0.875095
vt 0.896071 0.887565
vt 0.896071 0.875095
vt 0.917647 0.875095
vt 0.917647 0.887565
vt 0.928435 0.875095
vt 0.928435 0.887565
vt 0.939224 0.887565
vt 0.939224 0.875095
vt 0.859800 0.850228
vt 0.859800 0.846109
vt 0.849012 0.850228
vt 0.849012 0.846109
vt 0.870588 0.846109
vt 0.870588 0.850228
vt 0.881377 0.850228
vt 0.881377 0.846109
vt 0.892165 0.846109
vt 0.892165 0.850228
vt 0.859800 0.830710
vt 0.849012 0.830710
vt 0.870588 0.830710
vt 0.881377 0.830710
vt 0.892165 0.830710
vt 0.859800 0.818913
vt 0.859800 0.815069
vt 0.849012 0.818913
vt 0.849012 0.815069
vt 0.870588 0.818913
vt 0.870588 0.815069
vt 0.881377 0.815069
vt 0.881377 0.818913
vt 0.892165 0.815069
vt 0.892165 0.818913
vt 0.971565 0.671147
vt 0.971565 0.660226
vt 0.966659 0.671147
vt 0.966659 0.660226
vt 0.976471 0.660226
vt 0.976471 0.671147
vt 0.981376 0.671147
vt 0.981376 0.660226
vt 0.986282 0.660226
vt 0.986282 0.671147
vt 0.948035 0.884365
vt 0.948035 0.880803
vt 0.943130 0.884365
vt 0.943130 0.880803
vt 0.952941 0.880803
vt 0.952941 0.884365
vt 0.957847 0.880803
vt 0.957847 0.884365
vt 0.962753 0.884365
vt 0.962753 0.880803
vt 0.948035 0.866532
vt 0.943130 0.866532
vt 0.952941 0.866532
vt 0.957847 0.866532
vt 0.962753 0.866532
vt 0.948035 0.855322
vt 0.948035 0.851946
vt 0.943130 0.855322
vt 0.943130 0.851946
vt 0.952941 0.851946
vt 0.952941 0.855322
vt 0.957847 0.851946
vt 0.957847 0.855322
vt 0.962753 0.851946
vt 0.962753 0.855322
vt 0.948035 0.838291
vt 0.943130 0.838291
vt 0.952941 0.838291
vt 0.957847 0.838291
vt 0.962753 0.838291
vt 0.948035 0.827382
vt 0.948035 0.824261
vt 0.943130 0.827382
vt 0.943130 0.824261
vt 0.952941 0.824261
vt 0.952941 0.827382
vt 0.957847 0.827382
vt 0.957847 0.824261
vt 0.962753 0.824261
vt 0.962753 0.827382
vt 0.992153 0.650078
vt 0.992153 0.640885
vt 0.990188 0.650078
vt 0.990188 0.640885
vt 0.994118 0.640885
vt 0.994118 0.650078
vt 0.996082 0.640885
vt 0.996082 0.650078
vt 0.998047 0.650078
vt 0.998047 0.640885
vt 0.589212 0.654979
vt 0.589212 0.648759
vt 0.566659 0.654979
vt 0.566659 0.648759
vt 0.611765 0.648759
vt 0.611765 0.654979
vt 0.634318 0.654979
vt 0.634318 0.648759
vt 0.656871 0.648759
vt 0.656871 0.654979
vt 0.589212 0.629844
vt 0.566659 0.629844
vt 0.611765 0.629844
vt 0.634318 0.629844
vt 0.656871 0.629844
vt 0.683330 0.973731
vt 0.683330 0.968880
vt 0.660777 0.973731
vt 0.660777 0.968880
vt 0.705882 0.973731
vt 0.705882 0.968880
vt 0.728435 0.968880
vt 0.728435 0.973731
vt 0.750988 0.968880
vt 0.750988 0.973731
vt 0.906859 0.868298
vt 0.906859 0.855382
vt 0.896071 0.868298
vt 0.896071 0.855382
vt 0.917647 0.855382
vt 0.917647 0.868298
vt 0.928435 0.868298
vt 0.928435 0.855382
vt 0.939224 0.855382
vt 0.939224 0.868298
vt 0.859800 0.800613
vt 0.859800 0.796007
vt 0.849012 0.800613
vt 0.849012 0.796007
vt 0.870588 0.796007
vt 0.870588 0.800613
vt 0.881377 0.796007
vt 0.881377 0.800613
vt 0.892165 0.800613
vt 0.892165 0.796007
vt 0.859800 0.780019
vt 0.849012 0.780019
vt 0.870588 0.780019
vt 0.881377 0.780019
vt 0.892165 0.780019
vt 0.859800 0.767887
vt 0.859800 0.763597
vt 0.849012 0.767887
vt 0.849012 0.763597
vt 0.870588 0.763597
vt 0.870588 0.767887
vt 0.881377 0.763597
vt 0.881377 0.767887
vt 0.892165 0.763597
vt 0.892165 0.767887
vt 0.971565 0.654469
vt 0.971565 0.642974
vt 0.966659 0.654469
vt 0.966659 0.642974
vt 0.976471 0.654469
vt 0.976471 0.642974
vt 0.981376 0.642974
vt 0.981376 0.654469
vt 0.986282 0.642974
vt 0.986282 0.654469
vt 0.948035 0.811405
vt 0.948035 0.807422
vt 0.943130 0.811405
vt 0.943130 0.807422
vt 0.952941 0.807422
vt 0.952941 0.811405
vt 0.957847 0.811405
vt 0.957847 0.807422
vt 0.962753 0.807422
vt 0.962753 0.811405
vt 0.948035 0.792599
vt 0.943130 0.792599
vt 0.952941 0.792599
vt 0.957847 0.792599
vt 0.962753 0.792599
vt 0.948035 0.781076
vt 0.948035 0.777368
vt 0.943130 0.781076
vt 0.943130 0.777368
vt 0.952941 0.777368
vt 0.952941 0.781076
vt 0.957847 0.781076
vt 0.957847 0.777368
vt 0.962753 0.777368
vt 0.962753 0.781076
vt 0.948035 0.763135
vt 0.943130 0.763135
vt 0.952941 0.763135
vt 0.957847 0.763135
vt 0.962753 0.763135
vt 0.948035 0.751919
vt 0.948035 0.748493
vt 0.943130 0.751919
vt 0.943130 0.748493
vt 0.952941 0.751919
vt 0.952941 0.748493
vt 0.957847 0.748493
vt 0.957847 0.751919
vt 0.962753 0.748493
vt 0.962753 0.751919
vt 0.992153 0.636032
vt 0.992153 0.626276
vt 0.990188 0.636032
vt 0.990188 0.626276
vt 0.994118 0.626276
vt 0.994118 0.636032
vt 0.996082 0.636032
vt 0.996082 0.626276
vt 0.998047 0.626276
vt 0.998047 0.636032
vt 0.589212 0.617752
vt 0.589212 0.613676
vt 0.566659 0.617752
vt 0.566659 0.613676
vt 0.611765 0.613676
vt 0.611765 0.617752
vt 0.634318 0.613676
vt 0.634318 0.617752
vt 0.656871 0.617752
vt 0.656871 0.613676
vt 0.589212 0.598676
vt 0.566659 0.598676
vt 0.611765 0.598676
vt 0.634318 0.598676
vt 0.656871 0.598676
vt 0.683330 0.952126
vt 0.683330 0.948852
vt 0.660777 0.952126
vt 0.660777 0.948852
vt 0.705882 0.948852
vt 0.705882 0.952126
vt 0.728435 0.948852
vt 0.728435 0.952126
vt 0.750988 0.948852
vt 0.750988 0.952126
vt 0.906859 0.848585
vt 0.906859 0.838251
vt 0.896071 0.848585
vt 0.896071 0.838251
vt 0.917647 0.848585
vt 0.917647 0.838251
vt 0.928435 0.838251
vt 0.928435 0.848585
vt 0.939224 0.838251
vt 0.939224 0.848585
vt 0.859800 0.750485
vt 0.859800 0.747502
vt 0.849012 0.750485
vt 0.849012 0.747502
vt 0.870588 0.747502
vt 0.870588 0.750485
vt 0.881377 0.750485
vt 0.881377 0.747502
vt 0.892165 0.747502
vt 0.892165 0.750485
vt 0.971565 0.637218
vt 0.971565 0.627589
vt 0.966659 0.637218
vt 0.966659 0.627589
vt 0.976471 0.627589
vt 0.976471 0.637218
vt 0.981376 0.627589
vt 0.981376 0.637218
vt 0.986282 0.637218
vt 0.986282 0.627589
vt 0.948035 0.736653
vt 0.948035 0.733766
vt 0.943130 0.736653
vt 0.943130 0.733766
vt 0.952941 0.733766
vt 0.952941 0.736653
vt 0.957847 0.736653
vt 0.957847 0.733766
vt 0.962753 0.733766
vt 0.962753 0.736653
vt 0.948035 0.720889
vt 0.943130 0.720889
vt 0.952941 0.720889
vt 0.957847 0.720889
vt 0.962753 0.720889
vt 0.948035 0.669913
vt 0.948035 0.667393
vt 0.943130 0.669913
vt 0.943130 0.667393
vt 0.952941 0.669913
vt 0.952941 0.667393
vt 0.957847 0.667393
vt 0.957847 0.669913
vt 0.962753 0.667393
vt 0.962753 0.669913
vt 0.948035 0.655101
vt 0.943130 0.655101
vt 0.952941 0.655101
vt 0.957847 0.655101
vt 0.962753 0.655101
vt 0.948035 0.644876
vt 0.948035 0.642581
vt 0.943130 0.644876
vt 0.943130 0.642581
vt 0.952941 0.642581
vt 0.952941 0.644876
vt 0.957847 0.642581
vt 0.957847 0.644876
vt 0.962753 0.644876
vt 0.962753 0.642581
vt 0.992153 0.621423
vt 0.992153 0.613529
vt 0.990188 0.621423
vt 0.990188 0.613529
vt 0.994118 0.613529
vt 0.994118 0.621423
vt 0.996082 0.621423
vt 0.996082 0.613529
vt 0.998047 0.613529
vt 0.998047 0.621423
vt 0.980388 0.577605
vt 0.980388 0.575491
vt 0.978424 0.577605
vt 0.978424 0.575491
vt 0.982353 0.577605
vt 0.982353 0.575491
vt 0.984318 0.575491
vt 0.984318 0.577605
vt 0.986282 0.575491
vt 0.986282 0.577605
vt 0.980388 0.564256
vt 0.978424 0.564256
vt 0.982353 0.564256
vt 0.984318 0.564256
vt 0.986282 0.564256
vt 0.948035 0.710356
vt 0.948035 0.707740
vt 0.943130 0.710356
vt 0.943130 0.707740
vt 0.952941 0.707740
vt 0.952941 0.710356
vt 0.957847 0.707740
vt 0.957847 0.710356
vt 0.962753 0.710356
vt 0.962753 0.707740
vt 0.948035 0.695373
vt 0.943130 0.695373
vt 0.952941 0.695373
vt 0.957847 0.695373
vt 0.962753 0.695373
vt 0.948035 0.683340
vt 0.948035 0.681458
vt 0.943130 0.683340
vt 0.943130 0.681458
vt 0.952941 0.681458
vt 0.952941 0.683340
vt 0.957847 0.683340
vt 0.957847 0.681458
vt 0.962753 0.681458
vt 0.962753 0.683340
vt 0.992153 0.608723
vt 0.992153 0.599959
vt 0.990188 0.608723
vt 0.990188 0.599959
vt 0.994118 0.608723
vt 0.994118 0.599959
vt 0.996082 0.599959
vt 0.996082 0.608723
vt 0.998047 0.599959
vt 0.998047 0.608723
vt 0.980388 0.553409
vt 0.980388 0.551257
vt 0.978424 0.553409
vt 0.978424 0.551257
vt 0.982353 0.551257
vt 0.982353 0.553409
vt 0.984318 0.553409
vt 0.984318 0.551257
vt 0.986282 0.551257
vt 0.986282 0.553409
vt 0.980388 0.539688
vt 0.978424 0.539688
vt 0.982353 0.539688
vt 0.984318 0.539688
vt 0.986282 0.539688
vt 0.980388 0.529844
vt 0.980388 0.527882
vt 0.978424 0.529844
vt 0.978424 0.527882
vt 0.982353 0.527882
vt 0.982353 0.529844
vt 0.984318 0.527882
vt 0.984318 0.529844
vt 0.986282 0.527882
vt 0.986282 0.529844
vt 0.980388 0.516813
vt 0.978424 0.516813
vt 0.982353 0.516813
vt 0.984318 0.516813
vt 0.986282 0.516813
vt 0.992153 0.992409
vt 0.992153 0.990658
vt 0.990188 0.992409
vt 0.990188 0.990658
vt 0.994118 0.992409
vt 0.994118 0.990658
vt 0.996082 0.990658
vt 0.996082 0.992409
vt 0.998047 0.990658
vt 0.998047 0.992409
vt 0.992153 0.980105
vt 0.990188 0.980105
vt 0.994118 0.980105
vt 0.996082 0.980105
vt 0.998047 0.980105
vt 0.992153 0.969641
vt 0.992153 0.967711
vt 0.990188 0.969641
vt 0.990188 0.967711
vt 0.994118 0.967711
vt 0.994118 0.969641
vt 0.996082 0.967711
vt 0.996082 0.969641
vt 0.998047 0.969641
vt 0.998047 0.967711
vt 0.992153 0.956202
vt 0.990188 0.956202
vt 0.994118 0.956202
vt 0.996082 0.956202
vt 0.998047 0.956202
vt 0.992153 0.946446
vt 0.992153 0.944612
vt 0.990188 0.946446
vt 0.990188 0.944612
vt 0.994118 0.944612
vt 0.994118 0.946446
vt 0.996082 0.944612
vt 0.996082 0.946446
vt 0.998047 0.944612
vt 0.998047 0.946446
vt 0.992153 0.933691
vt 0.990188 0.933691
vt 0.994118 0.933691
vt 0.996082 0.933691
vt 0.998047 0.933691
vt 0.992153 0.924232
vt 0.992153 0.922568
vt 0.990188 0.924232
vt 0.990188 0.922568
vt 0.994118 0.922568
vt 0.994118 0.924232
vt 0.996082 0.924232
vt 0.996082 0.922568
vt 0.998047 0.922568
vt 0.998047 0.924232
vt 0.992153 0.912176
vt 0.990188 0.912176
vt 0.994118 0.912176
vt 0.996082 0.912176
vt 0.998047 0.912176
vt 0.589212 0.586796
vt 0.589212 0.582976
vt 0.566659 0.586796
vt 0.566659 0.582976
vt 0.611765 0.582976
vt 0.611765 0.586796
vt 0.634318 0.586796
vt 0.634318 0.582976
vt 0.656871 0.582976
vt 0.656871 0.586796
vt 0.589212 0.568370
vt 0.566659 0.568370
vt 0.611765 0.568370
vt 0.634318 0.568370
vt 0.656871 0.568370
vt 0.683330 0.932602
vt 0.683330 0.929070
vt 0.660777 0.932602
vt 0.660777 0.929070
vt 0.705882 0.929070
vt 0.705882 0.932602
vt 0.728435 0.932602
vt 0.728435 0.929070
vt 0.750988 0.929070
vt 0.750988 0.932602
vt 0.906859 0.832032
vt 0.906859 0.821345
vt 0.896071 0.832032
vt 0.896071 0.821345
vt 0.917647 0.821345
vt 0.917647 0.832032
vt 0.928435 0.821345
vt 0.928435 0.832032
vt 0.939224 0.832032
vt 0.939224 0.821345
vt 0.859800 0.734235
vt 0.859800 0.730840
vt 0.849012 0.734235
vt 0.849012 0.730840
vt 0.870588 0.730840
vt 0.870588 0.734235
vt 0.881377 0.734235
vt 0.881377 0.730840
vt 0.892165 0.730840
vt 0.892165 0.734235
vt 0.971565 0.621833
vt 0.971565 0.612039
vt 0.966659 0.621833
vt 0.966659 0.612039
vt 0.976471 0.612039
vt 0.976471 0.621833
vt 0.981376 0.612039
vt 0.981376 0.621833
vt 0.986282 0.612039
vt 0.986282 0.621833
vt 0.948035 0.630611
vt 0.948035 0.627702
vt 0.943130 0.630611
vt 0.943130 0.627702
vt 0.952941 0.630611
vt 0.952941 0.627702
vt 0.957847 0.627702
vt 0.957847 0.630611
vt 0.962753 0.627702
vt 0.962753 0.630611
vt 0.948035 0.614389
vt 0.943130 0.614389
vt 0.952941 0.614389
vt 0.957847 0.614389
vt 0.962753 0.614389
vt 0.948035 0.562451
vt 0.948035 0.560272
vt 0.943130 0.562451
vt 0.943130 0.560272
vt 0.952941 0.560272
vt 0.952941 0.562451
vt 0.957847 0.560272
vt 0.957847 0.562451
vt 0.962753 0.562451
vt 0.962753 0.560272
vt 0.948035 0.546546
vt 0.943130 0.546546
vt 0.952941 0.546546
vt 0.957847 0.546546
vt 0.962753 0.546546
vt 0.948035 0.536010
vt 0.948035 0.533700
vt 0.943130 0.536010
vt 0.943130 0.533700
vt 0.952941 0.533700
vt 0.952941 0.536010
vt 0.957847 0.533700
vt 0.957847 0.536010
vt 0.962753 0.533700
vt 0.962753 0.536010
vt 0.992153 0.595105
vt 0.992153 0.586489
vt 0.990188 0.595105
vt 0.990188 0.586489
vt 0.994118 0.595105
vt 0.994118 0.586489
vt 0.996082 0.586489
vt 0.996082 0.595105
vt 0.998047 0.586489
vt 0.998047 0.595105
vt 0.992153 0.901568
vt 0.992153 0.899189
vt 0.990188 0.901568
vt 0.990188 0.899189
vt 0.994118 0.899189
vt 0.994118 0.901568
vt 0.996082 0.901568
vt 0.996082 0.899189
vt 0.998047 0.899189
vt 0.998047 0.901568
vt 0.992153 0.887455
vt 0.990188 0.887455
vt 0.994118 0.887455
vt 0.996082 0.887455
vt 0.998047 0.887455
vt 0.948035 0.603662
vt 0.948035 0.601089
vt 0.943130 0.603662
vt 0.943130 0.601089
vt 0.952941 0.601089
vt 0.952941 0.603662
vt 0.957847 0.603662
vt 0.957847 0.601089
vt 0.962753 0.601089
vt 0.962753 0.603662
vt 0.948035 0.588256
vt 0.943130 0.588256
vt 0.952941 0.588256
vt 0.957847 0.588256
vt 0.962753 0.588256
vt 0.948035 0.575485
vt 0.948035 0.574279
vt 0.943130 0.575485
vt 0.943130 0.574279
vt 0.952941 0.575485
vt 0.952941 0.574279
vt 0.957847 0.574279
vt 0.957847 0.575485
vt 0.962753 0.574279
vt 0.962753 0.575485
vt 0.992153 0.581683
vt 0.992153 0.572141
vt 0.990188 0.581683
vt 0.990188 0.572141
vt 0.994118 0.572141
vt 0.994118 0.581683
vt 0.996082 0.581683
vt 0.996082 0.572141
vt 0.998047 0.572141
vt 0.998047 0.581683
vt 0.992153 0.876383
vt 0.992153 0.874088
vt 0.990188 0.876383
vt 0.990188 0.874088
vt 0.994118 0.874088
vt 0.994118 0.876383
vt 0.996082 0.874088
vt 0.996082 0.876383
vt 0.998047 0.876383
vt 0.998047 0.874088
vt 0.992153 0.862123
vt 0.990188 0.862123
vt 0.994118 0.862123
vt 0.996082 0.862123
vt 0.998047 0.862123
vt 0.992153 0.852062
vt 0.992153 0.849861
vt 0.990188 0.852062
vt 0.990188 0.849861
vt 0.994118 0.849861
vt 0.994118 0.852062
vt 0.996082 0.849861
vt 0.996082 0.852062
vt 0.998047 0.849861
vt 0.998047 0.852062
vt 0.992153 0.838474
vt 0.990188 0.838474
vt 0.994118 0.838474
vt 0.996082 0.838474
vt 0.998047 0.838474
vt 0.992153 0.828765
vt 0.992153 0.826843
vt 0.990188 0.828765
vt 0.990188 0.826843
vt 0.994118 0.826843
vt 0.994118 0.828765
vt 0.996082 0.828765
vt 0.996082 0.826843
vt 0.998047 0.826843
vt 0.998047 0.828765
vt 0.992153 0.815950
vt 0.990188 0.815950
vt 0.994118 0.815950
vt 0.996082 0.815950
vt 0.998047 0.815950
vt 0.992153 0.805275
vt 0.992153 0.803355
vt 0.990188 0.805275
vt 0.990188 0.803355
vt 0.994118 0.803355
vt 0.994118 0.805275
vt 0.996082 0.805275
vt 0.996082 0.803355
vt 0.998047 0.803355
vt 0.998047 0.805275
vt 0.992153 0.791421
vt 0.990188 0.791421
vt 0.994118 0.791421
vt 0.996082 0.791421
vt 0.998047 0.791421
vt 0.992153 0.781497
vt 0.992153 0.779431
vt 0.990188 0.781497
vt 0.990188 0.779431
vt 0.994118 0.781497
vt 0.994118 0.779431
vt 0.996082 0.779431
vt 0.996082 0.781497
vt 0.998047 0.779431
vt 0.998047 0.781497
vt 0.992153 0.768278
vt 0.990188 0.768278
vt 0.994118 0.768278
vt 0.996082 0.768278
vt 0.998047 0.768278
vt 0.992153 0.758688
vt 0.992153 0.756888
vt 0.990188 0.758688
vt 0.990188 0.756888
vt 0.994118 0.756888
vt 0.994118 0.758688
vt 0.996082 0.756888
vt 0.996082 0.758688
vt 0.998047 0.758688
vt 0.998047 0.756888
vt 0.992153 0.746225
vt 0.990188 0.746225
vt 0.994118 0.746225
vt 0.996082 0.746225
vt 0.998047 0.746225
vt 0.589212 0.558392
vt 0.589212 0.556448
vt 0.566659 0.558392
vt 0.566659 0.556448
vt 0.611765 0.556448
vt 0.611765 0.558392
vt 0.634318 0.556448
vt 0.634318 0.558392
vt 0.656871 0.556448
vt 0.656871 0.558392
vt 0.589212 0.545290
vt 0.566659 0.545290
vt 0.611765 0.545290
vt 0.634318 0.545290
vt 0.656871 0.545290
vt 0.589212 0.535435
vt 0.589212 0.533659
vt 0.566659 0.535435
vt 0.566659 0.533659
vt 0.611765 0.533659
vt 0.611765 0.535435
vt 0.634318 0.535435
vt 0.634318 0.533659
vt 0.656871 0.533659
vt 0.656871 0.535435
vt 0.589212 0.522728
vt 0.566659 0.522728
vt 0.611765 0.522728
vt 0.634318 0.522728
vt 0.656871 0.522728
vt 0.683330 0.998047
vt 0.683330 0.998025
vt 0.660777 0.998047
vt 0.660777 0.998025
vt 0.705882 0.998025
vt 0.705882 0.998047
vt 0.728435 0.998047
vt 0.728435 0.998025
vt 0.750988 0.998025
vt 0.750988 0.998047
vt 0.683330 0.990415
vt 0.660777 0.990415
vt 0.705882 0.990415
vt 0.728435 0.990415
vt 0.750988 0.990415
vt 0.859800 0.720935
vt 0.859800 0.720868
vt 0.849012 0.720935
vt 0.849012 0.720868
vt 0.870588 0.720935
vt 0.870588 0.720868
vt 0.881377 0.720868
vt 0.881377 0.720935
vt 0.892165 0.720868
vt 0.892165 0.720935
vt 0.859800 0.713492
vt 0.849012 0.713492
vt 0.870588 0.713492
vt 0.881377 0.713492
vt 0.892165 0.713492
vt 0.424506 0.986769
vt 0.378424 0.986769
vt 0.380377 0.985629
vt 0.470588 0.986769
vt 0.426459 0.985629
vt 0.472541 0.985629
vt 0.516671 0.986769
vt 0.518624 0.985629
vt 0.562753 0.986769
vt 0.424506 0.942516
vt 0.378424 0.942516
vt 0.380377 0.941237
vt 0.470588 0.942516
vt 0.426459 0.941237
vt 0.472541 0.941237
vt 0.516671 0.942516
vt 0.518624 0.941237
vt 0.562753 0.942516
vt 0.380377 0.887561
vt 0.378424 0.888841
vt 0.424506 0.888841
vt 0.470588 0.888841
vt 0.426459 0.887561
vt 0.516671 0.888841
vt 0.472541 0.887561
vt 0.518624 0.887561
vt 0.562753 0.888841
vt 0.380377 0.859380
vt 0.378424 0.861292
vt 0.424506 0.861292
vt 0.470588 0.861292
vt 0.426459 0.859380
vt 0.472541 0.859380
vt 0.516671 0.861292
vt 0.518624 0.859380
vt 0.562753 0.861292
vt 0.380377 0.828198
vt 0.378424 0.829985
vt 0.424506 0.829985
vt 0.470588 0.829985
vt 0.426459 0.828198
vt 0.472541 0.828198
vt 0.516671 0.829985
vt 0.518624 0.828198
vt 0.562753 0.829985
vt 0.424506 0.801023
vt 0.378424 0.801023
vt 0.380377 0.799425
vt 0.426459 0.799425
vt 0.470588 0.801023
vt 0.472541 0.799425
vt 0.516671 0.801023
vt 0.562753 0.801023
vt 0.518624 0.799425
vt 0.424506 0.771014
vt 0.380377 0.769462
vt 0.378424 0.771014
vt 0.470588 0.771014
vt 0.426459 0.769462
vt 0.516671 0.771014
vt 0.472541 0.769462
vt 0.518624 0.769462
vt 0.562753 0.771014
vt 0.380377 0.741956
vt 0.378424 0.743275
vt 0.424506 0.743275
vt 0.426459 0.741956
vt 0.470588 0.743275
vt 0.472541 0.741956
vt 0.516671 0.743275
vt 0.562753 0.743275
vt 0.518624 0.741956
vt 0.380377 0.713875
vt 0.378424 0.715029
vt 0.424506 0.715029
vt 0.470588 0.715029
vt 0.426459 0.713875
vt 0.472541 0.713875
vt 0.516671 0.715029
vt 0.562753 0.715029
vt 0.518624 0.713875
vt 0.380377 0.696197
vt 0.378424 0.697593
vt 0.424506 0.697593
vt 0.470588 0.697593
vt 0.426459 0.696197
vt 0.516671 0.697593
vt 0.472541 0.696197
vt 0.518624 0.696197
vt 0.562753 0.697593
vt 0.380377 0.678077
vt 0.378424 0.679390
vt 0.424506 0.679390
vt 0.470588 0.679390
vt 0.426459 0.678077
vt 0.472541 0.678077
vt 0.516671 0.679390
vt 0.518624 0.678077
vt 0.562753 0.679390
vt 0.380377 0.661547
vt 0.378424 0.662785
vt 0.424506 0.662785
vt 0.470588 0.662785
vt 0.426459 0.661547
vt 0.516671 0.662785
vt 0.472541 0.661547
vt 0.562753 0.662785
vt 0.518624 0.661547
vt 0.400977 0.584492
vt 0.380377 0.584457
vt 0.378424 0.584492
vt 0.423530 0.584492
vt 0.402930 0.584457
vt 0.425483 0.584457
vt 0.446082 0.584492
vt 0.448036 0.584457
vt 0.468635 0.584492
vt 0.380377 0.532048
vt 0.378424 0.532057
vt 0.400977 0.532057
vt 0.423530 0.532057
vt 0.402930 0.532048
vt 0.446082 0.532057
vt 0.425483 0.532048
vt 0.448036 0.532048
vt 0.468635 0.532057
vt 0.474495 0.580539
vt 0.472541 0.580548
vt 0.495094 0.580548
vt 0.517647 0.580548
vt 0.497047 0.580539
vt 0.540200 0.580548
vt 0.519600 0.580539
vt 0.562753 0.580548
vt 0.542153 0.580539
vt 0.589212 0.981891
vt 0.566659 0.981891
vt 0.568612 0.981881
vt 0.591165 0.981881
vt 0.611765 0.981891
vt 0.613718 0.981881
vt 0.634318 0.981891
vt 0.656871 0.981891
vt 0.636271 0.981881
vt 0.589212 0.968437
vt 0.568612 0.968355
vt 0.566659 0.968437
vt 0.611765 0.968437
vt 0.591165 0.968355
vt 0.634318 0.968437
vt 0.613718 0.968355
vt 0.656871 0.968437
vt 0.636271 0.968355
vt 0.589212 0.858531
vt 0.568612 0.858522
vt 0.566659 0.858531
vt 0.611765 0.858531
vt 0.591165 0.858522
vt 0.634318 0.858531
vt 0.613718 0.858522
vt 0.656871 0.858531
vt 0.636271 0.858522
vt 0.589212 0.843684
vt 0.568612 0.843602
vt 0.566659 0.843684
vt 0.611765 0.843684
vt 0.591165 0.843602
vt 0.634318 0.843684
vt 0.613718 0.843602
vt 0.656871 0.843684
vt 0.636271 0.843602
vt 0.589212 0.782870
vt 0.568612 0.782861
vt 0.566659 0.782870
vt 0.611765 0.782870
vt 0.591165 0.782861
vt 0.634318 0.782870
vt 0.613718 0.782861
vt 0.636271 0.782861
vt 0.656871 0.782870
vt 0.589212 0.717787
vt 0.568612 0.717778
vt 0.566659 0.717787
vt 0.611765 0.717787
vt 0.591165 0.717778
vt 0.634318 0.717787
vt 0.613718 0.717778
vt 0.656871 0.717787
vt 0.636271 0.717778
vt 0.589212 0.695066
vt 0.566659 0.695066
vt 0.568612 0.695057
vt 0.611765 0.695066
vt 0.591165 0.695057
vt 0.634318 0.695066
vt 0.613718 0.695057
vt 0.656871 0.695066
vt 0.636271 0.695057
vt 0.568612 0.671190
vt 0.566659 0.671200
vt 0.589212 0.671200
vt 0.611765 0.671200
vt 0.591165 0.671190
vt 0.634318 0.671200
vt 0.613718 0.671190
vt 0.656871 0.671200
vt 0.636271 0.671190
vt 0.683330 0.988410
vt 0.662730 0.988389
vt 0.660777 0.988410
vt 0.705882 0.988410
vt 0.685283 0.988389
vt 0.728435 0.988410
vt 0.707836 0.988389
vt 0.750988 0.988410
vt 0.730388 0.988389
vt 0.683330 0.965853
vt 0.660777 0.965853
vt 0.662730 0.965408
vt 0.705882 0.965853
vt 0.685283 0.965408
vt 0.728435 0.965853
vt 0.707836 0.965408
vt 0.750988 0.965853
vt 0.730388 0.965408
vt 0.662730 0.946046
vt 0.660777 0.946295
vt 0.683330 0.946295
vt 0.705882 0.946295
vt 0.685283 0.946046
vt 0.707836 0.946046
vt 0.728435 0.946295
vt 0.730388 0.946046
vt 0.750988 0.946295
vt 0.662730 0.926716
vt 0.660777 0.926833
vt 0.683330 0.926833
vt 0.705882 0.926833
vt 0.685283 0.926716
vt 0.728435 0.926833
vt 0.707836 0.926716
vt 0.730388 0.926716
vt 0.750988 0.926833
vt 0.662730 0.897077
vt 0.660777 0.898000
vt 0.683330 0.898000
vt 0.705882 0.898000
vt 0.685283 0.897077
vt 0.728435 0.898000
vt 0.707836 0.897077
vt 0.730388 0.897077
vt 0.750988 0.898000
vt 0.662730 0.862262
vt 0.660777 0.863185
vt 0.683330 0.863185
vt 0.705882 0.863185
vt 0.685283 0.862262
vt 0.707836 0.862262
vt 0.728435 0.863185
vt 0.750988 0.863185
vt 0.730388 0.862262
vt 0.683330 0.838107
vt 0.662730 0.837184
vt 0.660777 0.838107
vt 0.705882 0.838107
vt 0.685283 0.837184
vt 0.728435 0.838107
vt 0.707836 0.837184
vt 0.750988 0.838107
vt 0.730388 0.837184
vt 0.683330 0.809767
vt 0.660777 0.809767
vt 0.662730 0.808844
vt 0.705882 0.809767
vt 0.685283 0.808844
vt 0.728435 0.809767
vt 0.707836 0.808844
vt 0.750988 0.809767
vt 0.730388 0.808844
vt 0.662730 0.784358
vt 0.660777 0.784867
vt 0.683330 0.784867
vt 0.705882 0.784867
vt 0.685283 0.784358
vt 0.728435 0.784867
vt 0.707836 0.784358
vt 0.750988 0.784867
vt 0.730388 0.784358
vt 0.683330 0.758370
vt 0.662730 0.757860
vt 0.660777 0.758370
vt 0.705882 0.758370
vt 0.685283 0.757860
vt 0.728435 0.758370
vt 0.707836 0.757860
vt 0.750988 0.758370
vt 0.730388 0.757860
vt 0.683330 0.735228
vt 0.660777 0.735228
vt 0.662730 0.735050
vt 0.705882 0.735228
vt 0.685283 0.735050
vt 0.728435 0.735228
vt 0.707836 0.735050
vt 0.750988 0.735228
vt 0.730388 0.735050
vt 0.662730 0.710957
vt 0.660777 0.711136
vt 0.683330 0.711136
vt 0.705882 0.711136
vt 0.685283 0.710957
vt 0.728435 0.711136
vt 0.707836 0.710957
vt 0.750988 0.711136
vt 0.730388 0.710957
vt 0.683330 0.696382
vt 0.662730 0.695580
vt 0.660777 0.696382
vt 0.705882 0.696382
vt 0.685283 0.695580
vt 0.728435 0.696382
vt 0.707836 0.695580
vt 0.750988 0.696382
vt 0.730388 0.695580
vt 0.662730 0.679531
vt 0.660777 0.680278
vt 0.683330 0.680278
vt 0.705882 0.680278
vt 0.685283 0.679531
vt 0.728435 0.680278
vt 0.707836 0.679531
vt 0.750988 0.680278
vt 0.730388 0.679531
vt 0.683330 0.653375
vt 0.662730 0.652251
vt 0.660777 0.653375
vt 0.705882 0.653375
vt 0.685283 0.652251
vt 0.707836 0.652251
vt 0.728435 0.653375
vt 0.750988 0.653375
vt 0.730388 0.652251
vt 0.662730 0.637912
vt 0.660777 0.638556
vt 0.683330 0.638556
vt 0.705882 0.638556
vt 0.685283 0.637912
vt 0.707836 0.637912
vt 0.728435 0.638556
vt 0.750988 0.638556
vt 0.730388 0.637912
vt 0.671565 0.601272
vt 0.662730 0.601612
vt 0.660777 0.601272
vt 0.682353 0.601272
vt 0.673518 0.601612
vt 0.693141 0.601272
vt 0.684306 0.601612
vt 0.695094 0.601612
vt 0.703929 0.601272
vt 0.662730 0.565809
vt 0.660777 0.565511
vt 0.671565 0.565511
vt 0.673518 0.565809
vt 0.682353 0.565511
vt 0.684306 0.565809
vt 0.693141 0.565511
vt 0.703929 0.565511
vt 0.695094 0.565809
vt 0.662730 0.524002
vt 0.660777 0.523705
vt 0.671565 0.523705
vt 0.682353 0.523705
vt 0.673518 0.524002
vt 0.684306 0.524002
vt 0.693141 0.523705
vt 0.703929 0.523705
vt 0.695094 0.524002
vt 0.718624 0.573042
vt 0.709789 0.573542
vt 0.707836 0.573042
vt 0.729412 0.573042
vt 0.720577 0.573542
vt 0.740200 0.573042
vt 0.731365 0.573542
vt 0.750988 0.573042
vt 0.742153 0.573542
vt 0.756848 0.984489
vt 0.754894 0.984023
vt 0.765683 0.984023
vt 0.776471 0.984023
vt 0.767636 0.984489
vt 0.787259 0.984023
vt 0.778424 0.984489
vt 0.798047 0.984023
vt 0.789212 0.984489
vt 0.765683 0.900152
vt 0.756848 0.900653
vt 0.754894 0.900152
vt 0.776471 0.900152
vt 0.767636 0.900653
vt 0.778424 0.900653
vt 0.787259 0.900152
vt 0.798047 0.900152
vt 0.789212 0.900653
vt 0.756848 0.802726
vt 0.754894 0.802155
vt 0.765683 0.802155
vt 0.776471 0.802155
vt 0.767636 0.802726
vt 0.778424 0.802726
vt 0.787259 0.802155
vt 0.798047 0.802155
vt 0.789212 0.802726
vt 0.756848 0.750777
vt 0.754894 0.750206
vt 0.765683 0.750206
vt 0.776471 0.750206
vt 0.767636 0.750777
vt 0.778424 0.750777
vt 0.787259 0.750206
vt 0.798047 0.750206
vt 0.789212 0.750777
vt 0.765683 0.666060
vt 0.756848 0.666600
vt 0.754894 0.666060
vt 0.776471 0.666060
vt 0.767636 0.666600
vt 0.787259 0.666060
vt 0.778424 0.666600
vt 0.798047 0.666060
vt 0.789212 0.666600
vt 0.765683 0.581863
vt 0.756848 0.582386
vt 0.754894 0.581863
vt 0.776471 0.581863
vt 0.767636 0.582386
vt 0.787259 0.581863
vt 0.778424 0.582386
vt 0.789212 0.582386
vt 0.798047 0.581863
vt 0.765683 0.571031
vt 0.756848 0.571554
vt 0.754894 0.571031
vt 0.776471 0.571031
vt 0.767636 0.571554
vt 0.787259 0.571031
vt 0.778424 0.571554
vt 0.798047 0.571031
vt 0.789212 0.571554
vt 0.803906 0.973792
vt 0.801953 0.973252
vt 0.812741 0.973252
vt 0.823530 0.973252
vt 0.814695 0.973792
vt 0.834318 0.973252
vt 0.825483 0.973792
vt 0.845106 0.973252
vt 0.836271 0.973792
vt 0.812741 0.874668
vt 0.803906 0.875221
vt 0.801953 0.874668
vt 0.823530 0.874668
vt 0.814695 0.875221
vt 0.825483 0.875221
vt 0.834318 0.874668
vt 0.845106 0.874668
vt 0.836271 0.875221
vt 0.803906 0.793691
vt 0.801953 0.793150
vt 0.812741 0.793150
vt 0.823530 0.793150
vt 0.814695 0.793691
vt 0.825483 0.793691
vt 0.834318 0.793150
vt 0.845106 0.793150
vt 0.836271 0.793691
vt 0.812741 0.739190
vt 0.803906 0.739743
vt 0.801953 0.739190
vt 0.823530 0.739190
vt 0.814695 0.739743
vt 0.834318 0.739190
vt 0.825483 0.739743
vt 0.836271 0.739743
vt 0.845106 0.739190
vt 0.803906 0.653615
vt 0.801953 0.653074
vt 0.812741 0.653074
vt 0.814695 0.653615
vt 0.823530 0.653074
vt 0.825483 0.653615
vt 0.834318 0.653074
vt 0.845106 0.653074
vt 0.836271 0.653615
vt 0.803906 0.595779
vt 0.801953 0.595226
vt 0.812741 0.595226
vt 0.823530 0.595226
vt 0.814695 0.595779
vt 0.825483 0.595779
vt 0.834318 0.595226
vt 0.845106 0.595226
vt 0.836271 0.595779
vt 0.859800 0.993327
vt 0.850965 0.993881
vt 0.849012 0.993327
vt 0.870588 0.993327
vt 0.861753 0.993881
vt 0.881377 0.993327
vt 0.872542 0.993881
vt 0.892165 0.993327
vt 0.883330 0.993881
vt 0.859800 0.974941
vt 0.849012 0.974941
vt 0.850965 0.975511
vt 0.870588 0.974941
vt 0.861753 0.975511
vt 0.881377 0.974941
vt 0.872542 0.975511
vt 0.892165 0.974941
vt 0.883330 0.975511
vt 0.850965 0.883555
vt 0.849012 0.883001
vt 0.859800 0.883001
vt 0.870588 0.883001
vt 0.861753 0.883555
vt 0.872542 0.883555
vt 0.881377 0.883001
vt 0.892165 0.883001
vt 0.883330 0.883555
vt 0.850965 0.864279
vt 0.849012 0.863709
vt 0.859800 0.863709
vt 0.870588 0.863709
vt 0.861753 0.864279
vt 0.872542 0.864279
vt 0.881377 0.863709
vt 0.883330 0.864279
vt 0.892165 0.863709
vt 0.850965 0.815006
vt 0.849012 0.814453
vt 0.859800 0.814453
vt 0.870588 0.814453
vt 0.861753 0.815006
vt 0.881377 0.814453
vt 0.872542 0.815006
vt 0.883330 0.815006
vt 0.892165 0.814453
vt 0.850965 0.763534
vt 0.849012 0.762980
vt 0.859800 0.762980
vt 0.870588 0.762980
vt 0.861753 0.763534
vt 0.881377 0.762980
vt 0.872542 0.763534
vt 0.892165 0.762980
vt 0.883330 0.763534
vt 0.850965 0.747439
vt 0.849012 0.746886
vt 0.859800 0.746886
vt 0.870588 0.746886
vt 0.861753 0.747439
vt 0.881377 0.746886
vt 0.872542 0.747439
vt 0.892165 0.746886
vt 0.883330 0.747439
vt 0.859800 0.730223
vt 0.850965 0.730777
vt 0.849012 0.730223
vt 0.870588 0.730223
vt 0.861753 0.730777
vt 0.881377 0.730223
vt 0.872542 0.730777
vt 0.883330 0.730777
vt 0.892165 0.730223
vt 0.859800 0.711805
vt 0.850965 0.711915
vt 0.849012 0.711805
vt 0.870588 0.711805
vt 0.861753 0.711915
vt 0.881377 0.711805
vt 0.872542 0.711915
vt 0.892165 0.711805
vt 0.883330 0.711915
vt 0.859800 0.683618
vt 0.850965 0.683757
vt 0.849012 0.683618
vt 0.870588 0.683618
vt 0.861753 0.683757
vt 0.881377 0.683618
vt 0.872542 0.683757
vt 0.883330 0.683757
vt 0.892165 0.683618
vt 0.850965 0.664254
vt 0.849012 0.664168
vt 0.859800 0.664168
vt 0.861753 0.664254
vt 0.870588 0.664168
vt 0.872542 0.664254
vt 0.881377 0.664168
vt 0.892165 0.664168
vt 0.883330 0.664254
vt 0.859800 0.641624
vt 0.850965 0.641710
vt 0.849012 0.641624
vt 0.870588 0.641624
vt 0.861753 0.641710
vt 0.881377 0.641624
vt 0.872542 0.641710
vt 0.892165 0.641624
vt 0.883330 0.641710
vt 0.859800 0.611258
vt 0.849012 0.611258
vt 0.850965 0.611396
vt 0.861753 0.611396
vt 0.870588 0.611258
vt 0.872542 0.611396
vt 0.881377 0.611258
vt 0.892165 0.611258
vt 0.883330 0.611396
vt 0.859800 0.589929
vt 0.850965 0.590015
vt 0.849012 0.589929
vt 0.870588 0.589929
vt 0.861753 0.590015
vt 0.881377 0.589929
vt 0.872542 0.590015
vt 0.892165 0.589929
vt 0.883330 0.590015
vt 0.859800 0.555528
vt 0.850965 0.555667
vt 0.849012 0.555528
vt 0.870588 0.555528
vt 0.861753 0.555667
vt 0.881377 0.555528
vt 0.872542 0.555667
vt 0.892165 0.555528
vt 0.883330 0.555667
vt 0.850965 0.531711
vt 0.849012 0.531625
vt 0.859800 0.531625
vt 0.870588 0.531625
vt 0.861753 0.531711
vt 0.881377 0.531625
vt 0.872542 0.531711
vt 0.892165 0.531625
vt 0.883330 0.531711
vt 0.859800 0.509925
vt 0.850965 0.510010
vt 0.849012 0.509925
vt 0.870588 0.509925
vt 0.861753 0.510010
vt 0.881377 0.509925
vt 0.872542 0.510010
vt 0.883330 0.510010
vt 0.892165 0.509925
vt 0.906859 0.980727
vt 0.898024 0.980813
vt 0.896071 0.980727
vt 0.917647 0.980727
vt 0.908812 0.980813
vt 0.928435 0.980727
vt 0.919600 0.980813
vt 0.930389 0.980813
vt 0.939224 0.980727
vt 0.898024 0.959535
vt 0.896071 0.959449
vt 0.906859 0.959449
vt 0.908812 0.959535
vt 0.917647 0.959449
vt 0.919600 0.959535
vt 0.928435 0.959449
vt 0.939224 0.959449
vt 0.930389 0.959535
vt 0.906859 0.937108
vt 0.898024 0.937193
vt 0.896071 0.937108
vt 0.917647 0.937108
vt 0.908812 0.937193
vt 0.928435 0.937108
vt 0.919600 0.937193
vt 0.930389 0.937193
vt 0.939224 0.937108
vt 0.898024 0.915907
vt 0.896071 0.915822
vt 0.906859 0.915822
vt 0.908812 0.915907
vt 0.917647 0.915822
vt 0.919600 0.915907
vt 0.928435 0.915822
vt 0.939224 0.915822
vt 0.930389 0.915907
vt 0.906859 0.893338
vt 0.898024 0.893424
vt 0.896071 0.893338
vt 0.917647 0.893338
vt 0.908812 0.893424
vt 0.928435 0.893338
vt 0.919600 0.893424
vt 0.939224 0.893338
vt 0.930389 0.893424
vt 0.906859 0.873860
vt 0.898024 0.874157
vt 0.896071 0.873860
vt 0.917647 0.873860
vt 0.908812 0.874157
vt 0.928435 0.873860
vt 0.919600 0.874157
vt 0.930389 0.874157
vt 0.939224 0.873860
vt 0.906859 0.854147
vt 0.898024 0.854444
vt 0.896071 0.854147
vt 0.917647 0.854147
vt 0.908812 0.854444
vt 0.928435 0.854147
vt 0.919600 0.854444
vt 0.939224 0.854147
vt 0.930389 0.854444
vt 0.898024 0.837892
vt 0.896071 0.837425
vt 0.906859 0.837425
vt 0.917647 0.837425
vt 0.908812 0.837892
vt 0.928435 0.837425
vt 0.919600 0.837892
vt 0.939224 0.837425
vt 0.930389 0.837892
vt 0.906859 0.820518
vt 0.898024 0.820985
vt 0.896071 0.820518
vt 0.917647 0.820518
vt 0.908812 0.820985
vt 0.919600 0.820985
vt 0.928435 0.820518
vt 0.939224 0.820518
vt 0.930389 0.820985
vt 0.900977 0.780618
vt 0.898024 0.781371
vt 0.896071 0.780618
vt 0.905883 0.780618
vt 0.902930 0.781371
vt 0.910788 0.780618
vt 0.907836 0.781371
vt 0.915694 0.780618
vt 0.912741 0.781371
vt 0.900977 0.740129
vt 0.898024 0.740882
vt 0.896071 0.740129
vt 0.905883 0.740129
vt 0.902930 0.740882
vt 0.910788 0.740129
vt 0.907836 0.740882
vt 0.912741 0.740882
vt 0.915694 0.740129
vt 0.898024 0.673681
vt 0.896071 0.672850
vt 0.900977 0.672850
vt 0.905883 0.672850
vt 0.902930 0.673681
vt 0.907836 0.673681
vt 0.910788 0.672850
vt 0.915694 0.672850
vt 0.912741 0.673681
vt 0.900977 0.605451
vt 0.898024 0.606282
vt 0.896071 0.605451
vt 0.905883 0.605451
vt 0.902930 0.606282
vt 0.910788 0.605451
vt 0.907836 0.606282
vt 0.915694 0.605451
vt 0.912741 0.606282
vt 0.900977 0.571571
vt 0.898024 0.572303
vt 0.896071 0.571571
vt 0.905883 0.571571
vt 0.902930 0.572303
vt 0.910788 0.571571
vt 0.907836 0.572303
vt 0.912741 0.572303
vt 0.915694 0.571571
vt 0.900977 0.537524
vt 0.898024 0.538234
vt 0.896071 0.537524
vt 0.905883 0.537524
vt 0.902930 0.538234
vt 0.910788 0.537524
vt 0.907836 0.538234
vt 0.915694 0.537524
vt 0.912741 0.538234
vt 0.924506 0.802244
vt 0.921553 0.802976
vt 0.919600 0.802244
vt 0.929412 0.802244
vt 0.926459 0.802976
vt 0.934318 0.802244
vt 0.931365 0.802976
vt 0.939223 0.802244
vt 0.936271 0.802976
vt 0.921553 0.766547
vt 0.919600 0.765836
vt 0.924506 0.765836
vt 0.929412 0.765836
vt 0.926459 0.766547
vt 0.934318 0.765836
vt 0.931365 0.766547
vt 0.939223 0.765836
vt 0.936271 0.766547
vt 0.924506 0.704167
vt 0.921553 0.704982
vt 0.919600 0.704167
vt 0.929412 0.704167
vt 0.926459 0.704982
vt 0.931365 0.704982
vt 0.934318 0.704167
vt 0.939223 0.704167
vt 0.936271 0.704982
vt 0.921553 0.632896
vt 0.919600 0.632045
vt 0.924506 0.632045
vt 0.929412 0.632045
vt 0.926459 0.632896
vt 0.931365 0.632896
vt 0.934318 0.632045
vt 0.939223 0.632045
vt 0.936271 0.632896
vt 0.921553 0.593563
vt 0.919600 0.592713
vt 0.924506 0.592713
vt 0.929412 0.592713
vt 0.926459 0.593563
vt 0.931365 0.593563
vt 0.934318 0.592713
vt 0.939223 0.592713
vt 0.936271 0.593563
vt 0.924506 0.527927
vt 0.921553 0.528741
vt 0.919600 0.527927
vt 0.929412 0.527927
vt 0.926459 0.528741
vt 0.934318 0.527927
vt 0.931365 0.528741
vt 0.939223 0.527927
vt 0.936271 0.528741
vt 0.948035 0.937408
vt 0.945083 0.938259
vt 0.943130 0.937408
vt 0.952941 0.937408
vt 0.949989 0.938259
vt 0.957847 0.937408
vt 0.954894 0.938259
vt 0.959800 0.938259
vt 0.962753 0.937408
vt 0.948035 0.896976
vt 0.945083 0.897827
vt 0.943130 0.896976
vt 0.952941 0.896976
vt 0.949989 0.897827
vt 0.957847 0.896976
vt 0.954894 0.897827
vt 0.959800 0.897827
vt 0.962753 0.896976
vt 0.945083 0.825182
vt 0.943130 0.824341
vt 0.948035 0.824341
vt 0.949989 0.825182
vt 0.952941 0.824341
vt 0.954894 0.825182
vt 0.957847 0.824341
vt 0.962753 0.824341
vt 0.959800 0.825182
vt 0.948035 0.748572
vt 0.945083 0.749414
vt 0.943130 0.748572
vt 0.952941 0.748572
vt 0.949989 0.749414
vt 0.957847 0.748572
vt 0.954894 0.749414
vt 0.959800 0.749414
vt 0.962753 0.748572
vt 0.948035 0.681537
vt 0.945083 0.682379
vt 0.943130 0.681537
vt 0.952941 0.681537
vt 0.949989 0.682379
vt 0.957847 0.681537
vt 0.954894 0.682379
vt 0.962753 0.681537
vt 0.959800 0.682379
vt 0.945083 0.643554
vt 0.943130 0.642697
vt 0.948035 0.642697
vt 0.952941 0.642697
vt 0.949989 0.643554
vt 0.957847 0.642697
vt 0.954894 0.643554
vt 0.959800 0.643554
vt 0.962753 0.642697
vt 0.945083 0.575200
vt 0.943130 0.574359
vt 0.948035 0.574359
vt 0.952941 0.574359
vt 0.949989 0.575200
vt 0.957847 0.574359
vt 0.954894 0.575200
vt 0.962753 0.574359
vt 0.959800 0.575200
vt 0.948035 0.533816
vt 0.943130 0.533816
vt 0.945083 0.534673
vt 0.949989 0.534673
vt 0.952941 0.533816
vt 0.954894 0.534673
vt 0.957847 0.533816
vt 0.962753 0.533816
vt 0.959800 0.534673
vt 0.948035 0.503251
vt 0.945083 0.503906
vt 0.943130 0.503251
vt 0.952941 0.503251
vt 0.949989 0.503906
vt 0.957847 0.503251
vt 0.954894 0.503906
vt 0.962753 0.503251
vt 0.959800 0.503906
vt 0.971565 0.971935
vt 0.968612 0.972590
vt 0.966659 0.971935
vt 0.976471 0.971935
vt 0.973518 0.972590
vt 0.981376 0.971935
vt 0.978424 0.972590
vt 0.986282 0.971935
vt 0.983330 0.972590
vt 0.968612 0.944857
vt 0.966659 0.944228
vt 0.971565 0.944228
vt 0.976471 0.944228
vt 0.973518 0.944857
vt 0.981376 0.944228
vt 0.978424 0.944857
vt 0.986282 0.944228
vt 0.983330 0.944857
vt 0.971565 0.916388
vt 0.968612 0.917043
vt 0.966659 0.916388
vt 0.976471 0.916388
vt 0.973518 0.917043
vt 0.981376 0.916388
vt 0.978424 0.917043
vt 0.983330 0.917043
vt 0.986282 0.916388
vt 0.971565 0.889129
vt 0.968612 0.889784
vt 0.966659 0.889129
vt 0.976471 0.889129
vt 0.973518 0.889784
vt 0.981376 0.889129
vt 0.978424 0.889784
vt 0.983330 0.889784
vt 0.986282 0.889129
vt 0.968612 0.860517
vt 0.966659 0.859887
vt 0.971565 0.859887
vt 0.973518 0.860517
vt 0.976471 0.859887
vt 0.978424 0.860517
vt 0.981376 0.859887
vt 0.986282 0.859887
vt 0.983330 0.860517
vt 0.971565 0.840030
vt 0.968612 0.840632
vt 0.966659 0.840030
vt 0.976471 0.840030
vt 0.973518 0.840632
vt 0.981376 0.840030
vt 0.978424 0.840632
vt 0.986282 0.840030
vt 0.983330 0.840632
vt 0.968612 0.813944
vt 0.966659 0.813315
vt 0.971565 0.813315
vt 0.976471 0.813315
vt 0.973518 0.813944
vt 0.981376 0.813315
vt 0.978424 0.813944
vt 0.986282 0.813315
vt 0.983330 0.813944
vt 0.971565 0.795213
vt 0.968612 0.795815
vt 0.966659 0.795213
vt 0.976471 0.795213
vt 0.973518 0.795815
vt 0.978424 0.795815
vt 0.981376 0.795213
vt 0.986282 0.795213
vt 0.983330 0.795815
vt 0.968612 0.767740
vt 0.966659 0.767110
vt 0.971565 0.767110
vt 0.976471 0.767110
vt 0.973518 0.767740
vt 0.978424 0.767740
vt 0.981376 0.767110
vt 0.986282 0.767110
vt 0.983330 0.767740
vt 0.971565 0.747814
vt 0.968612 0.748417
vt 0.966659 0.747814
vt 0.976471 0.747814
vt 0.973518 0.748417
vt 0.981376 0.747814
vt 0.978424 0.748417
vt 0.983330 0.748417
vt 0.986282 0.747814
vt 0.968612 0.731199
vt 0.966659 0.730569
vt 0.971565 0.730569
vt 0.973518 0.731199
vt 0.976471 0.730569
vt 0.978424 0.731199
vt 0.981376 0.730569
vt 0.986282 0.730569
vt 0.983330 0.731199
vt 0.968612 0.713734
vt 0.966659 0.713131
vt 0.971565 0.713131
vt 0.976471 0.713131
vt 0.973518 0.713734
vt 0.978424 0.713734
vt 0.981376 0.713131
vt 0.986282 0.713131
vt 0.983330 0.713734
vt 0.968612 0.695662
vt 0.966659 0.695033
vt 0.971565 0.695033
vt 0.976471 0.695033
vt 0.973518 0.695662
vt 0.981376 0.695033
vt 0.978424 0.695662
vt 0.983330 0.695662
vt 0.986282 0.695033
vt 0.968612 0.677007
vt 0.966659 0.676404
vt 0.971565 0.676404
vt 0.976471 0.676404
vt 0.973518 0.677007
vt 0.978424 0.677007
vt 0.981376 0.676404
vt 0.983330 0.677007
vt 0.986282 0.676404
vt 0.968612 0.660329
vt 0.966659 0.659727
vt 0.971565 0.659727
vt 0.976471 0.659727
vt 0.973518 0.660329
vt 0.981376 0.659727
vt 0.978424 0.660329
vt 0.986282 0.659727
vt 0.983330 0.660329
vt 0.971565 0.642475
vt 0.968612 0.643077
vt 0.966659 0.642475
vt 0.976471 0.642475
vt 0.973518 0.643077
vt 0.978424 0.643077
vt 0.981376 0.642475
vt 0.983330 0.643077
vt 0.986282 0.642475
vt 0.968612 0.627692
vt 0.966659 0.627090
vt 0.971565 0.627090
vt 0.976471 0.627090
vt 0.973518 0.627692
vt 0.981376 0.627090
vt 0.978424 0.627692
vt 0.983330 0.627692
vt 0.986282 0.627090
vt 0.968612 0.612142
vt 0.966659 0.611540
vt 0.971565 0.611540
vt 0.976471 0.611540
vt 0.973518 0.612142
vt 0.981376 0.611540
vt 0.978424 0.612142
vt 0.986282 0.611540
vt 0.983330 0.612142
vt 0.968624 0.582905
vt 0.966659 0.582905
vt 0.968612 0.583849
vt 0.970577 0.583849
vt 0.970588 0.582905
vt 0.972541 0.583849
vt 0.972553 0.582905
vt 0.974518 0.582905
vt 0.974506 0.583849
vt 0.968624 0.553807
vt 0.968612 0.554751
vt 0.966659 0.553807
vt 0.970588 0.553807
vt 0.970577 0.554751
vt 0.972553 0.553807
vt 0.972541 0.554751
vt 0.974518 0.553807
vt 0.974506 0.554751
vt 0.968624 0.524198
vt 0.968612 0.525141
vt 0.966659 0.524198
vt 0.970588 0.524198
vt 0.970577 0.525141
vt 0.972553 0.524198
vt 0.972541 0.525141
vt 0.974506 0.525141
vt 0.974518 0.524198
vt 0.980377 0.589461
vt 0.978424 0.588517
vt 0.980388 0.588517
vt 0.982353 0.588517
vt 0.982341 0.589461
vt 0.984306 0.589461
vt 0.984318 0.588517
vt 0.986282 0.588517
vt 0.986271 0.589461
vt 0.980388 0.564556
vt 0.980377 0.565489
vt 0.978424 0.564556
vt 0.982353 0.564556
vt 0.982341 0.565489
vt 0.984318 0.564556
vt 0.984306 0.565489
vt 0.986282 0.564556
vt 0.986271 0.565489
vt 0.992153 0.980602
vt 0.992142 0.981617
vt 0.990188 0.980602
vt 0.994118 0.980602
vt 0.994106 0.981617
vt 0.996082 0.980602
vt 0.996071 0.981617
vt 0.998035 0.981617
vt 0.998047 0.980602
vt 0.992153 0.912674
vt 0.992142 0.913689
vt 0.990188 0.912674
vt 0.994118 0.912674
vt 0.994106 0.913689
vt 0.996082 0.912674
vt 0.996071 0.913689
vt 0.998047 0.912674
vt 0.998035 0.913689
vt 0.992153 0.887755
vt 0.992142 0.888688
vt 0.990188 0.887755
vt 0.994118 0.887755
vt 0.994106 0.888688
vt 0.996082 0.887755
vt 0.996071 0.888688
vt 0.998047 0.887755
vt 0.998035 0.888688
vt 0.992142 0.817462
vt 0.990188 0.816447
vt 0.992153 0.816447
vt 0.994118 0.816447
vt 0.994106 0.817462
vt 0.996082 0.816447
vt 0.996071 0.817462
vt 0.998047 0.816447
vt 0.998035 0.817462
vt 0.992153 0.746722
vt 0.992142 0.747737
vt 0.990188 0.746722
vt 0.994118 0.746722
vt 0.994106 0.747737
vt 0.996071 0.747737
vt 0.996082 0.746722
vt 0.998047 0.746722
vt 0.998035 0.747737
vt 0.992142 0.725609
vt 0.990188 0.724715
vt 0.992153 0.724715
vt 0.994118 0.724715
vt 0.994106 0.725609
vt 0.996071 0.725609
vt 0.996082 0.724715
vt 0.998047 0.724715
vt 0.998035 0.725609
vt 0.992142 0.702841
vt 0.990188 0.701948
vt 0.992153 0.701948
vt 0.994118 0.701948
vt 0.994106 0.702841
vt 0.996071 0.702841
vt 0.996082 0.701948
vt 0.998047 0.701948
vt 0.998035 0.702841
vt 0.992153 0.678765
vt 0.992142 0.679659
vt 0.990188 0.678765
vt 0.994118 0.678765
vt 0.994106 0.679659
vt 0.996082 0.678765
vt 0.996071 0.679659
vt 0.998047 0.678765
vt 0.998035 0.679659
vt 0.992153 0.655043
vt 0.992142 0.655937
vt 0.990188 0.655043
vt 0.994118 0.655043
vt 0.994106 0.655937
vt 0.996082 0.655043
vt 0.996071 0.655937
vt 0.998035 0.655937
vt 0.998047 0.655043
vt 0.992153 0.641025
vt 0.992142 0.641891
vt 0.990188 0.641025
vt 0.994118 0.641025
vt 0.994106 0.641891
vt 0.996082 0.641025
vt 0.996071 0.641891
vt 0.998035 0.641891
vt 0.998047 0.641025
vt 0.992142 0.627282
vt 0.990188 0.626415
vt 0.992153 0.626415
vt 0.994106 0.627282
vt 0.994118 0.626415
vt 0.996071 0.627282
vt 0.996082 0.626415
vt 0.998047 0.626415
vt 0.998035 0.627282
vt 0.992153 0.613701
vt 0.992142 0.614582
vt 0.990188 0.613701
vt 0.994118 0.613701
vt 0.994106 0.614582
vt 0.996082 0.613701
vt 0.996071 0.614582
vt 0.998047 0.613701
vt 0.998035 0.614582
vt 0.992153 0.600098
vt 0.992142 0.600964
vt 0.990188 0.600098
vt 0.994118 0.600098
vt 0.994106 0.600964
vt 0.996082 0.600098
vt 0.996071 0.600964
vt 0.998035 0.600964
vt 0.998047 0.600098
vt 0.992153 0.586662
vt 0.992142 0.587542
vt 0.990188 0.586662
vt 0.994118 0.586662
vt 0.994106 0.587542
vt 0.996082 0.586662
vt 0.996071 0.587542
vt 0.998047 0.586662
vt 0.998035 0.587542
vt 0.992142 0.573147
vt 0.990188 0.572281
vt 0.992153 0.572281
vt 0.994118 0.572281
vt 0.994106 0.573147
vt 0.996082 0.572281
vt 0.996071 0.573147
vt 0.998035 0.573147
vt 0.998047 0.572281
vt 0.403906 0.496094
vt 0.500000 0.450000
vt 0.403906 0.450000
vt 0.500000 0.496094
vt 0.596094 0.450000
vt 0.596094 0.496094
vt 0.500000 0.403906
vt 0.403906 0.403906
vt 0.596094 0.403906
vt 0.003906 0.496094
vt 0.100000 0.450000
vt 0.003906 0.450000
vt 0.100000 0.496094
vt 0.196094 0.450000
vt 0.196094 0.496094
vt 0.100000 0.403906
vt 0.003906 0.403906
vt 0.196094 0.403906
vt 0.203906 0.496094
vt 0.300000 0.450000
vt 0.203906 0.450000
vt 0.300000 0.496094
vt 0.396094 0.450000
vt 0.396094 0.496094
vt 0.300000 0.403906
vt 0.203906 0.403906
vt 0.396094 0.403906
vt 0.603906 0.496094
vt 0.700000 0.450000
vt 0.603906 0.450000
vt 0.700000 0.496094
vt 0.796094 0.450000
vt 0.796094 0.496094
vt 0.700000 0.403906
vt 0.603906 0.403906
vt 0.796094 0.403906
vt 0.803906 0.496094
vt 0.900000 0.450000
vt 0.803906 0.450000
vt 0.900000 0.496094
vt 0.996094 0.450000
vt 0.996094 0.496094
vt 0.900000 0.403906
vt 0.803906 0.403906
vt 0.996094 0.403906
vt 0.203906 0.396094
vt 0.300000 0.350000
vt 0.203906 0.350000
vt 0.300000 0.396094
vt 0.396094 0.350000
vt 0.396094 0.396094
vt 0.300000 0.303906
vt 0.203906 0.303906
vt 0.396094 0.303906
vt 0.003906 0.396094
vt 0.100000 0.350000
vt 0.003906 0.350000
vt 0.100000 0.396094
vt 0.196094 0.350000
vt 0.196094 0.396094
vt 0.100000 0.303906
vt 0.003906 0.303906
vt 0.196094 0.303906
vt 0.403906 0.396094
vt 0.500000 0.350000
vt 0.403906 0.350000
vt 0.500000 0.396094
vt 0.596094 0.350000
vt 0.596094 0.396094
vt 0.500000 0.303906
vt 0.403906 0.303906
vt 0.596094 0.303906
vt 0.803906 0.396094
vt 0.900000 0.350000
vt 0.803906 0.350000
vt 0.900000 0.396094
vt 0.996094 0.350000
vt 0.996094 0.396094
vt 0.900000 0.303906
vt 0.803906 0.303906
vt 0.996094 0.303906
vt 0.403906 0.296094
vt 0.500000 0.250000
vt 0.403906 0.250000
vt 0.500000 0.296094
vt 0.596094 0.250000
vt 0.596094 0.296094
vt 0.500000 0.203906
vt 0.403906 0.203906
vt 0.596094 0.203906
vt 0.203906 0.296094
vt 0.300000 0.250000
vt 0.203906 0.250000
vt 0.300000 0.296094
vt 0.396094 0.250000
vt 0.396094 0.296094
vt 0.300000 0.203906
vt 0.203906 0.203906
vt 0.396094 0.203906
vt 0.603906 0.296094
vt 0.700000 0.250000
vt 0.603906 0.250000
vt 0.700000 0.296094
vt 0.796094 0.250000
vt 0.796094 0.296094
vt 0.700000 0.203906
vt 0.603906 0.203906
vt 0.796094 0.203906
vt 0.603906 0.396094
vt 0.700000 0.350000
vt 0.603906 0.350000
vt 0.700000 0.396094
vt 0.796094 0.350000
vt 0.796094 0.396094
vt 0.700000 0.303906
vt 0.603906 0.303906
vt 0.796094 0.303906
vt 0.003906 0.296094
vt 0.100000 0.250000
vt 0.003906 0.250000
vt 0.100000 0.296094
vt 0.196094 0.250000
vt 0.196094 0.296094
vt 0.100000 0.203906
vt 0.003906 0.203906
vt 0.196094 0.203906
vt 0.403906 0.196094
vt 0.500000 0.150000
vt 0.403906 0.150000
vt 0.500000 0.196094
vt 0.596094 0.150000
vt 0.596094 0.196094
vt 0.500000 0.103906
vt 0.403906 0.103906
vt 0.596094 0.103906
vt 0.203906 0.196094
vt 0.300000 0.150000
vt 0.203906 0.150000
vt 0.300000 0.196094
vt 0.396094 0.150000
vt 0.396094 0.196094
vt 0.300000 0.103906
vt 0.203906 0.103906
vt 0.396094 0.103906
vt 0.603906 0.196094
vt 0.700000 0.150000
vt 0.603906 0.150000
vt 0.700000 0.196094
vt 0.796094 0.150000
vt 0.796094 0.196094
vt 0.700000 0.103906
vt 0.603906 0.103906
vt 0.796094 0.103906
vt 0.003906 0.196094
vt 0.100000 0.150000
vt 0.003906 0.150000
vt 0.100000 0.196094
vt 0.196094 0.150000
vt 0.196094 0.196094
vt 0.100000 0.103906
vt 0.003906 0.103906
vt 0.196094 0.103906
vt 0.803906 0.296094
vt 0.900000 0.250000
vt 0.803906 0.250000
vt 0.900000 0.296094
vt 0.996094 0.250000
vt 0.996094 0.296094
vt 0.900000 0.203906
vt 0.803906 0.203906
vt 0.996094 0.203906
vt 0.803906 0.196094
vt 0.900000 0.150000
vt 0.803906 0.150000
vt 0.900000 0.196094
vt 0.996094 0.150000
vt 0.996094 0.196094
vt 0.900000 0.103906
vt 0.803906 0.103906
vt 0.996094 0.103906
vt 0.203906 0.096094
vt 0.300000 0.050000
vt 0.203906 0.050000
vt 0.300000 0.096094
vt 0.396094 0.050000
vt 0.396094 0.096094
vt 0.300000 0.003906
vt 0.203906 0.003906
vt 0.396094 0.003906
vt 0.003906 0.096094
vt 0.100000 0.050000
vt 0.003906 0.050000
vt 0.100000 0.096094
vt 0.196094 0.050000
vt 0.196094 0.096094
vt 0.100000 0.003906
vt 0.003906 0.003906
vt 0.196094 0.003906
vt 0.403906 0.096094
vt 0.500000 0.050000
vt 0.403906 0.050000
vt 0.500000 0.096094
vt 0.596094 0.050000
vt 0.596094 0.096094
vt 0.500000 0.003906
vt 0.403906 0.003906
vt 0.596094 0.003906
s 1
usemtl Oak_Leav.jpg.002
f 1/1/1 2/2/2 3/3/3
f 3/3/3 2/2/2 4/4/4
f 5/5/5 6/6/6 1/1/1
f 1/1/1 6/6/6 2/2/2
f 5/5/5 7/7/7 6/6/6
f 8/8/8 7/7/7 5/5/5
f 8/8/8 9/9/9 7/7/7
f 10/10/10 9/9/9 8/8/8
f 11/11/11 12/12/12 13/13/13
f 13/13/13 12/12/12 14/14/14
f 15/15/15 16/16/16 11/11/11
f 11/11/11 16/16/16 12/12/12
f 15/15/15 17/17/17 16/16/16
f 18/18/18 17/17/17 15/15/15
f 18/18/18 19/19/19 17/17/17
f 20/20/20 19/19/19 18/18/18
f 21/21/21 22/22/22 23/23/23
f 23/23/23 22/22/22 24/24/24
f 25/25/25 26/26/26 21/21/21
f 21/21/21 26/26/26 22/22/22
f 25/25/25 27/27/27 26/26/26
f 28/28/28 27/27/27 25/25/25
f 28/28/28 29/29/29 27/27/27
f 30/30/30 29/29/29 28/28/28
f 31/31/31 32/32/32 33/33/33
f 33/33/33 32/32/32 34/34/34
f 35/35/35 36/36/36 31/31/31
f 31/31/31 36/36/36 32/32/32
f 35/35/35 37/37/37 36/36/36
f 38/38/38 37/37/37 35/35/35
f 38/38/38 39/39/39 37/37/37
f 40/40/33 39/39/39 38/38/38
f 41/41/40 42/42/41 43/43/42
f 43/43/42 42/42/41 44/44/43
f 45/45/44 46/46/45 41/41/40
f 41/41/40 46/46/45 42/42/41
f 45/45/44 47/47/46 46/46/45
f 48/48/47 47/47/46 45/45/44
f 48/48/47 49/49/48 47/47/46
f 50/50/49 49/49/48 48/48/47
f 51/51/50 52/52/51 53/53/52
f 53/53/52 52/52/51 54/54/53
f 55/55/54 56/56/55 51/51/50
f 51/51/50 56/56/55 52/52/51
f 55/55/54 57/57/56 56/56/55
f 58/58/57 57/57/56 55/55/54
f 58/58/57 59/59/58 57/57/56
f 60/60/59 59/59/58 58/58/57
f 61/61/60 62/62/61 63/63/62
f 63/63/62 62/62/61 64/64/63
f 65/65/64 66/66/65 61/61/60
f 61/61/60 66/66/65 62/62/61
f 65/65/64 67/67/66 66/66/65
f 68/68/67 67/67/66 65/65/64
f 68/68/67 69/69/68 67/67/66
f 70/70/69 69/69/68 68/68/67
f 71/71/70 72/72/71 73/73/72
f 73/73/72 72/72/71 74/74/73
f 75/75/74 76/76/75 71/71/70
f 71/71/70 76/76/75 72/72/71
f 75/75/74 77/77/76 76/76/75
f 78/78/77 77/77/76 75/75/74
f 78/78/77 79/79/73 77/77/76
f 80/80/78 79/79/73 78/78/77
f 81/81/79 82/82/80 83/83/81
f 83/83/81 82/82/80 84/84/82
f 85/85/83 86/86/84 81/81/79
f 81/81/79 86/86/84 82/82/80
f 85/85/83 87/87/85 86/86/84
f 88/88/86 87/87/85 85/85/83
f 88/88/86 89/89/87 87/87/85
f 90/90/81 89/89/87 88/88/86
f 91/91/88 92/92/89 93/93/90
f 93/93/90 92/92/89 94/94/91
f 95/95/92 96/96/93 91/91/88
f 91/91/88 96/96/93 92/92/89
f 95/95/92 97/97/94 96/96/93
f 98/98/95 97/97/94 95/95/92
f 98/98/95 99/99/96 97/97/94
f 100/100/97 99/99/96 98/98/95
f 101/101/98 102/102/99 103/103/100
f 103/103/100 102/102/99 104/104/101
f 105/105/102 106/106/103 101/101/98
f 101/101/98 106/106/103 102/102/99
f 105/105/102 107/107/104 106/106/103
f 108/108/105 107/107/104 105/105/102
f 108/108/105 109/109/106 107/107/104
f 110/110/107 109/109/106 108/108/105
f 111/111/108 112/112/109 113/113/110
f 113/113/110 112/112/109 114/114/111
f 115/115/112 116/116/113 111/111/108
f 111/111/108 116/116/113 112/112/109
f 115/115/112 117/117/114 116/116/113
f 118/118/115 117/117/114 115/115/112
f 118/118/115 119/119/116 117/117/114
f 120/120/117 119/119/116 118/118/115
f 121/121/118 122/122/119 123/123/120
f 123/123/120 122/122/119 124/124/121
f 125/125/122 126/126/123 121/121/118
f 121/121/118 126/126/123 122/122/119
f 125/125/122 127/127/124 126/126/123
f 128/128/125 127/127/124 125/125/122
f 128/128/125 129/129/126 127/127/124
f 130/130/127 129/129/126 128/128/125
f 131/131/128 132/132/129 133/133/130
f 133/133/130 132/132/129 134/134/131
f 135/135/132 136/136/133 131/131/128
f 131/131/128 136/136/133 132/132/129
f 135/135/132 137/137/134 136/136/133
f 138/138/135 137/137/134 135/135/132
f 138/138/135 139/139/136 137/137/134
f 140/140/137 139/139/136 138/138/135
f 141/141/138 142/142/139 143/143/140
f 143/143/140 142/142/139 144/144/141
f 145/145/142 146/146/143 141/141/138
f 141/141/138 146/146/143 142/142/139
f 145/145/142 147/147/144 146/146/143
f 148/148/145 147/147/144 145/145/142
f 148/148/145 149/149/146 147/147/144
f 150/150/147 149/149/146 148/148/145
f 151/151/148 152/152/149 153/153/150
f 153/153/150 152/152/149 154/154/151
f 155/155/152 156/156/153 151/151/148
f 151/151/148 156/156/153 152/152/149
f 155/155/152 157/157/154 156/156/153
f 158/158/155 157/157/154 155/155/152
f 158/158/155 159/159/156 157/157/154
f 160/160/157 159/159/156 158/158/155
f 161/161/158 162/162/159 163/163/160
f 163/163/160 162/162/159 164/164/161
f 165/165/162 166/166/163 161/161/158
f 161/161/158 166/166/163 162/162/159
f 165/165/162 167/167/164 166/166/163
f 168/168/165 167/167/164 165/165/162
f 168/168/165 169/169/166 167/167/164
f 170/170/167 169/169/166 168/168/165
f 171/171/168 172/172/169 173/173/170
f 173/173/170 172/172/169 174/174/171
f 175/175/172 176/176/173 171/171/168
f 171/171/168 176/176/173 172/172/169
f 175/175/172 177/177/174 176/176/173
f 178/178/175 177/177/174 175/175/172
f 178/178/175 179/179/176 177/177/174
f 180/180/177 179/179/176 178/178/175
f 181/181/178 182/182/179 183/183/180
f 183/183/180 182/182/179 184/184/181
f 185/185/182 186/186/183 181/181/178
f 181/181/178 186/186/183 182/182/179
f 185/185/182 187/187/184 186/186/183
f 188/188/185 187/187/184 185/185/182
f 188/188/185 189/189/181 187/187/184
f 190/190/186 189/189/181 188/188/185
f 191/191/187 192/192/188 193/193/189
f 193/193/189 192/192/188 194/194/190
f 195/195/191 196/196/192 191/191/187
f 191/191/187 196/196/192 192/192/188
f 195/195/191 197/197/193 196/196/192
f 198/198/194 197/197/193 195/195/191
f 198/198/194 199/199/195 197/197/193
f 200/200/196 199/199/195 198/198/194
f 201/201/197 202/202/198 203/203/199
f 203/203/199 202/202/198 204/204/200
f 205/205/201 206/206/202 201/201/197
f 201/201/197 206/206/202 202/202/198
f 205/205/201 207/207/203 206/206/202
f 208/208/204 207/207/203 205/205/201
f 208/208/204 209/209/205 207/207/203
f 210/210/199 209/209/205 208/208/204
f 211/211/206 212/212/207 213/213/208
f 213/213/208 212/212/207 214/214/209
f 215/215/210 216/216/211 211/211/206
f 211/211/206 216/216/211 212/212/207
f 215/215/210 217/217/212 216/216/211
f 218/218/213 217/217/212 215/215/210
f 218/218/213 219/219/214 217/217/212
f 220/220/215 219/219/214 218/218/213
f 221/221/216 222/222/217 223/223/218
f 223/223/218 222/222/217 224/224/219
f 225/225/220 226/226/221 221/221/216
f 221/221/216 226/226/221 222/222/217
f 225/225/220 227/227/222 226/226/221
f 228/228/223 227/227/222 225/225/220
f 228/228/223 229/229/224 227/227/222
f 230/230/225 229/229/224 228/228/223
f 231/231/226 232/232/227 233/233/228
f 233/233/228 232/232/227 234/234/229
f 235/235/230 236/236/231 231/231/226
f 231/231/226 236/236/231 232/232/227
f 235/235/230 237/237/232 236/236/231
f 238/238/233 237/237/232 235/235/230
f 238/238/233 239/239/234 237/237/232
f 240/240/235 239/239/234 238/238/233
f 241/241/236 242/242/237 243/243/238
f 243/243/238 242/242/237 244/244/239
f 245/245/240 246/246/241 241/241/236
f 241/241/236 246/246/241 242/242/237
f 245/245/240 247/247/242 246/246/241
f 248/248/243 247/247/242 245/245/240
f 248/248/243 249/249/244 247/247/242
f 250/250/245 249/249/244 248/248/243
f 251/251/246 252/252/247 253/253/248
f 253/253/248 252/252/247 254/254/249
f 255/255/250 256/256/251 251/251/246
f 251/251/246 256/256/251 252/252/247
f 255/255/250 257/257/252 256/256/251
f 258/258/253 257/257/252 255/255/250
f 258/258/253 259/259/254 257/257/252
f 260/260/255 259/259/254 258/258/253
f 261/261/256 262/262/257 263/263/258
f 263/263/258 262/262/257 264/264/259
f 265/265/260 266/266/261 261/261/256
f 261/261/256 266/266/261 262/262/257
f 265/265/260 267/267/262 266/266/261
f 268/268/263 267/267/262 265/265/260
f 268/268/263 269/269/264 267/267/262
f 270/270/265 269/269/264 268/268/263
f 271/271/266 272/272/267 273/273/268
f 273/273/268 272/272/267 274/274/269
f 275/275/270 276/276/271 271/271/266
f 271/271/266 276/276/271 272/272/267
f 275/275/270 277/277/272 276/276/271
f 278/278/273 277/277/272 275/275/270
f 278/278/273 279/279/274 277/277/272
f 280/280/275 279/279/274 278/278/273
f 281/281/276 282/282/277 283/283/278
f 283/283/278 282/282/277 284/284/279
f 281/281/276 285/285/280 282/282/277
f 286/286/281 285/285/280 281/281/276
f 286/286/281 287/287/282 285/285/280
f 288/288/283 287/287/282 286/286/281
f 289/289/284 290/290/285 288/288/283
f 288/288/283 290/290/285 287/287/282
f 291/291/286 292/292/287 293/293/288
f 293/293/288 292/292/287 294/294/289
f 291/291/286 295/295/290 292/292/287
f 296/296/291 295/295/290 291/291/286
f 296/296/291 297/297/292 295/295/290
f 298/298/293 297/297/292 296/296/291
f 299/299/294 300/300/295 298/298/293
f 298/298/293 300/300/295 297/297/292
f 301/301/296 302/302/297 303/303/298
f 303/303/298 302/302/297 304/304/299
f 301/301/296 305/305/300 302/302/297
f 306/306/301 305/305/300 301/301/296
f 306/306/301 307/307/302 305/305/300
f 308/308/303 307/307/302 306/306/301
f 309/309/304 310/310/305 308/308/303
f 308/308/303 310/310/305 307/307/302
f 311/311/306 312/312/307 313/313/308
f 313/313/308 312/312/307 314/314/309
f 311/311/306 315/315/310 312/312/307
f 316/316/311 315/315/310 311/311/306
f 316/316/311 317/317/312 315/315/310
f 318/318/313 317/317/312 316/316/311
f 319/319/314 320/320/309 318/318/313
f 318/318/313 320/320/309 317/317/312
f 321/321/315 322/322/316 323/323/317
f 323/323/317 322/322/316 324/324/318
f 321/321/315 325/325/319 322/322/316
f 326/326/320 325/325/319 321/321/315
f 326/326/320 327/327/321 325/325/319
f 328/328/322 327/327/321 326/326/320
f 329/329/323 330/330/324 328/328/322
f 328/328/322 330/330/324 327/327/321
f 331/331/325 332/332/326 333/333/327
f 333/333/327 332/332/326 334/334/328
f 331/331/325 335/335/329 332/332/326
f 336/336/330 335/335/329 331/331/325
f 336/336/330 337/337/331 335/335/329
f 338/338/332 337/337/331 336/336/330
f 339/339/333 340/340/334 338/338/332
f 338/338/332 340/340/334 337/337/331
f 341/341/335 342/342/336 343/343/337
f 343/343/337 342/342/336 344/344/338
f 341/341/335 345/345/339 342/342/336
f 346/346/340 345/345/339 341/341/335
f 346/346/340 347/347/341 345/345/339
f 348/348/342 347/347/341 346/346/340
f 349/349/343 350/350/344 348/348/342
f 348/348/342 350/350/344 347/347/341
f 351/351/345 352/352/346 353/353/347
f 353/353/347 352/352/346 354/354/348
f 351/351/345 355/355/349 352/352/346
f 356/356/350 355/355/349 351/351/345
f 356/356/350 357/357/351 355/355/349
f 358/358/352 357/357/351 356/356/350
f 359/359/353 360/360/354 358/358/352
f 358/358/352 360/360/354 357/357/351
f 361/361/355 362/362/356 363/363/357
f 363/363/357 362/362/356 364/364/358
f 361/361/355 365/365/359 362/362/356
f 366/366/360 365/365/359 361/361/355
f 366/366/360 367/367/361 365/365/359
f 368/368/362 367/367/361 366/366/360
f 369/369/363 370/370/364 368/368/362
f 368/368/362 370/370/364 367/367/361
f 371/371/365 372/372/366 373/373/367
f 373/373/367 372/372/366 374/374/368
f 371/371/365 375/375/369 372/372/366
f 376/376/370 375/375/369 371/371/365
f 376/376/370 377/377/371 375/375/369
f 378/378/372 377/377/371 376/376/370
f 379/379/373 380/380/374 378/378/372
f 378/378/372 380/380/374 377/377/371
f 381/381/375 382/382/376 383/383/377
f 383/383/377 382/382/376 384/384/378
f 381/381/375 385/385/379 382/382/376
f 386/386/380 385/385/379 381/381/375
f 386/386/380 387/387/381 385/385/379
f 388/388/382 387/387/381 386/386/380
f 389/389/383 390/390/384 388/388/382
f 388/388/382 390/390/384 387/387/381
f 391/391/385 392/392/386 393/393/387
f 393/393/387 392/392/386 394/394/388
f 391/391/385 395/395/389 392/392/386
f 396/396/390 395/395/389 391/391/385
f 396/396/390 397/397/391 395/395/389
f 398/398/392 397/397/391 396/396/390
f 399/399/393 400/400/394 398/398/392
f 398/398/392 400/400/394 397/397/391
f 401/401/395 402/402/396 403/403/397
f 403/403/397 402/402/396 404/404/398
f 401/401/395 405/405/399 402/402/396
f 406/406/400 405/405/399 401/401/395
f 406/406/400 407/407/401 405/405/399
f 408/408/402 407/407/401 406/406/400
f 409/409/403 410/410/404 408/408/402
f 408/408/402 410/410/404 407/407/401
f 411/411/405 412/412/406 413/413/407
f 413/413/407 412/412/406 414/414/408
f 411/411/405 415/415/409 412/412/406
f 416/416/410 415/415/409 411/411/405
f 416/416/410 417/417/411 415/415/409
f 418/418/412 417/417/411 416/416/410
f 419/419/413 420/420/414 418/418/412
f 418/418/412 420/420/414 417/417/411
f 421/421/415 422/422/416 423/423/417
f 423/423/417 422/422/416 424/424/418
f 421/421/415 425/425/419 422/422/416
f 426/426/420 425/425/419 421/421/415
f 426/426/420 427/427/421 425/425/419
f 428/428/422 427/427/421 426/426/420
f 429/429/423 430/430/424 428/428/422
f 428/428/422 430/430/424 427/427/421
f 431/431/425 432/432/426 433/433/427
f 433/433/427 432/432/426 434/434/428
f 431/431/425 435/435/429 432/432/426
f 436/436/430 435/435/429 431/431/425
f 436/436/430 437/437/431 435/435/429
f 438/438/432 437/437/431 436/436/430
f 439/439/433 440/440/434 438/438/432
f 438/438/432 440/440/434 437/437/431
f 441/441/435 442/442/436 443/443/437
f 443/443/437 442/442/436 444/444/438
f 441/441/435 445/445/439 442/442/436
f 446/446/440 445/445/439 441/441/435
f 446/446/440 447/447/441 445/445/439
f 448/448/442 447/447/441 446/446/440
f 449/449/443 450/450/444 448/448/442
f 448/448/442 450/450/444 447/447/441
f 451/451/445 452/452/446 453/453/447
f 453/453/447 452/452/446 454/454/448
f 451/451/445 455/455/449 452/452/446
f 456/456/450 455/455/449 451/451/445
f 456/456/450 457/457/451 455/455/449
f 458/458/452 457/457/451 456/456/450
f 459/459/453 460/460/454 458/458/452
f 458/458/452 460/460/454 457/457/451
f 461/461/455 462/462/456 463/463/457
f 463/463/457 462/462/456 464/464/458
f 461/461/455 465/465/459 462/462/456
f 466/466/460 465/465/459 461/461/455
f 466/466/460 467/467/461 465/465/459
f 468/468/462 467/467/461 466/466/460
f 469/469/463 470/470/464 468/468/462
f 468/468/462 470/470/464 467/467/461
f 471/471/465 472/472/466 473/473/467
f 473/473/467 472/472/466 474/474/468
f 471/471/465 475/475/469 472/472/466
f 476/476/470 475/475/469 471/471/465
f 476/476/470 477/477/471 475/475/469
f 478/478/472 477/477/471 476/476/470
f 479/479/473 480/480/474 478/478/472
f 478/478/472 480/480/474 477/477/471
f 481/481/475 482/482/476 483/483/477
f 483/483/477 482/482/476 484/484/478
f 481/481/475 485/485/479 482/482/476
f 486/486/480 485/485/479 481/481/475
f 486/486/480 487/487/481 485/485/479
f 488/488/482 487/487/481 486/486/480
f 489/489/483 490/490/484 488/488/482
f 488/488/482 490/490/484 487/487/481
f 491/491/485 492/492/486 493/493/487
f 493/493/487 492/492/486 494/494/488
f 491/491/485 495/495/489 492/492/486
f 496/496/490 495/495/489 491/491/485
f 496/496/490 497/497/491 495/495/489
f 498/498/492 497/497/491 496/496/490
f 499/499/493 500/500/494 498/498/492
f 498/498/492 500/500/494 497/497/491
f 501/501/495 502/502/496 503/503/497
f 503/503/497 502/502/496 504/504/498
f 501/501/495 505/505/499 502/502/496
f 506/506/500 505/505/499 501/501/495
f 506/506/500 507/507/501 505/505/499
f 508/508/502 507/507/501 506/506/500
f 509/509/503 510/510/504 508/508/502
f 508/508/502 510/510/504 507/507/501
f 511/511/505 512/512/506 513/513/507
f 513/513/507 512/512/506 514/514/508
f 511/511/505 515/515/509 512/512/506
f 516/516/510 515/515/509 511/511/505
f 516/516/510 517/517/511 515/515/509
f 518/518/512 517/517/511 516/516/510
f 519/519/507 520/520/513 518/518/512
f 518/518/512 520/520/513 517/517/511
f 521/521/514 522/522/515 523/523/516
f 523/523/516 522/522/515 524/524/517
f 521/521/514 525/525/518 522/522/515
f 526/526/519 525/525/518 521/521/514
f 526/526/519 527/527/520 525/525/518
f 528/528/521 527/527/520 526/526/519
f 529/529/522 530/530/523 528/528/521
f 528/528/521 530/530/523 527/527/520
f 531/531/524 532/532/525 533/533/526
f 533/533/526 532/532/525 534/534/527
f 531/531/524 535/535/528 532/532/525
f 536/536/529 535/535/528 531/531/524
f 536/536/529 537/537/530 535/535/528
f 538/538/531 537/537/530 536/536/529
f 539/539/532 540/540/533 538/538/531
f 538/538/531 540/540/533 537/537/530
f 541/541/534 542/542/535 543/543/536
f 543/543/536 542/542/535 544/544/537
f 541/541/534 545/545/538 542/542/535
f 546/546/539 545/545/538 541/541/534
f 546/546/539 547/547/540 545/545/538
f 548/548/541 547/547/540 546/546/539
f 549/549/542 550/550/543 548/548/541
f 548/548/541 550/550/543 547/547/540
f 551/551/544 552/552/545 553/553/546
f 553/553/546 552/552/545 554/554/547
f 551/551/544 555/555/548 552/552/545
f 556/556/549 555/555/548 551/551/544
f 556/556/549 557/557/550 555/555/548
f 558/558/551 557/557/550 556/556/549
f 559/559/552 560/560/553 558/558/551
f 558/558/551 560/560/553 557/557/550
f 561/561/554 562/562/555 563/563/556
f 563/563/556 562/562/555 564/564/557
f 561/561/554 565/565/558 562/562/555
f 566/566/559 565/565/558 561/561/554
f 566/566/559 567/567/560 565/565/558
f 568/568/561 567/567/560 566/566/559
f 569/569/562 570/570/563 568/568/561
f 568/568/561 570/570/563 567/567/560
f 571/571/564 572/572/565 573/573/566
f 573/573/566 572/572/565 574/574/567
f 571/571/564 575/575/568 572/572/565
f 576/576/569 575/575/568 571/571/564
f 576/576/569 577/577/570 575/575/568
f 578/578/571 577/577/570 576/576/569
f 579/579/566 580/580/572 578/578/571
f 578/578/571 580/580/572 577/577/570
f 581/581/573 582/582/574 583/583/575
f 583/583/575 582/582/574 584/584/576
f 581/581/573 585/585/577 582/582/574
f 586/586/578 585/585/577 581/581/573
f 586/586/578 587/587/579 585/585/577
f 588/588/580 587/587/579 586/586/578
f 589/589/581 590/590/582 588/588/580
f 588/588/580 590/590/582 587/587/579
f 591/591/583 592/592/584 593/593/585
f 593/593/585 592/592/584 594/594/586
f 591/591/583 595/595/587 592/592/584
f 596/596/588 595/595/587 591/591/583
f 597/597/589 598/598/590 596/596/588
f 596/596/588 598/598/590 595/595/587
f 597/597/589 599/599/586 598/598/590
f 600/600/591 599/599/586 597/597/589
f 601/601/592 602/602/593 603/603/594
f 603/603/594 602/602/593 604/604/595
f 601/601/592 605/605/596 602/602/593
f 606/606/597 605/605/596 601/601/592
f 607/607/598 608/608/599 606/606/597
f 606/606/597 608/608/599 605/605/596
f 607/607/598 609/609/600 608/608/599
f 610/610/601 609/609/600 607/607/598
f 611/611/602 612/612/603 613/613/604
f 613/613/604 612/612/603 614/614/605
f 611/611/602 615/615/606 612/612/603
f 616/616/607 615/615/606 611/611/602
f 617/617/608 618/618/609 616/616/607
f 616/616/607 618/618/609 615/615/606
f 617/617/608 619/619/610 618/618/609
f 620/620/611 619/619/610 617/617/608
f 621/621/612 622/622/613 623/623/614
f 623/623/614 622/622/613 624/624/615
f 621/621/612 625/625/616 622/622/613
f 626/626/617 625/625/616 621/621/612
f 627/627/618 628/628/619 626/626/617
f 626/626/617 628/628/619 625/625/616
f 627/627/618 629/629/620 628/628/619
f 630/630/621 629/629/620 627/627/618
f 631/631/622 632/632/623 633/633/624
f 633/633/624 632/632/623 634/634/625
f 631/631/622 635/635/626 632/632/623
f 636/636/627 635/635/626 631/631/622
f 637/637/628 638/638/629 636/636/627
f 636/636/627 638/638/629 635/635/626
f 637/637/628 639/639/630 638/638/629
f 640/640/631 639/639/630 637/637/628
f 641/641/632 642/642/633 643/643/634
f 643/643/634 642/642/633 644/644/635
f 641/641/632 645/645/636 642/642/633
f 646/646/637 645/645/636 641/641/632
f 647/647/638 648/648/639 646/646/637
f 646/646/637 648/648/639 645/645/636
f 647/647/638 649/649/640 648/648/639
f 650/650/634 649/649/640 647/647/638
f 651/651/641 652/652/642 653/653/643
f 653/653/643 652/652/642 654/654/644
f 651/651/641 655/655/645 652/652/642
f 656/656/646 655/655/645 651/651/641
f 657/657/647 658/658/648 656/656/646
f 656/656/646 658/658/648 655/655/645
f 657/657/647 659/659/649 658/658/648
f 660/660/650 659/659/649 657/657/647
f 661/661/651 662/662/652 663/663/653
f 663/663/653 662/662/652 664/664/654
f 661/661/651 665/665/655 662/662/652
f 666/666/656 665/665/655 661/661/651
f 667/667/657 668/668/658 666/666/656
f 666/666/656 668/668/658 665/665/655
f 667/667/657 669/669/659 668/668/658
f 670/670/660 669/669/659 667/667/657
f 671/671/661 672/672/662 673/673/663
f 673/673/663 672/672/662 674/674/664
f 671/671/661 675/675/665 672/672/662
f 676/676/666 675/675/665 671/671/661
f 677/677/667 678/678/668 676/676/666
f 676/676/666 678/678/668 675/675/665
f 677/677/667 679/679/669 678/678/668
f 680/680/670 679/679/669 677/677/667
f 681/681/671 682/682/672 683/683/673
f 683/683/673 682/682/672 684/684/674
f 681/681/671 685/685/675 682/682/672
f 686/686/676 685/685/675 681/681/671
f 687/687/677 688/688/678 686/686/676
f 686/686/676 688/688/678 685/685/675
f 687/687/677 689/689/679 688/688/678
f 690/690/680 689/689/679 687/687/677
f 691/691/681 692/692/682 693/693/683
f 693/693/683 692/692/682 694/694/684
f 691/691/681 695/695/685 692/692/682
f 696/696/686 695/695/685 691/691/681
f 697/697/687 698/698/688 696/696/686
f 696/696/686 698/698/688 695/695/685
f 697/697/687 699/699/689 698/698/688
f 700/700/683 699/699/689 697/697/687
f 701/701/690 702/702/691 703/703/692
f 703/703/692 702/702/691 704/704/693
f 701/701/690 705/705/694 702/702/691
f 706/706/695 705/705/694 701/701/690
f 707/707/696 708/708/697 706/706/695
f 706/706/695 708/708/697 705/705/694
f 707/707/696 709/709/698 708/708/697
f 710/710/699 709/709/698 707/707/696
f 711/711/700 712/712/701 713/713/702
f 713/713/702 712/712/701 714/714/703
f 711/711/700 715/715/704 712/712/701
f 716/716/705 715/715/704 711/711/700
f 717/717/706 718/718/707 716/716/705
f 716/716/705 718/718/707 715/715/704
f 717/717/706 719/719/708 718/718/707
f 720/720/709 719/719/708 717/717/706
f 721/721/710 722/722/711 723/723/712
f 723/723/712 722/722/711 724/724/713
f 721/721/710 725/725/714 722/722/711
f 726/726/715 725/725/714 721/721/710
f 727/727/716 728/728/717 726/726/715
f 726/726/715 728/728/717 725/725/714
f 727/727/716 729/729/718 728/728/717
f 730/730/719 729/729/718 727/727/716
f 731/731/720 732/732/721 733/733/722
f 733/733/722 732/732/721 734/734/723
f 731/731/720 735/735/724 732/732/721
f 736/736/725 735/735/724 731/731/720
f 737/737/726 738/738/727 736/736/725
f 736/736/725 738/738/727 735/735/724
f 737/737/726 739/739/728 738/738/727
f 740/740/729 739/739/728 737/737/726
f 741/741/730 742/742/731 743/743/732
f 743/743/732 742/742/731 744/744/733
f 741/741/730 745/745/734 742/742/731
f 746/746/735 745/745/734 741/741/730
f 747/747/736 748/748/737 746/746/735
f 746/746/735 748/748/737 745/745/734
f 747/747/736 749/749/738 748/748/737
f 750/750/739 749/749/738 747/747/736
f 751/751/740 752/752/741 753/753/742
f 753/753/742 752/752/741 754/754/743
f 755/755/744 756/756/745 751/751/740
f 751/751/740 756/756/745 752/752/741
f 755/755/744 757/757/746 756/756/745
f 758/758/747 757/757/746 755/755/744
f 758/758/747 759/759/748 757/757/746
f 760/760/749 759/759/748 758/758/747
f 761/761/750 762/762/751 763/763/752
f 763/763/752 762/762/751 764/764/753
f 765/765/754 766/766/755 761/761/750
f 761/761/750 766/766/755 762/762/751
f 765/765/754 767/767/756 766/766/755
f 768/768/757 767/767/756 765/765/754
f 768/768/757 769/769/758 767/767/756
f 770/770/759 769/769/758 768/768/757
f 771/771/760 772/772/761 773/773/762
f 773/773/762 772/772/761 774/774/763
f 775/775/764 776/776/765 771/771/760
f 771/771/760 776/776/765 772/772/761
f 775/775/764 777/777/766 776/776/765
f 778/778/767 777/777/766 775/775/764
f 778/778/767 779/779/768 777/777/766
f 780/780/769 779/779/768 778/778/767
f 781/781/770 782/782/771 783/783/772
f 783/783/772 782/782/771 784/784/773
f 785/785/774 786/786/775 781/781/770
f 781/781/770 786/786/775 782/782/771
f 785/785/774 787/787/776 786/786/775
f 788/788/777 787/787/776 785/785/774
f 788/788/777 789/789/778 787/787/776
f 790/790/779 789/789/778 788/788/777
f 791/791/780 792/792/781 793/793/782
f 793/793/782 792/792/781 794/794/783
f 795/795/784 796/796/785 791/791/780
f 791/791/780 796/796/785 792/792/781
f 795/795/784 797/797/786 796/796/785
f 798/798/787 797/797/786 795/795/784
f 798/798/787 799/799/788 797/797/786
f 800/800/789 799/799/788 798/798/787
f 801/801/790 802/802/791 803/803/792
f 803/803/792 802/802/791 804/804/793
f 805/805/794 806/806/795 801/801/790
f 801/801/790 806/806/795 802/802/791
f 805/805/794 807/807/796 806/806/795
f 808/808/797 807/807/796 805/805/794
f 808/808/797 809/809/793 807/807/796
f 810/810/798 809/809/793 808/808/797
f 811/811/799 812/812/800 813/813/801
f 813/813/801 812/812/800 814/814/802
f 815/815/803 816/816/804 811/811/799
f 811/811/799 816/816/804 812/812/800
f 815/815/803 817/817/805 816/816/804
f 818/818/806 817/817/805 815/815/803
f 818/818/806 819/819/807 817/817/805
f 820/820/808 819/819/807 818/818/806
f 821/821/809 822/822/810 823/823/811
f 823/823/811 822/822/810 824/824/812
f 825/825/813 826/826/814 821/821/809
f 821/821/809 826/826/814 822/822/810
f 825/825/813 827/827/815 826/826/814
f 828/828/816 827/827/815 825/825/813
f 828/828/816 829/829/817 827/827/815
f 830/830/818 829/829/817 828/828/816
f 831/831/819 832/832/820 833/833/821
f 833/833/821 832/832/820 834/834/822
f 835/835/823 836/836/824 831/831/819
f 831/831/819 836/836/824 832/832/820
f 835/835/823 837/837/825 836/836/824
f 838/838/826 837/837/825 835/835/823
f 838/838/826 839/839/827 837/837/825
f 840/840/828 839/839/827 838/838/826
f 841/841/829 842/842/830 843/843/831
f 843/843/831 842/842/830 844/844/832
f 845/845/833 846/846/834 841/841/829
f 841/841/829 846/846/834 842/842/830
f 845/845/833 847/847/835 846/846/834
f 848/848/836 847/847/835 845/845/833
f 848/848/836 849/849/837 847/847/835
f 850/850/838 849/849/837 848/848/836
f 851/851/839 852/852/840 853/853/841
f 853/853/841 852/852/840 854/854/842
f 855/855/843 856/856/844 851/851/839
f 851/851/839 856/856/844 852/852/840
f 855/855/843 857/857/845 856/856/844
f 858/858/846 857/857/845 855/855/843
f 858/858/846 859/859/842 857/857/845
f 860/860/847 859/859/842 858/858/846
f 861/861/848 862/862/849 863/863/850
f 863/863/850 862/862/849 864/864/851
f 865/865/852 866/866/853 861/861/848
f 861/861/848 866/866/853 862/862/849
f 865/865/852 867/867/854 866/866/853
f 868/868/855 867/867/854 865/865/852
f 868/868/855 869/869/856 867/867/854
f 870/870/850 869/869/856 868/868/855
f 871/871/857 872/872/858 873/873/859
f 873/873/859 872/872/858 874/874/860
f 875/875/861 876/876/862 871/871/857
f 871/871/857 876/876/862 872/872/858
f 875/875/861 877/877/863 876/876/862
f 878/878/864 877/877/863 875/875/861
f 878/878/864 879/879/865 877/877/863
f 880/880/866 879/879/865 878/878/864
f 881/881/867 882/882/868 883/883/869
f 883/883/869 882/882/868 884/884/870
f 885/885/871 886/886/872 881/881/867
f 881/881/867 886/886/872 882/882/868
f 885/885/871 887/887/873 886/886/872
f 888/888/874 887/887/873 885/885/871
f 888/888/874 889/889/875 887/887/873
f 890/890/876 889/889/875 888/888/874
f 891/891/877 892/892/878 893/893/879
f 893/893/879 892/892/878 894/894/880
f 895/895/881 896/896/882 891/891/877
f 891/891/877 896/896/882 892/892/878
f 895/895/881 897/897/883 896/896/882
f 898/898/884 897/897/883 895/895/881
f 898/898/884 899/899/880 897/897/883
f 900/900/885 899/899/880 898/898/884
f 901/901/886 902/902/887 903/903/888
f 903/903/888 902/902/887 904/904/889
f 905/905/890 906/906/891 901/901/886
f 901/901/886 906/906/891 902/902/887
f 905/905/890 907/907/892 906/906/891
f 908/908/893 907/907/892 905/905/890
f 908/908/893 909/909/894 907/907/892
f 910/910/895 909/909/894 908/908/893
f 911/911/896 912/912/897 913/913/898
f 913/913/898 912/912/897 914/914/899
f 911/911/896 915/915/900 912/912/897
f 916/916/901 915/915/900 911/911/896
f 916/916/901 917/917/902 915/915/900
f 918/918/903 917/917/902 916/916/901
f 918/918/903 919/919/904 917/917/902
f 920/920/905 919/919/904 918/918/903
f 921/921/906 922/922/907 923/923/908
f 923/923/908 922/922/907 924/924/909
f 921/921/906 925/925/910 922/922/907
f 926/926/911 925/925/910 921/921/906
f 926/926/911 927/927/912 925/925/910
f 928/928/913 927/927/912 926/926/911
f 928/928/913 929/929/914 927/927/912
f 930/930/915 929/929/914 928/928/913
f 931/931/916 932/932/917 933/933/918
f 933/933/918 932/932/917 934/934/919
f 931/931/916 935/935/920 932/932/917
f 936/936/921 935/935/920 931/931/916
f 936/936/921 937/937/922 935/935/920
f 938/938/923 937/937/922 936/936/921
f 938/938/923 939/939/924 937/937/922
f 940/940/925 939/939/924 938/938/923
f 941/941/926 942/942/927 943/943/928
f 943/943/928 942/942/927 944/944/929
f 941/941/926 945/945/930 942/942/927
f 946/946/931 945/945/930 941/941/926
f 946/946/931 947/947/932 945/945/930
f 948/948/933 947/947/932 946/946/931
f 948/948/933 949/949/934 947/947/932
f 950/950/935 949/949/934 948/948/933
f 951/951/936 952/952/937 953/953/938
f 953/953/938 952/952/937 954/954/939
f 951/951/936 955/955/940 952/952/937
f 956/956/941 955/955/940 951/951/936
f 956/956/941 957/957/942 955/955/940
f 958/958/943 957/957/942 956/956/941
f 958/958/943 959/959/944 957/957/942
f 960/960/945 959/959/944 958/958/943
f 961/961/946 962/962/947 963/963/948
f 963/963/948 962/962/947 964/964/949
f 961/961/946 965/965/950 962/962/947
f 966/966/951 965/965/950 961/961/946
f 966/966/951 967/967/952 965/965/950
f 968/968/953 967/967/952 966/966/951
f 968/968/953 969/969/954 967/967/952
f 970/970/955 969/969/954 968/968/953
f 971/971/956 972/972/957 973/973/958
f 973/973/958 972/972/957 974/974/959
f 971/971/956 975/975/960 972/972/957
f 976/976/961 975/975/960 971/971/956
f 976/976/961 977/977/962 975/975/960
f 978/978/963 977/977/962 976/976/961
f 978/978/963 979/979/964 977/977/962
f 980/980/965 979/979/964 978/978/963
f 981/981/966 982/982/967 983/983/968
f 983/983/968 982/982/967 984/984/969
f 981/981/966 985/985/970 982/982/967
f 986/986/971 985/985/970 981/981/966
f 986/986/971 987/987/972 985/985/970
f 988/988/973 987/987/972 986/986/971
f 988/988/973 989/989/974 987/987/972
f 990/990/975 989/989/974 988/988/973
f 991/991/976 992/992/977 993/993/978
f 993/993/978 992/992/977 994/994/979
f 991/991/976 995/995/980 992/992/977
f 996/996/981 995/995/980 991/991/976
f 996/996/981 997/997/982 995/995/980
f 998/998/983 997/997/982 996/996/981
f 999/999/984 1000/1000/979 998/998/983
f 998/998/983 1000/1000/979 997/997/982
f 1001/1001/985 1002/1002/986 1003/1003/987
f 1003/1003/987 1002/1002/986 1004/1004/988
f 1001/1001/985 1005/1005/989 1002/1002/986
f 1006/1006/990 1005/1005/989 1001/1001/985
f 1006/1006/990 1007/1007/991 1005/1005/989
f 1008/1008/992 1007/1007/991 1006/1006/990
f 1009/1009/993 1010/1010/994 1008/1008/992
f 1008/1008/992 1010/1010/994 1007/1007/991
f 1011/1011/995 1012/1012/996 1013/1013/997
f 1013/1013/997 1012/1012/996 1014/1014/998
f 1011/1011/995 1015/1015/999 1012/1012/996
f 1016/1016/1000 1015/1015/999 1011/1011/995
f 1016/1016/1000 1017/1017/1001 1015/1015/999
f 1018/1018/1002 1017/1017/1001 1016/1016/1000
f 1019/1019/1003 1020/1020/1004 1018/1018/1002
f 1018/1018/1002 1020/1020/1004 1017/1017/1001
f 1021/1021/1005 1022/1022/1006 1023/1023/1007
f 1023/1023/1007 1022/1022/1006 1024/1024/1008
f 1021/1021/1005 1025/1025/1009 1022/1022/1006
f 1026/1026/1010 1025/1025/1009 1021/1021/1005
f 1026/1026/1010 1027/1027/1011 1025/1025/1009
f 1028/1028/1012 1027/1027/1011 1026/1026/1010
f 1029/1029/1013 1030/1030/1014 1028/1028/1012
f 1028/1028/1012 1030/1030/1014 1027/1027/1011
f 1031/1031/1015 1032/1032/1016 1033/1033/1017
f 1033/1033/1017 1032/1032/1016 1034/1034/1018
f 1031/1031/1015 1035/1035/1019 1032/1032/1016
f 1036/1036/1020 1035/1035/1019 1031/1031/1015
f 1036/1036/1020 1037/1037/1021 1035/1035/1019
f 1038/1038/1022 1037/1037/1021 1036/1036/1020
f 1039/1039/1023 1040/1040/1024 1038/1038/1022
f 1038/1038/1022 1040/1040/1024 1037/1037/1021
f 1041/1041/1025 1042/1042/1026 1043/1043/1027
f 1043/1043/1027 1042/1042/1026 1044/1044/1028
f 1041/1041/1025 1045/1045/1029 1042/1042/1026
f 1046/1046/1030 1045/1045/1029 1041/1041/1025
f 1046/1046/1030 1047/1047/1031 1045/1045/1029
f 1048/1048/1032 1047/1047/1031 1046/1046/1030
f 1049/1049/1033 1050/1050/1034 1048/1048/1032
f 1048/1048/1032 1050/1050/1034 1047/1047/1031
f 1051/1051/1035 1052/1052/1036 1053/1053/1037
f 1053/1053/1037 1052/1052/1036 1054/1054/1038
f 1051/1051/1035 1055/1055/1039 1052/1052/1036
f 1056/1056/1040 1055/1055/1039 1051/1051/1035
f 1056/1056/1040 1057/1057/1041 1055/1055/1039
f 1058/1058/1042 1057/1057/1041 1056/1056/1040
f 1059/1059/1043 1060/1060/1044 1058/1058/1042
f 1058/1058/1042 1060/1060/1044 1057/1057/1041
f 1061/1061/1045 1062/1062/1046 1063/1063/1047
f 1063/1063/1047 1062/1062/1046 1064/1064/1048
f 1061/1061/1045 1065/1065/1049 1062/1062/1046
f 1066/1066/1050 1065/1065/1049 1061/1061/1045
f 1066/1066/1050 1067/1067/1051 1065/1065/1049
f 1068/1068/1052 1067/1067/1051 1066/1066/1050
f 1069/1069/1053 1070/1070/1054 1068/1068/1052
f 1068/1068/1052 1070/1070/1054 1067/1067/1051
f 1071/1071/1055 1072/1072/1056 1073/1073/1057
f 1073/1073/1057 1072/1072/1056 1074/1074/1058
f 1071/1071/1055 1075/1075/1059 1072/1072/1056
f 1076/1076/1060 1075/1075/1059 1071/1071/1055
f 1076/1076/1060 1077/1077/1061 1075/1075/1059
f 1078/1078/1062 1077/1077/1061 1076/1076/1060
f 1079/1079/1063 1080/1080/1064 1078/1078/1062
f 1078/1078/1062 1080/1080/1064 1077/1077/1061
f 1081/1081/1065 1082/1082/1066 1083/1083/1067
f 1083/1083/1067 1082/1082/1066 1084/1084/1068
f 1081/1081/1065 1085/1085/1069 1082/1082/1066
f 1086/1086/1070 1085/1085/1069 1081/1081/1065
f 1086/1086/1070 1087/1087/1071 1085/1085/1069
f 1088/1088/1072 1087/1087/1071 1086/1086/1070
f 1089/1089/1073 1090/1090/1074 1088/1088/1072
f 1088/1088/1072 1090/1090/1074 1087/1087/1071
f 1091/1091/1075 1092/1092/1076 1093/1093/1077
f 1093/1093/1077 1092/1092/1076 1094/1094/1078
f 1091/1091/1075 1095/1095/1079 1092/1092/1076
f 1096/1096/1080 1095/1095/1079 1091/1091/1075
f 1096/1096/1080 1097/1097/1081 1095/1095/1079
f 1098/1098/1082 1097/1097/1081 1096/1096/1080
f 1099/1099/1083 1100/1100/1084 1098/1098/1082
f 1098/1098/1082 1100/1100/1084 1097/1097/1081
f 1101/1101/1085 1102/1102/1086 1103/1103/1087
f 1103/1103/1087 1102/1102/1086 1104/1104/1088
f 1101/1101/1085 1105/1105/1089 1102/1102/1086
f 1106/1106/1090 1105/1105/1089 1101/1101/1085
f 1106/1106/1090 1107/1107/1091 1105/1105/1089
f 1108/1108/1092 1107/1107/1091 1106/1106/1090
f 1109/1109/1093 1110/1110/1094 1108/1108/1092
f 1108/1108/1092 1110/1110/1094 1107/1107/1091
f 1111/1111/1095 1112/1112/1096 1113/1113/1097
f 1113/1113/1097 1112/1112/1096 1114/1114/1098
f 1111/1111/1095 1115/1115/1099 1112/1112/1096
f 1116/1116/1100 1115/1115/1099 1111/1111/1095
f 1116/1116/1100 1117/1117/1101 1115/1115/1099
f 1118/1118/1102 1117/1117/1101 1116/1116/1100
f 1119/1119/1103 1120/1120/1104 1118/1118/1102
f 1118/1118/1102 1120/1120/1104 1117/1117/1101
f 1121/1121/1105 1122/1122/1106 1123/1123/1107
f 1123/1123/1107 1122/1122/1106 1124/1124/1108
f 1121/1121/1105 1125/1125/1109 1122/1122/1106
f 1126/1126/1110 1125/1125/1109 1121/1121/1105
f 1126/1126/1110 1127/1127/1111 1125/1125/1109
f 1128/1128/1112 1127/1127/1111 1126/1126/1110
f 1129/1129/1113 1130/1130/1114 1128/1128/1112
f 1128/1128/1112 1130/1130/1114 1127/1127/1111
f 1131/1131/1115 1132/1132/1116 1133/1133/1117
f 1133/1133/1117 1132/1132/1116 1134/1134/1118
f 1131/1131/1115 1135/1135/1119 1132/1132/1116
f 1136/1136/1120 1135/1135/1119 1131/1131/1115
f 1136/1136/1120 1137/1137/1121 1135/1135/1119
f 1138/1138/1122 1137/1137/1121 1136/1136/1120
f 1139/1139/1123 1140/1140/1124 1138/1138/1122
f 1138/1138/1122 1140/1140/1124 1137/1137/1121
f 1141/1141/1125 1142/1142/1126 1143/1143/1127
f 1143/1143/1127 1142/1142/1126 1144/1144/1128
f 1141/1141/1125 1145/1145/1129 1142/1142/1126
f 1146/1146/1130 1145/1145/1129 1141/1141/1125
f 1146/1146/1130 1147/1147/1131 1145/1145/1129
f 1148/1148/1132 1147/1147/1131 1146/1146/1130
f 1149/1149/1133 1150/1150/1134 1148/1148/1132
f 1148/1148/1132 1150/1150/1134 1147/1147/1131
f 1151/1151/1135 1152/1152/1136 1153/1153/1137
f 1153/1153/1137 1152/1152/1136 1154/1154/1138
f 1151/1151/1135 1155/1155/1139 1152/1152/1136
f 1156/1156/1140 1155/1155/1139 1151/1151/1135
f 1156/1156/1140 1157/1157/1141 1155/1155/1139
f 1158/1158/1142 1157/1157/1141 1156/1156/1140
f 1159/1159/1143 1160/1160/1144 1158/1158/1142
f 1158/1158/1142 1160/1160/1144 1157/1157/1141
f 1161/1161/1145 1162/1162/1146 1163/1163/1147
f 1163/1163/1147 1162/1162/1146 1164/1164/1148
f 1161/1161/1145 1165/1165/1149 1162/1162/1146
f 1166/1166/1150 1165/1165/1149 1161/1161/1145
f 1166/1166/1150 1167/1167/1151 1165/1165/1149
f 1168/1168/1152 1167/1167/1151 1166/1166/1150
f 1169/1169/1153 1170/1170/1154 1168/1168/1152
f 1168/1168/1152 1170/1170/1154 1167/1167/1151
f 1171/1171/1155 1172/1172/1156 1173/1173/1157
f 1173/1173/1157 1172/1172/1156 1174/1174/1158
f 1171/1171/1155 1175/1175/1159 1172/1172/1156
f 1176/1176/1160 1175/1175/1159 1171/1171/1155
f 1176/1176/1160 1177/1177/1161 1175/1175/1159
f 1178/1178/1162 1177/1177/1161 1176/1176/1160
f 1179/1179/1157 1180/1180/1163 1178/1178/1162
f 1178/1178/1162 1180/1180/1163 1177/1177/1161
f 1181/1181/1164 1182/1182/1165 1183/1183/1166
f 1183/1183/1166 1182/1182/1165 1184/1184/1167
f 1181/1181/1164 1185/1185/1168 1182/1182/1165
f 1186/1186/1169 1185/1185/1168 1181/1181/1164
f 1186/1186/1169 1187/1187/1170 1185/1185/1168
f 1188/1188/1171 1187/1187/1170 1186/1186/1169
f 1189/1189/1172 1190/1190/1173 1188/1188/1171
f 1188/1188/1171 1190/1190/1173 1187/1187/1170
f 1191/1191/1174 1192/1192/1175 1193/1193/1176
f 1193/1193/1176 1192/1192/1175 1194/1194/1177
f 1191/1191/1174 1195/1195/1178 1192/1192/1175
f 1196/1196/1179 1195/1195/1178 1191/1191/1174
f 1196/1196/1179 1197/1197/1180 1195/1195/1178
f 1198/1198/1181 1197/1197/1180 1196/1196/1179
f 1199/1199/1182 1200/1200/1177 1198/1198/1181
f 1198/1198/1181 1200/1200/1177 1197/1197/1180
f 1201/1201/1183 1202/1202/1184 1203/1203/1185
f 1203/1203/1185 1202/1202/1184 1204/1204/1186
f 1201/1201/1183 1205/1205/1187 1202/1202/1184
f 1206/1206/1188 1205/1205/1187 1201/1201/1183
f 1206/1206/1188 1207/1207/1189 1205/1205/1187
f 1208/1208/1190 1207/1207/1189 1206/1206/1188
f 1209/1209/1191 1210/1210/1192 1208/1208/1190
f 1208/1208/1190 1210/1210/1192 1207/1207/1189
f 1211/1211/1193 1212/1212/1194 1213/1213/1195
f 1213/1213/1195 1212/1212/1194 1214/1214/1196
f 1211/1211/1193 1215/1215/1197 1212/1212/1194
f 1216/1216/1198 1215/1215/1197 1211/1211/1193
f 1216/1216/1198 1217/1217/1199 1215/1215/1197
f 1218/1218/1200 1217/1217/1199 1216/1216/1198
f 1219/1219/1201 1220/1220/1202 1218/1218/1200
f 1218/1218/1200 1220/1220/1202 1217/1217/1199
f 1221/1221/1203 1222/1222/1204 1223/1223/1205
f 1223/1223/1205 1222/1222/1204 1224/1224/1206
f 1221/1221/1203 1225/1225/1207 1222/1222/1204
f 1226/1226/1208 1225/1225/1207 1221/1221/1203
f 1227/1227/1209 1228/1228/1210 1226/1226/1208
f 1226/1226/1208 1228/1228/1210 1225/1225/1207
f 1227/1227/1209 1229/1229/1211 1228/1228/1210
f 1230/1230/1212 1229/1229/1211 1227/1227/1209
f 1231/1231/1213 1232/1232/1214 1233/1233/1215
f 1233/1233/1215 1232/1232/1214 1234/1234/1216
f 1235/1235/1217 1236/1236/1218 1231/1231/1213
f 1231/1231/1213 1236/1236/1218 1232/1232/1214
f 1235/1235/1217 1237/1237/1219 1236/1236/1218
f 1238/1238/1220 1237/1237/1219 1235/1235/1217
f 1238/1238/1220 1239/1239/1221 1237/1237/1219
f 1240/1240/1222 1239/1239/1221 1238/1238/1220
f 1241/1241/1223 1242/1242/1224 1243/1243/1225
f 1243/1243/1225 1242/1242/1224 1244/1244/1226
f 1241/1241/1223 1245/1245/1227 1242/1242/1224
f 1246/1246/1228 1245/1245/1227 1241/1241/1223
f 1247/1247/1229 1248/1248/1230 1246/1246/1228
f 1246/1246/1228 1248/1248/1230 1245/1245/1227
f 1247/1247/1229 1249/1249/1231 1248/1248/1230
f 1250/1250/1232 1249/1249/1231 1247/1247/1229
f 1251/1251/1233 1252/1252/1234 1253/1253/1235
f 1253/1253/1235 1252/1252/1234 1254/1254/1236
f 1255/1255/1237 1256/1256/1238 1251/1251/1233
f 1251/1251/1233 1256/1256/1238 1252/1252/1234
f 1255/1255/1237 1257/1257/1239 1256/1256/1238
f 1258/1258/1240 1257/1257/1239 1255/1255/1237
f 1258/1258/1240 1259/1259/1241 1257/1257/1239
f 1260/1260/1242 1259/1259/1241 1258/1258/1240
f 1261/1261/1243 1262/1262/1244 1263/1263/1245
f 1263/1263/1245 1262/1262/1244 1264/1264/1246
f 1261/1261/1243 1265/1265/1247 1262/1262/1244
f 1266/1266/1248 1265/1265/1247 1261/1261/1243
f 1267/1267/1249 1268/1268/1250 1266/1266/1248
f 1266/1266/1248 1268/1268/1250 1265/1265/1247
f 1267/1267/1249 1269/1269/1251 1268/1268/1250
f 1270/1270/1252 1269/1269/1251 1267/1267/1249
f 1271/1271/1253 1272/1272/1254 1273/1273/1255
f 1273/1273/1255 1272/1272/1254 1274/1274/1256
f 1271/1271/1253 1275/1275/1257 1272/1272/1254
f 1276/1276/1258 1275/1275/1257 1271/1271/1253
f 1276/1276/1258 1277/1277/1259 1275/1275/1257
f 1278/1278/1260 1277/1277/1259 1276/1276/1258
f 1279/1279/1261 1280/1280/1262 1278/1278/1260
f 1278/1278/1260 1280/1280/1262 1277/1277/1259
f 1281/1281/1263 1282/1282/1264 1283/1283/1265
f 1283/1283/1265 1282/1282/1264 1284/1284/1266
f 1281/1281/1263 1285/1285/1267 1282/1282/1264
f 1286/1286/1268 1285/1285/1267 1281/1281/1263
f 1287/1287/1269 1288/1288/1270 1286/1286/1268
f 1286/1286/1268 1288/1288/1270 1285/1285/1267
f 1287/1287/1269 1289/1289/1271 1288/1288/1270
f 1290/1290/1272 1289/1289/1271 1287/1287/1269
f 1291/1291/1273 1292/1292/1274 1293/1293/1275
f 1293/1293/1275 1292/1292/1274 1294/1294/1276
f 1291/1291/1273 1295/1295/1277 1292/1292/1274
f 1296/1296/1278 1295/1295/1277 1291/1291/1273
f 1296/1296/1278 1297/1297/1279 1295/1295/1277
f 1298/1298/1280 1297/1297/1279 1296/1296/1278
f 1298/1298/1280 1299/1299/1281 1297/1297/1279
f 1300/1300/1282 1299/1299/1281 1298/1298/1280
f 1301/1301/1283 1302/1302/1284 1303/1303/1285
f 1303/1303/1285 1302/1302/1284 1304/1304/1286
f 1305/1305/1287 1306/1306/1288 1301/1301/1283
f 1301/1301/1283 1306/1306/1288 1302/1302/1284
f 1305/1305/1287 1307/1307/1289 1306/1306/1288
f 1308/1308/1290 1307/1307/1289 1305/1305/1287
f 1308/1308/1290 1309/1309/1291 1307/1307/1289
f 1310/1310/1292 1309/1309/1291 1308/1308/1290
f 1311/1311/1293 1312/1312/1294 1313/1313/1295
f 1313/1313/1295 1312/1312/1294 1314/1314/1296
f 1311/1311/1293 1315/1315/1297 1312/1312/1294
f 1316/1316/1298 1315/1315/1297 1311/1311/1293
f 1317/1317/1299 1318/1318/1300 1316/1316/1298
f 1316/1316/1298 1318/1318/1300 1315/1315/1297
f 1317/1317/1299 1319/1319/1301 1318/1318/1300
f 1320/1320/1302 1319/1319/1301 1317/1317/1299
f 1321/1321/1303 1322/1322/1304 1323/1323/1305
f 1323/1323/1305 1322/1322/1304 1324/1324/1306
f 1321/1321/1303 1325/1325/1307 1322/1322/1304
f 1326/1326/1308 1325/1325/1307 1321/1321/1303
f 1326/1326/1308 1327/1327/1309 1325/1325/1307
f 1328/1328/1310 1327/1327/1309 1326/1326/1308
f 1329/1329/1311 1330/1330/1312 1328/1328/1310
f 1328/1328/1310 1330/1330/1312 1327/1327/1309
f 1331/1331/1313 1332/1332/1314 1333/1333/1315
f 1333/1333/1315 1332/1332/1314 1334/1334/1316
f 1331/1331/1313 1335/1335/1317 1332/1332/1314
f 1336/1336/1318 1335/1335/1317 1331/1331/1313
f 1337/1337/1319 1338/1338/1320 1336/1336/1318
f 1336/1336/1318 1338/1338/1320 1335/1335/1317
f 1337/1337/1319 1339/1339/1321 1338/1338/1320
f 1340/1340/1322 1339/1339/1321 1337/1337/1319
f 1341/1341/1323 1342/1342/1324 1343/1343/1325
f 1343/1343/1325 1342/1342/1324 1344/1344/1326
f 1341/1341/1323 1345/1345/1327 1342/1342/1324
f 1346/1346/1328 1345/1345/1327 1341/1341/1323
f 1346/1346/1328 1347/1347/1329 1345/1345/1327
f 1348/1348/1330 1347/1347/1329 1346/1346/1328
f 1348/1348/1330 1349/1349/1331 1347/1347/1329
f 1350/1350/1332 1349/1349/1331 1348/1348/1330
f 1351/1351/1333 1352/1352/1334 1353/1353/1335
f 1353/1353/1335 1352/1352/1334 1354/1354/1336
f 1355/1355/1337 1356/1356/1338 1351/1351/1333
f 1351/1351/1333 1356/1356/1338 1352/1352/1334
f 1355/1355/1337 1357/1357/1339 1356/1356/1338
f 1358/1358/1340 1357/1357/1339 1355/1355/1337
f 1358/1358/1340 1359/1359/1341 1357/1357/1339
f 1360/1360/1342 1359/1359/1341 1358/1358/1340
f 1361/1361/1343 1362/1362/1344 1363/1363/1345
f 1363/1363/1345 1362/1362/1344 1364/1364/1346
f 1361/1361/1343 1365/1365/1347 1362/1362/1344
f 1366/1366/1348 1365/1365/1347 1361/1361/1343
f 1367/1367/1349 1368/1368/1350 1366/1366/1348
f 1366/1366/1348 1368/1368/1350 1365/1365/1347
f 1367/1367/1349 1369/1369/1351 1368/1368/1350
f 1370/1370/1352 1369/1369/1351 1367/1367/1349
f 1371/1371/1353 1372/1372/1354 1373/1373/1355
f 1373/1373/1355 1372/1372/1354 1374/1374/1356
f 1371/1371/1353 1375/1375/1357 1372/1372/1354
f 1376/1376/1358 1375/1375/1357 1371/1371/1353
f 1376/1376/1358 1377/1377/1359 1375/1375/1357
f 1378/1378/1360 1377/1377/1359 1376/1376/1358
f 1379/1379/1361 1380/1380/1362 1378/1378/1360
f 1378/1378/1360 1380/1380/1362 1377/1377/1359
f 1381/1381/1363 1382/1382/1364 1383/1383/1365
f 1383/1383/1365 1382/1382/1364 1384/1384/1366
f 1381/1381/1363 1385/1385/1367 1382/1382/1364
f 1386/1386/1368 1385/1385/1367 1381/1381/1363
f 1387/1387/1369 1388/1388/1370 1386/1386/1368
f 1386/1386/1368 1388/1388/1370 1385/1385/1367
f 1387/1387/1369 1389/1389/1371 1388/1388/1370
f 1390/1390/1372 1389/1389/1371 1387/1387/1369
f 1391/1391/1373 1392/1392/1374 1393/1393/1375
f 1393/1393/1375 1392/1392/1374 1394/1394/1376
f 1391/1391/1373 1395/1395/1377 1392/1392/1374
f 1396/1396/1378 1395/1395/1377 1391/1391/1373
f 1396/1396/1378 1397/1397/1379 1395/1395/1377
f 1398/1398/1380 1397/1397/1379 1396/1396/1378
f 1398/1398/1380 1399/1399/1381 1397/1397/1379
f 1400/1400/1382 1399/1399/1381 1398/1398/1380
f 1401/1401/1383 1402/1402/1384 1403/1403/1385
f 1403/1403/1385 1402/1402/1384 1404/1404/1386
f 1405/1405/1387 1406/1406/1388 1401/1401/1383
f 1401/1401/1383 1406/1406/1388 1402/1402/1384
f 1405/1405/1387 1407/1407/1389 1406/1406/1388
f 1408/1408/1390 1407/1407/1389 1405/1405/1387
f 1408/1408/1390 1409/1409/1391 1407/1407/1389
f 1410/1410/1392 1409/1409/1391 1408/1408/1390
f 1411/1411/1393 1412/1412/1394 1413/1413/1395
f 1413/1413/1395 1412/1412/1394 1414/1414/1396
f 1411/1411/1393 1415/1415/1397 1412/1412/1394
f 1416/1416/1398 1415/1415/1397 1411/1411/1393
f 1417/1417/1399 1418/1418/1400 1416/1416/1398
f 1416/1416/1398 1418/1418/1400 1415/1415/1397
f 1417/1417/1399 1419/1419/1401 1418/1418/1400
f 1420/1420/1402 1419/1419/1401 1417/1417/1399
f 1421/1421/1403 1422/1422/1404 1423/1423/1405
f 1423/1423/1405 1422/1422/1404 1424/1424/1406
f 1421/1421/1403 1425/1425/1407 1422/1422/1404
f 1426/1426/1408 1425/1425/1407 1421/1421/1403
f 1426/1426/1408 1427/1427/1409 1425/1425/1407
f 1428/1428/1410 1427/1427/1409 1426/1426/1408
f 1429/1429/1411 1430/1430/1412 1428/1428/1410
f 1428/1428/1410 1430/1430/1412 1427/1427/1409
f 1431/1431/1413 1432/1432/1414 1433/1433/1415
f 1433/1433/1415 1432/1432/1414 1434/1434/1416
f 1431/1431/1413 1435/1435/1417 1432/1432/1414
f 1436/1436/1418 1435/1435/1417 1431/1431/1413
f 1437/1437/1419 1438/1438/1420 1436/1436/1418
f 1436/1436/1418 1438/1438/1420 1435/1435/1417
f 1437/1437/1419 1439/1439/1421 1438/1438/1420
f 1440/1440/1422 1439/1439/1421 1437/1437/1419
f 1441/1441/1423 1442/1442/1424 1443/1443/1425
f 1443/1443/1425 1442/1442/1424 1444/1444/1426
f 1441/1441/1423 1445/1445/1427 1442/1442/1424
f 1446/1446/1428 1445/1445/1427 1441/1441/1423
f 1446/1446/1428 1447/1447/1429 1445/1445/1427
f 1448/1448/1430 1447/1447/1429 1446/1446/1428
f 1448/1448/1430 1449/1449/1431 1447/1447/1429
f 1450/1450/1432 1449/1449/1431 1448/1448/1430
f 1451/1451/1433 1452/1452/1434 1453/1453/1435
f 1453/1453/1435 1452/1452/1434 1454/1454/1436
f 1455/1455/1437 1456/1456/1438 1451/1451/1433
f 1451/1451/1433 1456/1456/1438 1452/1452/1434
f 1455/1455/1437 1457/1457/1439 1456/1456/1438
f 1458/1458/1440 1457/1457/1439 1455/1455/1437
f 1458/1458/1440 1459/1459/1441 1457/1457/1439
f 1460/1460/1442 1459/1459/1441 1458/1458/1440
f 1461/1461/1443 1462/1462/1444 1463/1463/1445
f 1463/1463/1445 1462/1462/1444 1464/1464/1446
f 1461/1461/1443 1465/1465/1447 1462/1462/1444
f 1466/1466/1448 1465/1465/1447 1461/1461/1443
f 1467/1467/1449 1468/1468/1450 1466/1466/1448
f 1466/1466/1448 1468/1468/1450 1465/1465/1447
f 1467/1467/1449 1469/1469/1451 1468/1468/1450
f 1470/1470/1445 1469/1469/1451 1467/1467/1449
f 1471/1471/1452 1472/1472/1453 1473/1473/1454
f 1473/1473/1454 1472/1472/1453 1474/1474/1455
f 1471/1471/1452 1475/1475/1456 1472/1472/1453
f 1476/1476/1457 1475/1475/1456 1471/1471/1452
f 1476/1476/1457 1477/1477/1458 1475/1475/1456
f 1478/1478/1459 1477/1477/1458 1476/1476/1457
f 1479/1479/1460 1480/1480/1461 1478/1478/1459
f 1478/1478/1459 1480/1480/1461 1477/1477/1458
f 1481/1481/1462 1482/1482/1463 1483/1483/1464
f 1483/1483/1464 1482/1482/1463 1484/1484/1465
f 1481/1481/1462 1485/1485/1466 1482/1482/1463
f 1486/1486/1467 1485/1485/1466 1481/1481/1462
f 1487/1487/1468 1488/1488/1469 1486/1486/1467
f 1486/1486/1467 1488/1488/1469 1485/1485/1466
f 1487/1487/1468 1489/1489/1470 1488/1488/1469
f 1490/1490/1471 1489/1489/1470 1487/1487/1468
f 1491/1491/1472 1492/1492/1473 1493/1493/1474
f 1493/1493/1474 1492/1492/1473 1494/1494/1475
f 1491/1491/1472 1495/1495/1476 1492/1492/1473
f 1496/1496/1477 1495/1495/1476 1491/1491/1472
f 1496/1496/1477 1497/1497/1478 1495/1495/1476
f 1498/1498/1479 1497/1497/1478 1496/1496/1477
f 1498/1498/1479 1499/1499/1480 1497/1497/1478
f 1500/1500/1481 1499/1499/1480 1498/1498/1479
f 1501/1501/1482 1502/1502/1483 1503/1503/1484
f 1503/1503/1484 1502/1502/1483 1504/1504/1485
f 1505/1505/1486 1506/1506/1487 1501/1501/1482
f 1501/1501/1482 1506/1506/1487 1502/1502/1483
f 1505/1505/1486 1507/1507/1488 1506/1506/1487
f 1508/1508/1489 1507/1507/1488 1505/1505/1486
f 1508/1508/1489 1509/1509/1490 1507/1507/1488
f 1510/1510/1491 1509/1509/1490 1508/1508/1489
f 1511/1511/1492 1512/1512/1493 1513/1513/1494
f 1513/1513/1494 1512/1512/1493 1514/1514/1495
f 1511/1511/1492 1515/1515/1496 1512/1512/1493
f 1516/1516/1497 1515/1515/1496 1511/1511/1492
f 1517/1517/1498 1518/1518/1499 1516/1516/1497
f 1516/1516/1497 1518/1518/1499 1515/1515/1496
f 1517/1517/1498 1519/1519/1500 1518/1518/1499
f 1520/1520/1501 1519/1519/1500 1517/1517/1498
f 1521/1521/1502 1522/1522/1503 1523/1523/1504
f 1523/1523/1504 1522/1522/1503 1524/1524/1505
f 1521/1521/1502 1525/1525/1506 1522/1522/1503
f 1526/1526/1507 1525/1525/1506 1521/1521/1502
f 1526/1526/1507 1527/1527/1508 1525/1525/1506
f 1528/1528/1509 1527/1527/1508 1526/1526/1507
f 1529/1529/1510 1530/1530/1511 1528/1528/1509
f 1528/1528/1509 1530/1530/1511 1527/1527/1508
f 1531/1531/1512 1532/1532/1513 1533/1533/1514
f 1533/1533/1514 1532/1532/1513 1534/1534/1515
f 1531/1531/1512 1535/1535/1516 1532/1532/1513
f 1536/1536/1517 1535/1535/1516 1531/1531/1512
f 1537/1537/1518 1538/1538/1519 1536/1536/1517
f 1536/1536/1517 1538/1538/1519 1535/1535/1516
f 1537/1537/1518 1539/1539/1520 1538/1538/1519
f 1540/1540/1521 1539/1539/1520 1537/1537/1518
f 1541/1541/1522 1542/1542/1523 1543/1543/1524
f 1543/1543/1524 1542/1542/1523 1544/1544/1525
f 1541/1541/1522 1545/1545/1526 1542/1542/1523
f 1546/1546/1527 1545/1545/1526 1541/1541/1522
f 1546/1546/1527 1547/1547/1528 1545/1545/1526
f 1548/1548/1529 1547/1547/1528 1546/1546/1527
f 1548/1548/1529 1549/1549/1530 1547/1547/1528
f 1550/1550/1531 1549/1549/1530 1548/1548/1529
f 1551/1551/1532 1552/1552/1533 1553/1553/1534
f 1553/1553/1534 1552/1552/1533 1554/1554/1535
f 1555/1555/1536 1556/1556/1537 1551/1551/1532
f 1551/1551/1532 1556/1556/1537 1552/1552/1533
f 1555/1555/1536 1557/1557/1538 1556/1556/1537
f 1558/1558/1539 1557/1557/1538 1555/1555/1536
f 1558/1558/1539 1559/1559/1540 1557/1557/1538
f 1560/1560/1541 1559/1559/1540 1558/1558/1539
f 1561/1561/1542 1562/1562/1543 1563/1563/1544
f 1563/1563/1544 1562/1562/1543 1564/1564/1545
f 1561/1561/1542 1565/1565/1546 1562/1562/1543
f 1566/1566/1547 1565/1565/1546 1561/1561/1542
f 1567/1567/1548 1568/1568/1549 1566/1566/1547
f 1566/1566/1547 1568/1568/1549 1565/1565/1546
f 1567/1567/1548 1569/1569/1550 1568/1568/1549
f 1570/1570/1551 1569/1569/1550 1567/1567/1548
f 1571/1571/1552 1572/1572/1553 1573/1573/1554
f 1573/1573/1554 1572/1572/1553 1574/1574/1555
f 1571/1571/1552 1575/1575/1556 1572/1572/1553
f 1576/1576/1557 1575/1575/1556 1571/1571/1552
f 1576/1576/1557 1577/1577/1558 1575/1575/1556
f 1578/1578/1559 1577/1577/1558 1576/1576/1557
f 1579/1579/1560 1580/1580/1561 1578/1578/1559
f 1578/1578/1559 1580/1580/1561 1577/1577/1558
f 1581/1581/1562 1582/1582/1563 1583/1583/1564
f 1583/1583/1564 1582/1582/1563 1584/1584/1565
f 1581/1581/1562 1585/1585/1566 1582/1582/1563
f 1586/1586/1567 1585/1585/1566 1581/1581/1562
f 1587/1587/1568 1588/1588/1569 1586/1586/1567
f 1586/1586/1567 1588/1588/1569 1585/1585/1566
f 1587/1587/1568 1589/1589/1570 1588/1588/1569
f 1590/1590/1571 1589/1589/1570 1587/1587/1568
f 1591/1591/1572 1592/1592/1573 1593/1593/1574
f 1593/1593/1574 1592/1592/1573 1594/1594/1575
f 1591/1591/1572 1595/1595/1576 1592/1592/1573
f 1596/1596/1577 1595/1595/1576 1591/1591/1572
f 1596/1596/1577 1597/1597/1578 1595/1595/1576
f 1598/1598/1579 1597/1597/1578 1596/1596/1577
f 1598/1598/1579 1599/1599/1580 1597/1597/1578
f 1600/1600/1581 1599/1599/1580 1598/1598/1579
f 1601/1601/1582 1602/1602/1583 1603/1603/1584
f 1603/1603/1584 1602/1602/1583 1604/1604/1585
f 1605/1605/1586 1606/1606/1587 1601/1601/1582
f 1601/1601/1582 1606/1606/1587 1602/1602/1583
f 1605/1605/1586 1607/1607/1588 1606/1606/1587
f 1608/1608/1589 1607/1607/1588 1605/1605/1586
f 1608/1608/1589 1609/1609/1590 1607/1607/1588
f 1610/1610/1591 1609/1609/1590 1608/1608/1589
f 1611/1611/1592 1612/1612/1593 1613/1613/1594
f 1613/1613/1594 1612/1612/1593 1614/1614/1595
f 1611/1611/1592 1615/1615/1596 1612/1612/1593
f 1616/1616/1597 1615/1615/1596 1611/1611/1592
f 1617/1617/1598 1618/1618/1599 1616/1616/1597
f 1616/1616/1597 1618/1618/1599 1615/1615/1596
f 1617/1617/1598 1619/1619/1600 1618/1618/1599
f 1620/1620/1601 1619/1619/1600 1617/1617/1598
f 1621/1621/1602 1622/1622/1603 1623/1623/1604
f 1623/1623/1604 1622/1622/1603 1624/1624/1605
f 1621/1621/1602 1625/1625/1606 1622/1622/1603
f 1626/1626/1607 1625/1625/1606 1621/1621/1602
f 1626/1626/1607 1627/1627/1608 1625/1625/1606
f 1628/1628/1609 1627/1627/1608 1626/1626/1607
f 1629/1629/1610 1630/1630/1605 1628/1628/1609
f 1628/1628/1609 1630/1630/1605 1627/1627/1608
f 1631/1631/1611 1632/1632/1612 1633/1633/1613
f 1633/1633/1613 1632/1632/1612 1634/1634/1614
f 1631/1631/1611 1635/1635/1615 1632/1632/1612
f 1636/1636/1616 1635/1635/1615 1631/1631/1611
f 1637/1637/1617 1638/1638/1618 1636/1636/1616
f 1636/1636/1616 1638/1638/1618 1635/1635/1615
f 1637/1637/1617 1639/1639/1619 1638/1638/1618
f 1640/1640/1620 1639/1639/1619 1637/1637/1617
f 1641/1641/1621 1642/1642/1622 1643/1643/1623
f 1643/1643/1623 1642/1642/1622 1644/1644/1624
f 1641/1641/1621 1645/1645/1625 1642/1642/1622
f 1646/1646/1626 1645/1645/1625 1641/1641/1621
f 1646/1646/1626 1647/1647/1627 1645/1645/1625
f 1648/1648/1628 1647/1647/1627 1646/1646/1626
f 1648/1648/1628 1649/1649/1629 1647/1647/1627
f 1650/1650/1630 1649/1649/1629 1648/1648/1628
f 1651/1651/1631 1652/1652/1632 1653/1653/4
f 1653/1653/4 1652/1652/1632 1654/1654/1633
f 1655/1655/1634 1656/1656/1635 1651/1651/1631
f 1651/1651/1631 1656/1656/1635 1652/1652/1632
f 1655/1655/1634 1657/1657/1636 1656/1656/1635
f 1658/1658/1637 1657/1657/1636 1655/1655/1634
f 1658/1658/1637 1659/1659/1638 1657/1657/1636
f 1660/1660/4 1659/1659/1638 1658/1658/1637
f 1652/1652/1632 1661/1661/98 1654/1654/1633
f 1654/1654/1633 1661/1661/98 1662/1662/1639
f 1652/1652/1632 1663/1663/1640 1661/1661/98
f 1656/1656/1635 1663/1663/1640 1652/1652/1632
f 1657/1657/1636 1664/1664/1641 1656/1656/1635
f 1656/1656/1635 1664/1664/1641 1663/1663/1640
f 1657/1657/1636 1665/1665/100 1664/1664/1641
f 1659/1659/1638 1665/1665/100 1657/1657/1636
f 1666/1666/1642 1667/1667/1643 1668/1668/1644
f 1668/1668/1644 1667/1667/1643 1669/1669/1645
f 1666/1666/1642 1670/1670/1646 1667/1667/1643
f 1671/1671/1647 1670/1670/1646 1666/1666/1642
f 1671/1671/1647 1672/1672/1648 1670/1670/1646
f 1673/1673/1649 1672/1672/1648 1671/1671/1647
f 1674/1674/14 1675/1675/1650 1673/1673/1649
f 1673/1673/1649 1675/1675/1650 1672/1672/1648
f 1667/1667/1643 1676/1676/1651 1669/1669/1645
f 1669/1669/1645 1676/1676/1651 1677/1677/1652
f 1667/1667/1643 1678/1678/1653 1676/1676/1651
f 1670/1670/1646 1678/1678/1653 1667/1667/1643
f 1672/1672/1648 1679/1679/1654 1670/1670/1646
f 1670/1670/1646 1679/1679/1654 1678/1678/1653
f 1672/1672/1648 1680/1680/30 1679/1679/1654
f 1675/1675/1650 1680/1680/30 1672/1672/1648
f 1681/1681/1655 1682/1682/1656 1683/1683/1657
f 1683/1683/1657 1682/1682/1656 1684/1684/1658
f 1681/1681/1655 1685/1685/1659 1682/1682/1656
f 1686/1686/1660 1685/1685/1659 1681/1681/1655
f 1686/1686/1660 1687/1687/1661 1685/1685/1659
f 1688/1688/1662 1687/1687/1661 1686/1686/1660
f 1688/1688/1662 1689/1689/1658 1687/1687/1661
f 1690/1690/1663 1689/1689/1658 1688/1688/1662
f 1682/1682/1656 1691/1691/1664 1684/1684/1658
f 1684/1684/1658 1691/1691/1664 1692/1692/33
f 1685/1685/1659 1693/1693/1665 1682/1682/1656
f 1682/1682/1656 1693/1693/1665 1691/1691/1664
f 1685/1685/1659 1694/1694/1666 1693/1693/1665
f 1687/1687/1661 1694/1694/1666 1685/1685/1659
f 1687/1687/1661 1695/1695/33 1694/1694/1666
f 1689/1689/1658 1695/1695/33 1687/1687/1661
f 1696/1696/1667 1697/1697/1668 1698/1698/1669
f 1698/1698/1669 1697/1697/1668 1699/1699/1670
f 1696/1696/1667 1700/1700/1671 1697/1697/1668
f 1701/1701/1672 1700/1700/1671 1696/1696/1667
f 1702/1702/1673 1703/1703/1674 1701/1701/1672
f 1701/1701/1672 1703/1703/1674 1700/1700/1671
f 1702/1702/1673 1704/1704/1675 1703/1703/1674
f 1705/1705/1676 1704/1704/1675 1702/1702/1673
f 1697/1697/1668 1706/1706/1677 1699/1699/1670
f 1699/1699/1670 1706/1706/1677 1707/1707/1678
f 1697/1697/1668 1708/1708/1679 1706/1706/1677
f 1700/1700/1671 1708/1708/1679 1697/1697/1668
f 1700/1700/1671 1709/1709/1680 1708/1708/1679
f 1703/1703/1674 1709/1709/1680 1700/1700/1671
f 1704/1704/1675 1710/1710/1681 1703/1703/1674
f 1703/1703/1674 1710/1710/1681 1709/1709/1680
f 1711/1711/1682 1712/1712/1683 1713/1713/1684
f 1713/1713/1684 1712/1712/1683 1714/1714/1685
f 1711/1711/1682 1715/1715/1686 1712/1712/1683
f 1716/1716/1687 1715/1715/1686 1711/1711/1682
f 1717/1717/1688 1718/1718/1689 1716/1716/1687
f 1716/1716/1687 1718/1718/1689 1715/1715/1686
f 1717/1717/1688 1719/1719/1690 1718/1718/1689
f 1720/1720/1691 1719/1719/1690 1717/1717/1688
f 1712/1712/1683 1721/1721/1692 1714/1714/1685
f 1714/1714/1685 1721/1721/1692 1722/1722/1693
f 1712/1712/1683 1723/1723/1694 1721/1721/1692
f 1715/1715/1686 1723/1723/1694 1712/1712/1683
f 1715/1715/1686 1724/1724/1695 1723/1723/1694
f 1718/1718/1689 1724/1724/1695 1715/1715/1686
f 1718/1718/1689 1725/1725/1696 1724/1724/1695
f 1719/1719/1690 1725/1725/1696 1718/1718/1689
f 1721/1721/1692 1726/1726/1697 1722/1722/1693
f 1722/1722/1693 1726/1726/1697 1727/1727/1698
f 1723/1723/1694 1728/1728/1699 1721/1721/1692
f 1721/1721/1692 1728/1728/1699 1726/1726/1697
f 1723/1723/1694 1729/1729/1700 1728/1728/1699
f 1724/1724/1695 1729/1729/1700 1723/1723/1694
f 1724/1724/1695 1730/1730/1701 1729/1729/1700
f 1725/1725/1696 1730/1730/1701 1724/1724/1695
f 1731/1731/1702 1732/1732/1703 1733/1733/1704
f 1733/1733/1704 1732/1732/1703 1734/1734/1705
f 1731/1731/1702 1735/1735/1706 1732/1732/1703
f 1736/1736/1707 1735/1735/1706 1731/1731/1702
f 1737/1737/1708 1738/1738/1709 1736/1736/1707
f 1736/1736/1707 1738/1738/1709 1735/1735/1706
f 1737/1737/1708 1739/1739/1710 1738/1738/1709
f 1740/1740/1711 1739/1739/1710 1737/1737/1708
f 1732/1732/1703 1741/1741/60 1734/1734/1705
f 1734/1734/1705 1741/1741/60 1742/1742/1712
f 1732/1732/1703 1743/1743/1713 1741/1741/60
f 1735/1735/1706 1743/1743/1713 1732/1732/1703
f 1735/1735/1706 1744/1744/1714 1743/1743/1713
f 1738/1738/1709 1744/1744/1714 1735/1735/1706
f 1739/1739/1710 1745/1745/69 1738/1738/1709
f 1738/1738/1709 1745/1745/69 1744/1744/1714
f 1746/1746/1715 1747/1747/1716 1748/1748/1717
f 1748/1748/1717 1747/1747/1716 1749/1749/1718
f 1746/1746/1715 1750/1750/1719 1747/1747/1716
f 1751/1751/1720 1750/1750/1719 1746/1746/1715
f 1752/1752/1721 1753/1753/1722 1751/1751/1720
f 1751/1751/1720 1753/1753/1722 1750/1750/1719
f 1752/1752/1721 1754/1754/1723 1753/1753/1722
f 1755/1755/1717 1754/1754/1723 1752/1752/1721
f 1747/1747/1716 1756/1756/1724 1749/1749/1718
f 1749/1749/1718 1756/1756/1724 1757/1757/1725
f 1747/1747/1716 1758/1758/1726 1756/1756/1724
f 1750/1750/1719 1758/1758/1726 1747/1747/1716
f 1750/1750/1719 1759/1759/1727 1758/1758/1726
f 1753/1753/1722 1759/1759/1727 1750/1750/1719
f 1753/1753/1722 1760/1760/1728 1759/1759/1727
f 1754/1754/1723 1760/1760/1728 1753/1753/1722
f 1761/1761/1729 1762/1762/1730 1763/1763/1731
f 1763/1763/1731 1762/1762/1730 1764/1764/1732
f 1765/1765/1733 1766/1766/1734 1761/1761/1729
f 1761/1761/1729 1766/1766/1734 1762/1762/1730
f 1765/1765/1733 1767/1767/1735 1766/1766/1734
f 1768/1768/1736 1767/1767/1735 1765/1765/1733
f 1768/1768/1736 1769/1769/1737 1767/1767/1735
f 1770/1770/1738 1769/1769/1737 1768/1768/1736
f 1762/1762/1730 1771/1771/1739 1764/1764/1732
f 1764/1764/1732 1771/1771/1739 1772/1772/1740
f 1762/1762/1730 1773/1773/1741 1771/1771/1739
f 1766/1766/1734 1773/1773/1741 1762/1762/1730
f 1767/1767/1735 1774/1774/1742 1766/1766/1734
f 1766/1766/1734 1774/1774/1742 1773/1773/1741
f 1767/1767/1735 1775/1775/81 1774/1774/1742
f 1769/1769/1737 1775/1775/81 1767/1767/1735
f 1776/1776/1743 1777/1777/1744 1778/1778/1745
f 1778/1778/1745 1777/1777/1744 1779/1779/1746
f 1776/1776/1743 1780/1780/1747 1777/1777/1744
f 1781/1781/1748 1780/1780/1747 1776/1776/1743
f 1781/1781/1748 1782/1782/1749 1780/1780/1747
f 1783/1783/1750 1782/1782/1749 1781/1781/1748
f 1784/1784/1751 1785/1785/1752 1783/1783/1750
f 1783/1783/1750 1785/1785/1752 1782/1782/1749
f 1786/1786/1753 1787/1787/1754 1788/1788/1755
f 1788/1788/1755 1787/1787/1754 1789/1789/1756
f 1786/1786/1753 1790/1790/92 1787/1787/1754
f 1791/1791/1757 1790/1790/92 1786/1786/1753
f 1792/1792/1758 1793/1793/1759 1791/1791/1757
f 1791/1791/1757 1793/1793/1759 1790/1790/92
f 1792/1792/1758 1794/1794/1760 1793/1793/1759
f 1795/1795/1761 1794/1794/1760 1792/1792/1758
f 1796/1796/1762 1797/1797/1763 1798/1798/1764
f 1798/1798/1764 1797/1797/1763 1799/1799/1765
f 1796/1796/1762 1800/1800/1766 1797/1797/1763
f 1801/1801/1767 1800/1800/1766 1796/1796/1762
f 1801/1801/1767 1802/1802/1768 1800/1800/1766
f 1803/1803/94 1802/1802/1768 1801/1801/1767
f 1803/1803/94 1804/1804/1769 1802/1802/1768
f 1805/1805/1770 1804/1804/1769 1803/1803/94
f 1797/1797/1763 1806/1806/1771 1799/1799/1765
f 1799/1799/1765 1806/1806/1771 1807/1807/1772
f 1800/1800/1766 1808/1808/1773 1797/1797/1763
f 1797/1797/1763 1808/1808/1773 1806/1806/1771
f 1800/1800/1766 1809/1809/1774 1808/1808/1773
f 1802/1802/1768 1809/1809/1774 1800/1800/1766
f 1802/1802/1768 1810/1810/1775 1809/1809/1774
f 1804/1804/1769 1810/1810/1775 1802/1802/1768
f 1811/1811/1776 1812/1812/1777 1813/1813/1778
f 1813/1813/1778 1812/1812/1777 1814/1814/1779
f 1811/1811/1776 1815/1815/1780 1812/1812/1777
f 1816/1816/1781 1815/1815/1780 1811/1811/1776
f 1817/1817/1782 1818/1818/1783 1816/1816/1781
f 1816/1816/1781 1818/1818/1783 1815/1815/1780
f 1817/1817/1782 1819/1819/1779 1818/1818/1783
f 1820/1820/1784 1819/1819/1779 1817/1817/1782
f 1812/1812/1777 1821/1821/1785 1814/1814/1779
f 1814/1814/1779 1821/1821/1785 1822/1822/1786
f 1812/1812/1777 1823/1823/1787 1821/1821/1785
f 1815/1815/1780 1823/1823/1787 1812/1812/1777
f 1815/1815/1780 1824/1824/175 1823/1823/1787
f 1818/1818/1783 1824/1824/175 1815/1815/1780
f 1819/1819/1779 1825/1825/1788 1818/1818/1783
f 1818/1818/1783 1825/1825/1788 1824/1824/175
f 1826/1826/1789 1827/1827/1790 1828/1828/1791
f 1828/1828/1791 1827/1827/1790 1829/1829/1792
f 1826/1826/1789 1830/1830/1793 1827/1827/1790
f 1831/1831/1794 1830/1830/1793 1826/1826/1789
f 1832/1832/1795 1833/1833/1796 1831/1831/1794
f 1831/1831/1794 1833/1833/1796 1830/1830/1793
f 1832/1832/1795 1834/1834/1797 1833/1833/1796
f 1835/1835/1798 1834/1834/1797 1832/1832/1795
f 1827/1827/1790 1836/1836/118 1829/1829/1792
f 1829/1829/1792 1836/1836/118 1837/1837/1799
f 1827/1827/1790 1838/1838/1800 1836/1836/118
f 1830/1830/1793 1838/1838/1800 1827/1827/1790
f 1830/1830/1793 1839/1839/1801 1838/1838/1800
f 1833/1833/1796 1839/1839/1801 1830/1830/1793
f 1833/1833/1796 1840/1840/1802 1839/1839/1801
f 1834/1834/1797 1840/1840/1802 1833/1833/1796
f 1841/1841/1803 1842/1842/1804 1843/1843/1805
f 1843/1843/1805 1842/1842/1804 1844/1844/1806
f 1845/1845/1807 1846/1846/1808 1841/1841/1803
f 1841/1841/1803 1846/1846/1808 1842/1842/1804
f 1845/1845/1807 1847/1847/1809 1846/1846/1808
f 1848/1848/1810 1847/1847/1809 1845/1845/1807
f 1848/1848/1810 1849/1849/1811 1847/1847/1809
f 1850/1850/1812 1849/1849/1811 1848/1848/1810
f 1842/1842/1804 1851/1851/1813 1844/1844/1806
f 1844/1844/1806 1851/1851/1813 1852/1852/137
f 1842/1842/1804 1853/1853/1814 1851/1851/1813
f 1846/1846/1808 1853/1853/1814 1842/1842/1804
f 1847/1847/1809 1854/1854/1815 1846/1846/1808
f 1846/1846/1808 1854/1854/1815 1853/1853/1814
f 1847/1847/1809 1855/1855/1816 1854/1854/1815
f 1849/1849/1811 1855/1855/1816 1847/1847/1809
f 1856/1856/1817 1857/1857/1818 1858/1858/1819
f 1858/1858/1819 1857/1857/1818 1859/1859/1820
f 1856/1856/1817 1860/1860/1821 1857/1857/1818
f 1861/1861/1822 1860/1860/1821 1856/1856/1817
f 1861/1861/1822 1862/1862/1823 1860/1860/1821
f 1863/1863/1824 1862/1862/1823 1861/1861/1822
f 1864/1864/1825 1865/1865/1826 1863/1863/1824
f 1863/1863/1824 1865/1865/1826 1862/1862/1823
f 1866/1866/1827 1867/1867/1828 1868/1868/1829
f 1868/1868/1829 1867/1867/1828 1869/1869/1830
f 1866/1866/1827 1870/1870/1831 1867/1867/1828
f 1871/1871/1832 1870/1870/1831 1866/1866/1827
f 1872/1872/1833 1873/1873/1834 1871/1871/1832
f 1871/1871/1832 1873/1873/1834 1870/1870/1831
f 1872/1872/1833 1874/1874/1835 1873/1873/1834
f 1875/1875/1836 1874/1874/1835 1872/1872/1833
f 1876/1876/1837 1877/1877/1838 1878/1878/1839
f 1878/1878/1839 1877/1877/1838 1879/1879/1840
f 1876/1876/1837 1880/1880/1841 1877/1877/1838
f 1881/1881/1842 1880/1880/1841 1876/1876/1837
f 1881/1881/1842 1882/1882/1843 1880/1880/1841
f 1883/1883/144 1882/1882/1843 1881/1881/1842
f 1883/1883/144 1884/1884/1844 1882/1882/1843
f 1885/1885/1845 1884/1884/1844 1883/1883/144
f 1877/1877/1838 1886/1886/1846 1879/1879/1840
f 1879/1879/1840 1886/1886/1846 1887/1887/1847
f 1880/1880/1841 1888/1888/1848 1877/1877/1838
f 1877/1877/1838 1888/1888/1848 1886/1886/1846
f 1880/1880/1841 1889/1889/1849 1888/1888/1848
f 1882/1882/1843 1889/1889/1849 1880/1880/1841
f 1882/1882/1843 1890/1890/1850 1889/1889/1849
f 1884/1884/1844 1890/1890/1850 1882/1882/1843
f 1891/1891/1851 1892/1892/1852 1893/1893/1853
f 1893/1893/1853 1892/1892/1852 1894/1894/1854
f 1891/1891/1851 1895/1895/1855 1892/1892/1852
f 1896/1896/1856 1895/1895/1855 1891/1891/1851
f 1897/1897/1857 1898/1898/1858 1896/1896/1856
f 1896/1896/1856 1898/1898/1858 1895/1895/1855
f 1897/1897/1857 1899/1899/1859 1898/1898/1858
f 1900/1900/1860 1899/1899/1859 1897/1897/1857
f 1901/1901/1861 1902/1902/1862 1903/1903/1863
f 1903/1903/1863 1902/1902/1862 1904/1904/1864
f 1901/1901/1861 1905/1905/1865 1902/1902/1862
f 1906/1906/1866 1905/1905/1865 1901/1901/1861
f 1906/1906/1866 1907/1907/1867 1905/1905/1865
f 1908/1908/1858 1907/1907/1867 1906/1906/1866
f 1909/1909/1868 1910/1910/1869 1908/1908/1858
f 1908/1908/1858 1910/1910/1869 1907/1907/1867
f 1911/1911/1870 1912/1912/1871 1913/1913/1872
f 1913/1913/1872 1912/1912/1871 1914/1914/1873
f 1911/1911/1870 1915/1915/1874 1912/1912/1871
f 1916/1916/1875 1915/1915/1874 1911/1911/1870
f 1917/1917/1876 1918/1918/1877 1916/1916/1875
f 1916/1916/1875 1918/1918/1877 1915/1915/1874
f 1917/1917/1876 1919/1919/1878 1918/1918/1877
f 1920/1920/1879 1919/1919/1878 1917/1917/1876
f 1912/1912/1871 1921/1921/1880 1914/1914/1873
f 1914/1914/1873 1921/1921/1880 1922/1922/1881
f 1912/1912/1871 1923/1923/1882 1921/1921/1880
f 1915/1915/1874 1923/1923/1882 1912/1912/1871
f 1915/1915/1874 1924/1924/1883 1923/1923/1882
f 1918/1918/1877 1924/1924/1883 1915/1915/1874
f 1918/1918/1877 1925/1925/1884 1924/1924/1883
f 1919/1919/1878 1925/1925/1884 1918/1918/1877
f 1926/1926/1885 1927/1927/1886 1928/1928/1887
f 1928/1928/1887 1927/1927/1886 1929/1929/1888
f 1930/1930/173 1931/1931/1889 1926/1926/1885
f 1926/1926/1885 1931/1931/1889 1927/1927/1886
f 1930/1930/173 1932/1932/1890 1931/1931/1889
f 1933/1933/1891 1932/1932/1890 1930/1930/173
f 1933/1933/1891 1934/1934/1892 1932/1932/1890
f 1935/1935/1893 1934/1934/1892 1933/1933/1891
f 1927/1927/1886 1936/1936/266 1929/1929/1888
f 1929/1929/1888 1936/1936/266 1937/1937/1894
f 1927/1927/1886 1938/1938/1895 1936/1936/266
f 1931/1931/1889 1938/1938/1895 1927/1927/1886
f 1932/1932/1890 1939/1939/1896 1931/1931/1889
f 1931/1931/1889 1939/1939/1896 1938/1938/1895
f 1932/1932/1890 1940/1940/1897 1939/1939/1896
f 1934/1934/1892 1940/1940/1897 1932/1932/1890
f 1941/1941/1898 1942/1942/1899 1943/1943/1900
f 1943/1943/1900 1942/1942/1899 1944/1944/1901
f 1941/1941/1898 1945/1945/1902 1942/1942/1899
f 1946/1946/1903 1945/1945/1902 1941/1941/1898
f 1946/1946/1903 1947/1947/1904 1945/1945/1902
f 1948/1948/1905 1947/1947/1904 1946/1946/1903
f 1949/1949/1906 1950/1950/1907 1948/1948/1905
f 1948/1948/1905 1950/1950/1907 1947/1947/1904
f 1951/1951/1908 1952/1952/1909 1953/1953/1907
f 1953/1953/1907 1952/1952/1909 1954/1954/189
f 1951/1951/1908 1955/1955/1910 1952/1952/1909
f 1956/1956/1911 1955/1955/1910 1951/1951/1908
f 1957/1957/1912 1958/1958/1913 1956/1956/1911
f 1956/1956/1911 1958/1958/1913 1955/1955/1910
f 1957/1957/1912 1959/1959/1914 1958/1958/1913
f 1960/1960/1915 1959/1959/1914 1957/1957/1912
f 1961/1961/1916 1962/1962/1917 1963/1963/1918
f 1963/1963/1918 1962/1962/1917 1964/1964/1919
f 1961/1961/1916 1965/1965/1920 1962/1962/1917
f 1966/1966/1921 1965/1965/1920 1961/1961/1916
f 1966/1966/1921 1967/1967/1922 1965/1965/1920
f 1968/1968/1923 1967/1967/1922 1966/1966/1921
f 1968/1968/1923 1969/1969/1924 1967/1967/1922
f 1970/1970/195 1969/1969/1924 1968/1968/1923
f 1962/1962/1917 1971/1971/197 1964/1964/1919
f 1964/1964/1919 1971/1971/197 1972/1972/1925
f 1965/1965/1920 1973/1973/201 1962/1962/1917
f 1962/1962/1917 1973/1973/201 1971/1971/197
f 1965/1965/1920 1974/1974/204 1973/1973/201
f 1967/1967/1922 1974/1974/204 1965/1965/1920
f 1967/1967/1922 1975/1975/1926 1974/1974/204
f 1969/1969/1924 1975/1975/1926 1967/1967/1922
f 1976/1976/1927 1977/1977/1928 1978/1978/200
f 1978/1978/200 1977/1977/1928 1979/1979/1929
f 1976/1976/1927 1980/1980/1930 1977/1977/1928
f 1981/1981/1931 1980/1980/1930 1976/1976/1927
f 1982/1982/1932 1983/1983/1933 1981/1981/1931
f 1981/1981/1931 1983/1983/1933 1980/1980/1930
f 1982/1982/1932 1984/1984/1934 1983/1983/1933
f 1985/1985/1935 1984/1984/1934 1982/1982/1932
f 1977/1977/1928 1986/1986/1936 1979/1979/1929
f 1979/1979/1929 1986/1986/1936 1987/1987/1937
f 1977/1977/1928 1988/1988/1938 1986/1986/1936
f 1980/1980/1930 1988/1988/1938 1977/1977/1928
f 1980/1980/1930 1989/1989/1939 1988/1988/1938
f 1983/1983/1933 1989/1989/1939 1980/1980/1930
f 1984/1984/1934 1990/1990/1940 1983/1983/1933
f 1983/1983/1933 1990/1990/1940 1989/1989/1939
f 1991/1991/1941 1992/1992/1942 1993/1993/1943
f 1993/1993/1943 1992/1992/1942 1994/1994/1944
f 1991/1991/1941 1995/1995/1945 1992/1992/1942
f 1996/1996/1946 1995/1995/1945 1991/1991/1941
f 1997/1997/1947 1998/1998/1948 1996/1996/1946
f 1996/1996/1946 1998/1998/1948 1995/1995/1945
f 1997/1997/1947 1999/1999/1949 1998/1998/1948
f 2000/2000/1950 1999/1999/1949 1997/1997/1947
f 1992/1992/1942 2001/2001/1951 1994/1994/1944
f 1994/1994/1944 2001/2001/1951 2002/2002/1952
f 1992/1992/1942 2003/2003/1953 2001/2001/1951
f 1995/1995/1945 2003/2003/1953 1992/1992/1942
f 1995/1995/1945 2004/2004/1954 2003/2003/1953
f 1998/1998/1948 2004/2004/1954 1995/1995/1945
f 1998/1998/1948 2005/2005/1955 2004/2004/1954
f 1999/1999/1949 2005/2005/1955 1998/1998/1948
f 2006/2006/1956 2007/2007/1957 2008/2008/1958
f 2008/2008/1958 2007/2007/1957 2009/2009/1959
f 2010/2010/1960 2011/2011/1961 2006/2006/1956
f 2006/2006/1956 2011/2011/1961 2007/2007/1957
f 2010/2010/1960 2012/2012/1962 2011/2011/1961
f 2013/2013/222 2012/2012/1962 2010/2010/1960
f 2013/2013/222 2014/2014/1963 2012/2012/1962
f 2015/2015/1964 2014/2014/1963 2013/2013/222
f 2007/2007/1957 2016/2016/1965 2009/2009/1959
f 2009/2009/1959 2016/2016/1965 2017/2017/1966
f 2007/2007/1957 2018/2018/1967 2016/2016/1965
f 2011/2011/1961 2018/2018/1967 2007/2007/1957
f 2012/2012/1962 2019/2019/1968 2011/2011/1961
f 2011/2011/1961 2019/2019/1968 2018/2018/1967
f 2012/2012/1962 2020/2020/1969 2019/2019/1968
f 2014/2014/1963 2020/2020/1969 2012/2012/1962
f 2021/2021/1970 2022/2022/1971 2023/2023/1972
f 2023/2023/1972 2022/2022/1971 2024/2024/1973
f 2021/2021/1970 2025/2025/1974 2022/2022/1971
f 2026/2026/1975 2025/2025/1974 2021/2021/1970
f 2026/2026/1975 2027/2027/1976 2025/2025/1974
f 2028/2028/1977 2027/2027/1976 2026/2026/1975
f 2029/2029/1978 2030/2030/1979 2028/2028/1977
f 2028/2028/1977 2030/2030/1979 2027/2027/1976
f 2022/2022/1971 2031/2031/1980 2024/2024/1973
f 2024/2024/1973 2031/2031/1980 2032/2032/1981
f 2022/2022/1971 2033/2033/1982 2031/2031/1980
f 2025/2025/1974 2033/2033/1982 2022/2022/1971
f 2027/2027/1976 2034/2034/1983 2025/2025/1974
f 2025/2025/1974 2034/2034/1983 2033/2033/1982
f 2027/2027/1976 2035/2035/1984 2034/2034/1983
f 2030/2030/1979 2035/2035/1984 2027/2027/1976
f 2036/2036/1985 2037/2037/1986 2038/2038/239
f 2038/2038/239 2037/2037/1986 2039/2039/1987
f 2036/2036/1985 2040/2040/1988 2037/2037/1986
f 2041/2041/241 2040/2040/1988 2036/2036/1985
f 2041/2041/241 2042/2042/1989 2040/2040/1988
f 2043/2043/1990 2042/2042/1989 2041/2041/241
f 2043/2043/1990 2044/2044/1991 2042/2042/1989
f 2045/2045/1992 2044/2044/1991 2043/2043/1990
f 2046/2046/1986 2047/2047/1993 2048/2048/1991
f 2048/2048/1991 2047/2047/1993 2049/2049/248
f 2050/2050/1994 2051/2051/1995 2046/2046/1986
f 2046/2046/1986 2051/2051/1995 2047/2047/1993
f 2050/2050/1994 2052/2052/1996 2051/2051/1995
f 2053/2053/1997 2052/2052/1996 2050/2050/1994
f 2053/2053/1997 2054/2054/248 2052/2052/1996
f 2055/2055/1998 2054/2054/248 2053/2053/1997
f 2056/2056/1999 2057/2057/2000 2058/2058/2001
f 2058/2058/2001 2057/2057/2000 2059/2059/2002
f 2056/2056/1999 2060/2060/2003 2057/2057/2000
f 2061/2061/251 2060/2060/2003 2056/2056/1999
f 2062/2062/2004 2063/2063/2005 2061/2061/251
f 2061/2061/251 2063/2063/2005 2060/2060/2003
f 2062/2062/2004 2064/2064/2006 2063/2063/2005
f 2065/2065/2007 2064/2064/2006 2062/2062/2004
f 2057/2057/2000 2066/2066/2008 2059/2059/2002
f 2059/2059/2002 2066/2066/2008 2067/2067/2009
f 2057/2057/2000 2068/2068/2010 2066/2066/2008
f 2060/2060/2003 2068/2068/2010 2057/2057/2000
f 2060/2060/2003 2069/2069/2011 2068/2068/2010
f 2063/2063/2005 2069/2069/2011 2060/2060/2003
f 2064/2064/2006 2070/2070/258 2063/2063/2005
f 2063/2063/2005 2070/2070/258 2069/2069/2011
f 2071/2071/2012 2072/2072/2013 2073/2073/2014
f 2073/2073/2014 2072/2072/2013 2074/2074/2015
f 2071/2071/2012 2075/2075/2016 2072/2072/2013
f 2076/2076/2017 2075/2075/2016 2071/2071/2012
f 2077/2077/2018 2078/2078/2019 2076/2076/2017
f 2076/2076/2017 2078/2078/2019 2075/2075/2016
f 2077/2077/2018 2079/2079/2020 2078/2078/2019
f 2080/2080/2021 2079/2079/2020 2077/2077/2018
f 2081/2081/2022 2082/2082/2023 2083/2083/2024
f 2083/2083/2024 2082/2082/2023 2084/2084/2025
f 2081/2081/2022 2085/2085/2026 2082/2082/2023
f 2086/2086/2027 2085/2085/2026 2081/2081/2022
f 2086/2086/2027 2087/2087/2028 2085/2085/2026
f 2088/2088/2029 2087/2087/2028 2086/2086/2027
f 2088/2088/2029 2089/2089/2030 2087/2087/2028
f 2090/2090/2031 2089/2089/2030 2088/2088/2029
f 2091/2091/2032 2092/2092/2033 2093/2093/2034
f 2093/2093/2034 2092/2092/2033 2094/2094/2035
f 2095/2095/271 2096/2096/2036 2091/2091/2032
f 2091/2091/2032 2096/2096/2036 2092/2092/2033
f 2095/2095/271 2097/2097/2037 2096/2096/2036
f 2098/2098/2038 2097/2097/2037 2095/2095/271
f 2098/2098/2038 2099/2099/2035 2097/2097/2037
f 2100/2100/2039 2099/2099/2035 2098/2098/2038
f 2101/2101/2040 2102/2102/2041 2103/2103/2042
f 2103/2103/2042 2102/2102/2041 2104/2104/417
f 2101/2101/2040 2105/2105/2043 2102/2102/2041
f 2106/2106/2044 2105/2105/2043 2101/2101/2040
f 2107/2107/2045 2108/2108/2046 2106/2106/2044
f 2106/2106/2044 2108/2108/2046 2105/2105/2043
f 2107/2107/2045 2109/2109/2047 2108/2108/2046
f 2110/2110/2035 2109/2109/2047 2107/2107/2045
f 2111/2111/2048 2112/2112/2049 2113/2113/2050
f 2113/2113/2050 2112/2112/2049 2114/2114/2051
f 2111/2111/2048 2115/2115/2052 2112/2112/2049
f 2116/2116/2053 2115/2115/2052 2111/2111/2048
f 2116/2116/2053 2117/2117/2054 2115/2115/2052
f 2118/2118/2055 2117/2117/2054 2116/2116/2053
f 2119/2119/2056 2120/2120/2057 2118/2118/2055
f 2118/2118/2055 2120/2120/2057 2117/2117/2054
f 2121/2121/2049 2122/2122/2058 2123/2123/2059
f 2123/2123/2059 2122/2122/2058 2124/2124/2060
f 2121/2121/2049 2125/2125/2061 2122/2122/2058
f 2126/2126/2052 2125/2125/2061 2121/2121/2049
f 2127/2127/2062 2128/2128/2063 2126/2126/2052
f 2126/2126/2052 2128/2128/2063 2125/2125/2061
f 2127/2127/2062 2129/2129/2064 2128/2128/2063
f 2130/2130/2051 2129/2129/2064 2127/2127/2062
f 2131/2131/2065 2132/2132/2066 2133/2133/2067
f 2133/2133/2067 2132/2132/2066 2134/2134/2068
f 2131/2131/2065 2135/2135/2069 2132/2132/2066
f 2136/2136/2070 2135/2135/2069 2131/2131/2065
f 2136/2136/2070 2137/2137/2071 2135/2135/2069
f 2138/2138/2072 2137/2137/2071 2136/2136/2070
f 2138/2138/2072 2139/2139/2073 2137/2137/2071
f 2140/2140/2074 2139/2139/2073 2138/2138/2072
f 2132/2132/2066 2141/2141/2075 2134/2134/2068
f 2134/2134/2068 2141/2141/2075 2142/2142/2076
f 2135/2135/2069 2143/2143/2077 2132/2132/2066
f 2132/2132/2066 2143/2143/2077 2141/2141/2075
f 2135/2135/2069 2144/2144/2078 2143/2143/2077
f 2137/2137/2071 2144/2144/2078 2135/2135/2069
f 2137/2137/2071 2145/2145/304 2144/2144/2078
f 2139/2139/2073 2145/2145/304 2137/2137/2071
f 2146/2146/2079 2147/2147/2080 2148/2148/2081
f 2148/2148/2081 2147/2147/2080 2149/2149/2082
f 2146/2146/2079 2150/2150/2083 2147/2147/2080
f 2151/2151/300 2150/2150/2083 2146/2146/2079
f 2152/2152/2084 2153/2153/2085 2151/2151/300
f 2151/2151/300 2153/2153/2085 2150/2150/2083
f 2152/2152/2084 2154/2154/2086 2153/2153/2085
f 2155/2155/2087 2154/2154/2086 2152/2152/2084
f 2147/2147/2080 2156/2156/2088 2149/2149/2082
f 2149/2149/2082 2156/2156/2088 2157/2157/2089
f 2147/2147/2080 2158/2158/340 2156/2156/2088
f 2150/2150/2083 2158/2158/340 2147/2147/2080
f 2150/2150/2083 2159/2159/2090 2158/2158/340
f 2153/2153/2085 2159/2159/2090 2150/2150/2083
f 2154/2154/2086 2160/2160/2091 2153/2153/2085
f 2153/2153/2085 2160/2160/2091 2159/2159/2090
f 2161/2161/307 2162/2162/2092 2163/2163/309
f 2163/2163/309 2162/2162/2092 2164/2164/2093
f 2161/2161/307 2165/2165/2094 2162/2162/2092
f 2166/2166/2095 2165/2165/2094 2161/2161/307
f 2167/2167/2096 2168/2168/2097 2166/2166/2095
f 2166/2166/2095 2168/2168/2097 2165/2165/2094
f 2167/2167/2096 2169/2169/2098 2168/2168/2097
f 2170/2170/2099 2169/2169/2098 2167/2167/2096
f 2162/2162/2092 2171/2171/2100 2164/2164/2093
f 2164/2164/2093 2171/2171/2100 2172/2172/2101
f 2162/2162/2092 2173/2173/2102 2171/2171/2100
f 2165/2165/2094 2173/2173/2102 2162/2162/2092
f 2165/2165/2094 2174/2174/2103 2173/2173/2102
f 2168/2168/2097 2174/2174/2103 2165/2165/2094
f 2168/2168/2097 2175/2175/2104 2174/2174/2103
f 2169/2169/2098 2175/2175/2104 2168/2168/2097
f 2176/2176/2105 2177/2177/2106 2178/2178/2107
f 2178/2178/2107 2177/2177/2106 2179/2179/2108
f 2180/2180/2109 2181/2181/2110 2176/2176/2105
f 2176/2176/2105 2181/2181/2110 2177/2177/2106
f 2180/2180/2109 2182/2182/2111 2181/2181/2110
f 2183/2183/2112 2182/2182/2111 2180/2180/2109
f 2183/2183/2112 2184/2184/2113 2182/2182/2111
f 2185/2185/2114 2184/2184/2113 2183/2183/2112
f 2177/2177/2106 2186/2186/2115 2179/2179/2108
f 2179/2179/2108 2186/2186/2115 2187/2187/2116
f 2177/2177/2106 2188/2188/2117 2186/2186/2115
f 2181/2181/2110 2188/2188/2117 2177/2177/2106
f 2182/2182/2111 2189/2189/2118 2181/2181/2110
f 2181/2181/2110 2189/2189/2118 2188/2188/2117
f 2182/2182/2111 2190/2190/2119 2189/2189/2118
f 2184/2184/2113 2190/2190/2119 2182/2182/2111
f 2191/2191/2120 2192/2192/2121 2193/2193/2122
f 2193/2193/2122 2192/2192/2121 2194/2194/2123
f 2191/2191/2120 2195/2195/2124 2192/2192/2121
f 2196/2196/2125 2195/2195/2124 2191/2191/2120
f 2196/2196/2125 2197/2197/2126 2195/2195/2124
f 2198/2198/2127 2197/2197/2126 2196/2196/2125
f 2199/2199/2128 2200/2200/2129 2198/2198/2127
f 2198/2198/2127 2200/2200/2129 2197/2197/2126
f 2192/2192/2121 2201/2201/2130 2194/2194/2123
f 2194/2194/2123 2201/2201/2130 2202/2202/2131
f 2192/2192/2121 2203/2203/2132 2201/2201/2130
f 2195/2195/2124 2203/2203/2132 2192/2192/2121
f 2197/2197/2126 2204/2204/2133 2195/2195/2124
f 2195/2195/2124 2204/2204/2133 2203/2203/2132
f 2197/2197/2126 2205/2205/2134 2204/2204/2133
f 2200/2200/2129 2205/2205/2134 2197/2197/2126
f 2206/2206/2135 2207/2207/2136 2208/2208/2137
f 2208/2208/2137 2207/2207/2136 2209/2209/2138
f 2206/2206/2135 2210/2210/2139 2207/2207/2136
f 2211/2211/2140 2210/2210/2139 2206/2206/2135
f 2211/2211/2140 2212/2212/2141 2210/2210/2139
f 2213/2213/2142 2212/2212/2141 2211/2211/2140
f 2213/2213/2142 2214/2214/2143 2212/2212/2141
f 2215/2215/2144 2214/2214/2143 2213/2213/2142
f 2216/2216/2145 2217/2217/2146 2218/2218/2147
f 2218/2218/2147 2217/2217/2146 2219/2219/2148
f 2220/2220/2139 2221/2221/2149 2216/2216/2145
f 2216/2216/2145 2221/2221/2149 2217/2217/2146
f 2220/2220/2139 2222/2222/2150 2221/2221/2149
f 2223/2223/2151 2222/2222/2150 2220/2220/2139
f 2223/2223/2151 2224/2224/2152 2222/2222/2150
f 2225/2225/2153 2224/2224/2152 2223/2223/2151
f 2226/2226/2154 2227/2227/2155 2228/2228/2156
f 2228/2228/2156 2227/2227/2155 2229/2229/2157
f 2226/2226/2154 2230/2230/2158 2227/2227/2155
f 2231/2231/2159 2230/2230/2158 2226/2226/2154
f 2232/2232/2160 2233/2233/2161 2231/2231/2159
f 2231/2231/2159 2233/2233/2161 2230/2230/2158
f 2232/2232/2160 2234/2234/2162 2233/2233/2161
f 2235/2235/2163 2234/2234/2162 2232/2232/2160
f 2227/2227/2155 2236/2236/2164 2229/2229/2157
f 2229/2229/2157 2236/2236/2164 2237/2237/2165
f 2227/2227/2155 2238/2238/2166 2236/2236/2164
f 2230/2230/2158 2238/2238/2166 2227/2227/2155
f 2230/2230/2158 2239/2239/2167 2238/2238/2166
f 2233/2233/2161 2239/2239/2167 2230/2230/2158
f 2234/2234/2162 2240/2240/2168 2233/2233/2161
f 2233/2233/2161 2240/2240/2168 2239/2239/2167
f 2241/2241/2169 2242/2242/2170 2243/2243/2171
f 2243/2243/2171 2242/2242/2170 2244/2244/2172
f 2241/2241/2169 2245/2245/2173 2242/2242/2170
f 2246/2246/2174 2245/2245/2173 2241/2241/2169
f 2247/2247/2175 2248/2248/2176 2246/2246/2174
f 2246/2246/2174 2248/2248/2176 2245/2245/2173
f 2247/2247/2175 2249/2249/2177 2248/2248/2176
f 2250/2250/2178 2249/2249/2177 2247/2247/2175
f 2242/2242/2170 2251/2251/2179 2244/2244/2172
f 2244/2244/2172 2251/2251/2179 2252/2252/2180
f 2242/2242/2170 2253/2253/2181 2251/2251/2179
f 2245/2245/2173 2253/2253/2181 2242/2242/2170
f 2245/2245/2173 2254/2254/2182 2253/2253/2181
f 2248/2248/2176 2254/2254/2182 2245/2245/2173
f 2248/2248/2176 2255/2255/2183 2254/2254/2182
f 2249/2249/2177 2255/2255/2183 2248/2248/2176
f 2256/2256/2184 2257/2257/2185 2258/2258/2186
f 2258/2258/2186 2257/2257/2185 2259/2259/2187
f 2260/2260/2188 2261/2261/2189 2256/2256/2184
f 2256/2256/2184 2261/2261/2189 2257/2257/2185
f 2260/2260/2188 2262/2262/2190 2261/2261/2189
f 2263/2263/2191 2262/2262/2190 2260/2260/2188
f 2263/2263/2191 2264/2264/2192 2262/2262/2190
f 2265/2265/2193 2264/2264/2192 2263/2263/2191
f 2257/2257/2185 2266/2266/2194 2259/2259/2187
f 2259/2259/2187 2266/2266/2194 2267/2267/2195
f 2257/2257/2185 2268/2268/2196 2266/2266/2194
f 2261/2261/2189 2268/2268/2196 2257/2257/2185
f 2262/2262/2190 2269/2269/382 2261/2261/2189
f 2261/2261/2189 2269/2269/382 2268/2268/2196
f 2262/2262/2190 2270/2270/2197 2269/2269/382
f 2264/2264/2192 2270/2270/2197 2262/2262/2190
f 2271/2271/2198 2272/2272/2199 2273/2273/384
f 2273/2273/384 2272/2272/2199 2274/2274/2200
f 2271/2271/2198 2275/2275/2201 2272/2272/2199
f 2276/2276/2202 2275/2275/2201 2271/2271/2198
f 2276/2276/2202 2277/2277/2203 2275/2275/2201
f 2278/2278/2204 2277/2277/2203 2276/2276/2202
f 2279/2279/2205 2280/2280/2206 2278/2278/2204
f 2278/2278/2204 2280/2280/2206 2277/2277/2203
f 2272/2272/2199 2281/2281/2207 2274/2274/2200
f 2274/2274/2200 2281/2281/2207 2282/2282/2208
f 2272/2272/2199 2283/2283/2209 2281/2281/2207
f 2275/2275/2201 2283/2283/2209 2272/2272/2199
f 2277/2277/2203 2284/2284/2210 2275/2275/2201
f 2275/2275/2201 2284/2284/2210 2283/2283/2209
f 2277/2277/2203 2285/2285/2211 2284/2284/2210
f 2280/2280/2206 2285/2285/2211 2277/2277/2203
f 2286/2286/2212 2287/2287/2213 2288/2288/2214
f 2288/2288/2214 2287/2287/2213 2289/2289/2215
f 2286/2286/2212 2290/2290/2216 2287/2287/2213
f 2291/2291/2217 2290/2290/2216 2286/2286/2212
f 2291/2291/2217 2292/2292/2218 2290/2290/2216
f 2293/2293/2219 2292/2292/2218 2291/2291/2217
f 2293/2293/2219 2294/2294/2220 2292/2292/2218
f 2295/2295/2221 2294/2294/2220 2293/2293/2219
f 2287/2287/2213 2296/2296/2222 2289/2289/2215
f 2289/2289/2215 2296/2296/2222 2297/2297/2223
f 2290/2290/2216 2298/2298/2224 2287/2287/2213
f 2287/2287/2213 2298/2298/2224 2296/2296/2222
f 2290/2290/2216 2299/2299/2225 2298/2298/2224
f 2292/2292/2218 2299/2299/2225 2290/2290/2216
f 2292/2292/2218 2300/2300/2226 2299/2299/2225
f 2294/2294/2220 2300/2300/2226 2292/2292/2218
f 2301/2301/2227 2302/2302/2228 2303/2303/2229
f 2303/2303/2229 2302/2302/2228 2304/2304/2230
f 2301/2301/2227 2305/2305/2231 2302/2302/2228
f 2306/2306/2232 2305/2305/2231 2301/2301/2227
f 2307/2307/2233 2308/2308/2234 2306/2306/2232
f 2306/2306/2232 2308/2308/2234 2305/2305/2231
f 2307/2307/2233 2309/2309/2235 2308/2308/2234
f 2310/2310/2236 2309/2309/2235 2307/2307/2233
f 2302/2302/2228 2311/2311/2237 2304/2304/2230
f 2304/2304/2230 2311/2311/2237 2312/2312/2238
f 2302/2302/2228 2313/2313/2239 2311/2311/2237
f 2305/2305/2231 2313/2313/2239 2302/2302/2228
f 2305/2305/2231 2314/2314/2240 2313/2313/2239
f 2308/2308/2234 2314/2314/2240 2305/2305/2231
f 2309/2309/2235 2315/2315/2241 2308/2308/2234
f 2308/2308/2234 2315/2315/2241 2314/2314/2240
f 2316/2316/2242 2317/2317/2243 2318/2318/2244
f 2318/2318/2244 2317/2317/2243 2319/2319/2245
f 2316/2316/2242 2320/2320/2246 2317/2317/2243
f 2321/2321/2247 2320/2320/2246 2316/2316/2242
f 2322/2322/2248 2323/2323/2249 2321/2321/2247
f 2321/2321/2247 2323/2323/2249 2320/2320/2246
f 2322/2322/2248 2324/2324/2250 2323/2323/2249
f 2325/2325/2251 2324/2324/2250 2322/2322/2248
f 2317/2317/2243 2326/2326/2252 2319/2319/2245
f 2319/2319/2245 2326/2326/2252 2327/2327/2253
f 2317/2317/2243 2328/2328/2254 2326/2326/2252
f 2320/2320/2246 2328/2328/2254 2317/2317/2243
f 2320/2320/2246 2329/2329/2255 2328/2328/2254
f 2323/2323/2249 2329/2329/2255 2320/2320/2246
f 2323/2323/2249 2330/2330/2256 2329/2329/2255
f 2324/2324/2250 2330/2330/2256 2323/2323/2249
f 2331/2331/2257 2332/2332/2258 2333/2333/2259
f 2333/2333/2259 2332/2332/2258 2334/2334/2260
f 2335/2335/2261 2336/2336/2262 2331/2331/2257
f 2331/2331/2257 2336/2336/2262 2332/2332/2258
f 2335/2335/2261 2337/2337/2263 2336/2336/2262
f 2338/2338/2264 2337/2337/2263 2335/2335/2261
f 2338/2338/2264 2339/2339/2260 2337/2337/2263
f 2340/2340/2265 2339/2339/2260 2338/2338/2264
f 2332/2332/2258 2341/2341/2266 2334/2334/2260
f 2334/2334/2260 2341/2341/2266 2342/2342/2267
f 2332/2332/2258 2343/2343/2268 2341/2341/2266
f 2336/2336/2262 2343/2343/2268 2332/2332/2258
f 2337/2337/2263 2344/2344/2269 2336/2336/2262
f 2336/2336/2262 2344/2344/2269 2343/2343/2268
f 2337/2337/2263 2345/2345/2270 2344/2344/2269
f 2339/2339/2260 2345/2345/2270 2337/2337/2263
f 2346/2346/2271 2347/2347/2272 2348/2348/2273
f 2348/2348/2273 2347/2347/2272 2349/2349/2274
f 2346/2346/2271 2350/2350/2275 2347/2347/2272
f 2351/2351/2276 2350/2350/2275 2346/2346/2271
f 2351/2351/2276 2352/2352/2277 2350/2350/2275
f 2353/2353/2278 2352/2352/2277 2351/2351/2276
f 2354/2354/2279 2355/2355/2274 2353/2353/2278
f 2353/2353/2278 2355/2355/2274 2352/2352/2277
f 2356/2356/2280 2357/2357/2281 2358/2358/2282
f 2358/2358/2282 2357/2357/2281 2359/2359/2283
f 2356/2356/2280 2360/2360/2284 2357/2357/2281
f 2361/2361/2285 2360/2360/2284 2356/2356/2280
f 2362/2362/2286 2363/2363/2287 2361/2361/2285
f 2361/2361/2285 2363/2363/2287 2360/2360/2284
f 2362/2362/2286 2364/2364/2288 2363/2363/2287
f 2365/2365/2289 2364/2364/2288 2362/2362/2286
f 2366/2366/2290 2367/2367/2291 2368/2368/2292
f 2368/2368/2292 2367/2367/2291 2369/2369/2293
f 2366/2366/2290 2370/2370/2294 2367/2367/2291
f 2371/2371/2295 2370/2370/2294 2366/2366/2290
f 2371/2371/2295 2372/2372/2296 2370/2370/2294
f 2373/2373/2297 2372/2372/2296 2371/2371/2295
f 2373/2373/2297 2374/2374/2298 2372/2372/2296
f 2375/2375/2299 2374/2374/2298 2373/2373/2297
f 2367/2367/2291 2376/2376/2300 2369/2369/2293
f 2369/2369/2293 2376/2376/2300 2377/2377/2301
f 2370/2370/2294 2378/2378/2302 2367/2367/2291
f 2367/2367/2291 2378/2378/2302 2376/2376/2300
f 2370/2370/2294 2379/2379/2303 2378/2378/2302
f 2372/2372/2296 2379/2379/2303 2370/2370/2294
f 2372/2372/2296 2380/2380/453 2379/2379/2303
f 2374/2374/2298 2380/2380/453 2372/2372/2296
f 2381/2381/2304 2382/2382/2305 2383/2383/448
f 2383/2383/448 2382/2382/2305 2384/2384/2306
f 2381/2381/2304 2385/2385/2307 2382/2382/2305
f 2386/2386/2308 2385/2385/2307 2381/2381/2304
f 2387/2387/2309 2388/2388/2310 2386/2386/2308
f 2386/2386/2308 2388/2388/2310 2385/2385/2307
f 2387/2387/2309 2389/2389/2311 2388/2388/2310
f 2390/2390/2312 2389/2389/2311 2387/2387/2309
f 2391/2391/2313 2392/2392/2314 2393/2393/2315
f 2393/2393/2315 2392/2392/2314 2394/2394/2316
f 2391/2391/2313 2395/2395/2317 2392/2392/2314
f 2396/2396/2318 2395/2395/2317 2391/2391/2313
f 2396/2396/2318 2397/2397/2319 2395/2395/2317
f 2398/2398/2320 2397/2397/2319 2396/2396/2318
f 2399/2399/2321 2400/2400/2316 2398/2398/2320
f 2398/2398/2320 2400/2400/2316 2397/2397/2319
f 2401/2401/2322 2402/2402/2323 2403/2403/2324
f 2403/2403/2324 2402/2402/2323 2404/2404/2325
f 2401/2401/2322 2405/2405/2326 2402/2402/2323
f 2406/2406/2327 2405/2405/2326 2401/2401/2322
f 2407/2407/2328 2408/2408/2329 2406/2406/2327
f 2406/2406/2327 2408/2408/2329 2405/2405/2326
f 2407/2407/2328 2409/2409/2325 2408/2408/2329
f 2410/2410/2330 2409/2409/2325 2407/2407/2328
f 2402/2402/2323 2411/2411/2331 2404/2404/2325
f 2404/2404/2325 2411/2411/2331 2412/2412/2332
f 2402/2402/2323 2413/2413/2333 2411/2411/2331
f 2405/2405/2326 2413/2413/2333 2402/2402/2323
f 2405/2405/2326 2414/2414/2334 2413/2413/2333
f 2408/2408/2329 2414/2414/2334 2405/2405/2326
f 2408/2408/2329 2415/2415/2335 2414/2414/2334
f 2409/2409/2325 2415/2415/2335 2408/2408/2329
f 2411/2411/2331 2416/2416/2336 2412/2412/2332
f 2412/2412/2332 2416/2416/2336 2417/2417/2337
f 2413/2413/2333 2418/2418/470 2411/2411/2331
f 2411/2411/2331 2418/2418/470 2416/2416/2336
f 2413/2413/2333 2419/2419/2338 2418/2418/470
f 2414/2414/2334 2419/2419/2338 2413/2413/2333
f 2414/2414/2334 2420/2420/2339 2419/2419/2338
f 2415/2415/2335 2420/2420/2339 2414/2414/2334
f 2421/2421/2340 2422/2422/2341 2423/2423/2342
f 2423/2423/2342 2422/2422/2341 2424/2424/2343
f 2421/2421/2340 2425/2425/2344 2422/2422/2341
f 2426/2426/2345 2425/2425/2344 2421/2421/2340
f 2427/2427/2346 2428/2428/2347 2426/2426/2345
f 2426/2426/2345 2428/2428/2347 2425/2425/2344
f 2427/2427/2346 2429/2429/2348 2428/2428/2347
f 2430/2430/2349 2429/2429/2348 2427/2427/2346
f 2422/2422/2341 2431/2431/2350 2424/2424/2343
f 2424/2424/2343 2431/2431/2350 2432/2432/2351
f 2422/2422/2341 2433/2433/2352 2431/2431/2350
f 2425/2425/2344 2433/2433/2352 2422/2422/2341
f 2425/2425/2344 2434/2434/2353 2433/2433/2352
f 2428/2428/2347 2434/2434/2353 2425/2425/2344
f 2429/2429/2348 2435/2435/2354 2428/2428/2347
f 2428/2428/2347 2435/2435/2354 2434/2434/2353
f 2436/2436/2355 2437/2437/2356 2438/2438/2357
f 2438/2438/2357 2437/2437/2356 2439/2439/2358
f 2436/2436/2355 2440/2440/2359 2437/2437/2356
f 2441/2441/2360 2440/2440/2359 2436/2436/2355
f 2442/2442/2361 2443/2443/2362 2441/2441/2360
f 2441/2441/2360 2443/2443/2362 2440/2440/2359
f 2442/2442/2361 2444/2444/2363 2443/2443/2362
f 2445/2445/478 2444/2444/2363 2442/2442/2361
f 2437/2437/2356 2446/2446/2364 2439/2439/2358
f 2439/2439/2358 2446/2446/2364 2447/2447/2365
f 2437/2437/2356 2448/2448/2366 2446/2446/2364
f 2440/2440/2359 2448/2448/2366 2437/2437/2356
f 2440/2440/2359 2449/2449/2367 2448/2448/2366
f 2443/2443/2362 2449/2449/2367 2440/2440/2359
f 2443/2443/2362 2450/2450/2368 2449/2449/2367
f 2444/2444/2363 2450/2450/2368 2443/2443/2362
f 2451/2451/2369 2452/2452/2370 2453/2453/2371
f 2453/2453/2371 2452/2452/2370 2454/2454/2372
f 2455/2455/489 2456/2456/2373 2451/2451/2369
f 2451/2451/2369 2456/2456/2373 2452/2452/2370
f 2455/2455/489 2457/2457/2374 2456/2456/2373
f 2458/2458/2375 2457/2457/2374 2455/2455/489
f 2458/2458/2375 2459/2459/2376 2457/2457/2374
f 2460/2460/2377 2459/2459/2376 2458/2458/2375
f 2452/2452/2370 2461/2461/2378 2454/2454/2372
f 2454/2454/2372 2461/2461/2378 2462/2462/2379
f 2452/2452/2370 2463/2463/2380 2461/2461/2378
f 2456/2456/2373 2463/2463/2380 2452/2452/2370
f 2457/2457/2374 2464/2464/2381 2456/2456/2373
f 2456/2456/2373 2464/2464/2381 2463/2463/2380
f 2457/2457/2374 2465/2465/2382 2464/2464/2381
f 2459/2459/2376 2465/2465/2382 2457/2457/2374
f 2466/2466/2383 2467/2467/2384 2468/2468/2385
f 2468/2468/2385 2467/2467/2384 2469/2469/2386
f 2466/2466/2383 2470/2470/2387 2467/2467/2384
f 2471/2471/2388 2470/2470/2387 2466/2466/2383
f 2471/2471/2388 2472/2472/2389 2470/2470/2387
f 2473/2473/2390 2472/2472/2389 2471/2471/2388
f 2474/2474/2391 2475/2475/2392 2473/2473/2390
f 2473/2473/2390 2475/2475/2392 2472/2472/2389
f 2467/2467/2384 2476/2476/2393 2469/2469/2386
f 2469/2469/2386 2476/2476/2393 2477/2477/2394
f 2467/2467/2384 2478/2478/2395 2476/2476/2393
f 2470/2470/2387 2478/2478/2395 2467/2467/2384
f 2472/2472/2389 2479/2479/2396 2470/2470/2387
f 2470/2470/2387 2479/2479/2396 2478/2478/2395
f 2472/2472/2389 2480/2480/536 2479/2479/2396
f 2475/2475/2392 2480/2480/536 2472/2472/2389
f 2481/2481/2397 2482/2482/2398 2483/2483/2399
f 2483/2483/2399 2482/2482/2398 2484/2484/2400
f 2481/2481/2397 2485/2485/2401 2482/2482/2398
f 2486/2486/2402 2485/2485/2401 2481/2481/2397
f 2486/2486/2402 2487/2487/2403 2485/2485/2401
f 2488/2488/2404 2487/2487/2403 2486/2486/2402
f 2488/2488/2404 2489/2489/2405 2487/2487/2403
f 2490/2490/2406 2489/2489/2405 2488/2488/2404
f 2482/2482/2398 2491/2491/2407 2484/2484/2400
f 2484/2484/2400 2491/2491/2407 2492/2492/2408
f 2485/2485/2401 2493/2493/2409 2482/2482/2398
f 2482/2482/2398 2493/2493/2409 2491/2491/2407
f 2485/2485/2401 2494/2494/2410 2493/2493/2409
f 2487/2487/2403 2494/2494/2410 2485/2485/2401
f 2487/2487/2403 2495/2495/2411 2494/2494/2410
f 2489/2489/2405 2495/2495/2411 2487/2487/2403
f 2496/2496/2412 2497/2497/2413 2498/2498/2414
f 2498/2498/2414 2497/2497/2413 2499/2499/2415
f 2496/2496/2412 2500/2500/2416 2497/2497/2413
f 2501/2501/2417 2500/2500/2416 2496/2496/2412
f 2502/2502/2418 2503/2503/2419 2501/2501/2417
f 2501/2501/2417 2503/2503/2419 2500/2500/2416
f 2502/2502/2418 2504/2504/2420 2503/2503/2419
f 2505/2505/2421 2504/2504/2420 2502/2502/2418
f 2497/2497/2413 2506/2506/2422 2499/2499/2415
f 2499/2499/2415 2506/2506/2422 2507/2507/2423
f 2497/2497/2413 2508/2508/2424 2506/2506/2422
f 2500/2500/2416 2508/2508/2424 2497/2497/2413
f 2500/2500/2416 2509/2509/2425 2508/2508/2424
f 2503/2503/2419 2509/2509/2425 2500/2500/2416
f 2504/2504/2420 2510/2510/2426 2503/2503/2419
f 2503/2503/2419 2510/2510/2426 2509/2509/2425
f 2511/2511/2427 2512/2512/2428 2513/2513/2429
f 2513/2513/2429 2512/2512/2428 2514/2514/2430
f 2511/2511/2427 2515/2515/2431 2512/2512/2428
f 2516/2516/2432 2515/2515/2431 2511/2511/2427
f 2517/2517/2433 2518/2518/2434 2516/2516/2432
f 2516/2516/2432 2518/2518/2434 2515/2515/2431
f 2517/2517/2433 2519/2519/2435 2518/2518/2434
f 2520/2520/2436 2519/2519/2435 2517/2517/2433
f 2512/2512/2428 2521/2521/2437 2514/2514/2430
f 2514/2514/2430 2521/2521/2437 2522/2522/2438
f 2512/2512/2428 2523/2523/2439 2521/2521/2437
f 2515/2515/2431 2523/2523/2439 2512/2512/2428
f 2515/2515/2431 2524/2524/2440 2523/2523/2439
f 2518/2518/2434 2524/2524/2440 2515/2515/2431
f 2518/2518/2434 2525/2525/2441 2524/2524/2440
f 2519/2519/2435 2525/2525/2441 2518/2518/2434
f 2526/2526/2442 2527/2527/2443 2528/2528/2444
f 2528/2528/2444 2527/2527/2443 2529/2529/2445
f 2530/2530/2446 2531/2531/2447 2526/2526/2442
f 2526/2526/2442 2531/2531/2447 2527/2527/2443
f 2530/2530/2446 2532/2532/2448 2531/2531/2447
f 2533/2533/2449 2532/2532/2448 2530/2530/2446
f 2533/2533/2449 2534/2534/2450 2532/2532/2448
f 2535/2535/537 2534/2534/2450 2533/2533/2449
f 2527/2527/2443 2536/2536/2451 2529/2529/2445
f 2529/2529/2445 2536/2536/2451 2537/2537/2452
f 2527/2527/2443 2538/2538/2453 2536/2536/2451
f 2531/2531/2447 2538/2538/2453 2527/2527/2443
f 2532/2532/2448 2539/2539/2454 2531/2531/2447
f 2531/2531/2447 2539/2539/2454 2538/2538/2453
f 2532/2532/2448 2540/2540/2455 2539/2539/2454
f 2534/2534/2450 2540/2540/2455 2532/2532/2448
f 2541/2541/2456 2542/2542/2457 2543/2543/553
f 2543/2543/553 2542/2542/2457 2544/2544/2458
f 2541/2541/2456 2545/2545/2459 2542/2542/2457
f 2546/2546/2460 2545/2545/2459 2541/2541/2456
f 2546/2546/2460 2547/2547/2461 2545/2545/2459
f 2548/2548/2462 2547/2547/2461 2546/2546/2460
f 2549/2549/2463 2550/2550/2464 2548/2548/2462
f 2548/2548/2462 2550/2550/2464 2547/2547/2461
f 2542/2542/2457 2551/2551/2465 2544/2544/2458
f 2544/2544/2458 2551/2551/2465 2552/2552/2466
f 2542/2542/2457 2553/2553/2467 2551/2551/2465
f 2545/2545/2459 2553/2553/2467 2542/2542/2457
f 2547/2547/2461 2554/2554/2468 2545/2545/2459
f 2545/2545/2459 2554/2554/2468 2553/2553/2467
f 2547/2547/2461 2555/2555/2469 2554/2554/2468
f 2550/2550/2464 2555/2555/2469 2547/2547/2461
f 2556/2556/2470 2557/2557/2471 2558/2558/2472
f 2558/2558/2472 2557/2557/2471 2559/2559/2473
f 2556/2556/2470 2560/2560/2474 2557/2557/2471
f 2561/2561/558 2560/2560/2474 2556/2556/2470
f 2561/2561/558 2562/2562/2475 2560/2560/2474
f 2563/2563/2476 2562/2562/2475 2561/2561/558
f 2563/2563/2476 2564/2564/2477 2562/2562/2475
f 2565/2565/2478 2564/2564/2477 2563/2563/2476
f 2557/2557/2471 2566/2566/2479 2559/2559/2473
f 2559/2559/2473 2566/2566/2479 2567/2567/2480
f 2560/2560/2474 2568/2568/2481 2557/2557/2471
f 2557/2557/2471 2568/2568/2481 2566/2566/2479
f 2560/2560/2474 2569/2569/2482 2568/2568/2481
f 2562/2562/2475 2569/2569/2482 2560/2560/2474
f 2562/2562/2475 2570/2570/2483 2569/2569/2482
f 2564/2564/2477 2570/2570/2483 2562/2562/2475
f 2571/2571/2484 2572/2572/2485 2573/2573/2486
f 2573/2573/2486 2572/2572/2485 2574/2574/2487
f 2571/2571/2484 2575/2575/2488 2572/2572/2485
f 2576/2576/2489 2575/2575/2488 2571/2571/2484
f 2577/2577/2490 2578/2578/2491 2576/2576/2489
f 2576/2576/2489 2578/2578/2491 2575/2575/2488
f 2577/2577/2490 2579/2579/2492 2578/2578/2491
f 2580/2580/2493 2579/2579/2492 2577/2577/2490
f 2572/2572/2485 2581/2581/2494 2574/2574/2487
f 2574/2574/2487 2581/2581/2494 2582/2582/2495
f 2572/2572/2485 2583/2583/2496 2581/2581/2494
f 2575/2575/2488 2583/2583/2496 2572/2572/2485
f 2575/2575/2488 2584/2584/667 2583/2583/2496
f 2578/2578/2491 2584/2584/667 2575/2575/2488
f 2579/2579/2492 2585/2585/2497 2578/2578/2491
f 2578/2578/2491 2585/2585/2497 2584/2584/667
f 2586/2586/2498 2587/2587/2499 2588/2588/2500
f 2588/2588/2500 2587/2587/2499 2589/2589/2501
f 2586/2586/2498 2590/2590/2502 2587/2587/2499
f 2591/2591/2503 2590/2590/2502 2586/2586/2498
f 2592/2592/2504 2593/2593/2505 2591/2591/2503
f 2591/2591/2503 2593/2593/2505 2590/2590/2502
f 2592/2592/2504 2594/2594/2501 2593/2593/2505
f 2595/2595/2506 2594/2594/2501 2592/2592/2504
f 2596/2596/2507 2597/2597/2508 2598/2598/2509
f 2598/2598/2509 2597/2597/2508 2599/2599/2510
f 2596/2596/2507 2600/2600/2511 2597/2597/2508
f 2601/2601/2512 2600/2600/2511 2596/2596/2507
f 2601/2601/2512 2602/2602/2513 2600/2600/2511
f 2603/2603/2514 2602/2602/2513 2601/2601/2512
f 2603/2603/2514 2604/2604/2515 2602/2602/2513
f 2605/2605/2516 2604/2604/2515 2603/2603/2514
f 2606/2606/2517 2607/2607/2518 2608/2608/586
f 2608/2608/586 2607/2607/2518 2609/2609/2519
f 2610/2610/2520 2611/2611/2521 2606/2606/2517
f 2606/2606/2517 2611/2611/2521 2607/2607/2518
f 2610/2610/2520 2612/2612/2522 2611/2611/2521
f 2613/2613/2523 2612/2612/2522 2610/2610/2520
f 2613/2613/2523 2614/2614/2524 2612/2612/2522
f 2615/2615/2525 2614/2614/2524 2613/2613/2523
f 2607/2607/2518 2616/2616/2526 2609/2609/2519
f 2609/2609/2519 2616/2616/2526 2617/2617/2527
f 2607/2607/2518 2618/2618/2528 2616/2616/2526
f 2611/2611/2521 2618/2618/2528 2607/2607/2518
f 2612/2612/2522 2619/2619/2529 2611/2611/2521
f 2611/2611/2521 2619/2619/2529 2618/2618/2528
f 2612/2612/2522 2620/2620/2530 2619/2619/2529
f 2614/2614/2524 2620/2620/2530 2612/2612/2522
f 2621/2621/2531 2622/2622/2532 2623/2623/2533
f 2623/2623/2533 2622/2622/2532 2624/2624/2534
f 2621/2621/2531 2625/2625/2535 2622/2622/2532
f 2626/2626/2536 2625/2625/2535 2621/2621/2531
f 2626/2626/2536 2627/2627/2537 2625/2625/2535
f 2628/2628/2538 2627/2627/2537 2626/2626/2536
f 2629/2629/2539 2630/2630/2540 2628/2628/2538
f 2628/2628/2538 2630/2630/2540 2627/2627/2537
f 2631/2631/2541 2632/2632/2542 2633/2633/2543
f 2633/2633/2543 2632/2632/2542 2634/2634/2544
f 2631/2631/2541 2635/2635/2545 2632/2632/2542
f 2636/2636/2546 2635/2635/2545 2631/2631/2541
f 2637/2637/2547 2638/2638/2548 2636/2636/2546
f 2636/2636/2546 2638/2638/2548 2635/2635/2545
f 2637/2637/2547 2639/2639/2549 2638/2638/2548
f 2640/2640/2550 2639/2639/2549 2637/2637/2547
f 2641/2641/2551 2642/2642/2552 2643/2643/2553
f 2643/2643/2553 2642/2642/2552 2644/2644/2554
f 2641/2641/2551 2645/2645/2555 2642/2642/2552
f 2646/2646/2556 2645/2645/2555 2641/2641/2551
f 2646/2646/2556 2647/2647/2557 2645/2645/2555
f 2648/2648/2558 2647/2647/2557 2646/2646/2556
f 2648/2648/2558 2649/2649/2559 2647/2647/2557
f 2650/2650/2560 2649/2649/2559 2648/2648/2558
f 2642/2642/2552 2651/2651/2561 2644/2644/2554
f 2644/2644/2554 2651/2651/2561 2652/2652/2562
f 2645/2645/2555 2653/2653/2563 2642/2642/2552
f 2642/2642/2552 2653/2653/2563 2651/2651/2561
f 2645/2645/2555 2654/2654/2564 2653/2653/2563
f 2647/2647/2557 2654/2654/2564 2645/2645/2555
f 2647/2647/2557 2655/2655/2565 2654/2654/2564
f 2649/2649/2559 2655/2655/2565 2647/2647/2557
f 2656/2656/2566 2657/2657/2567 2658/2658/2568
f 2658/2658/2568 2657/2657/2567 2659/2659/2569
f 2656/2656/2566 2660/2660/2570 2657/2657/2567
f 2661/2661/2571 2660/2660/2570 2656/2656/2566
f 2662/2662/2572 2663/2663/2573 2661/2661/2571
f 2661/2661/2571 2663/2663/2573 2660/2660/2570
f 2662/2662/2572 2664/2664/2574 2663/2663/2573
f 2665/2665/2575 2664/2664/2574 2662/2662/2572
f 2666/2666/2576 2667/2667/2577 2668/2668/2578
f 2668/2668/2578 2667/2667/2577 2669/2669/2579
f 2666/2666/2576 2670/2670/2580 2667/2667/2577
f 2671/2671/2581 2670/2670/2580 2666/2666/2576
f 2671/2671/2581 2672/2672/2582 2670/2670/2580
f 2673/2673/2583 2672/2672/2582 2671/2671/2581
f 2674/2674/2584 2675/2675/2585 2673/2673/2583
f 2673/2673/2583 2675/2675/2585 2672/2672/2582
f 2676/2676/2586 2677/2677/2587 2678/2678/2588
f 2678/2678/2588 2677/2677/2587 2679/2679/2589
f 2676/2676/2586 2680/2680/2590 2677/2677/2587
f 2681/2681/2591 2680/2680/2590 2676/2676/2586
f 2682/2682/2592 2683/2683/2593 2681/2681/2591
f 2681/2681/2591 2683/2683/2593 2680/2680/2590
f 2682/2682/2592 2684/2684/2594 2683/2683/2593
f 2685/2685/2588 2684/2684/2594 2682/2682/2592
f 2677/2677/2587 2686/2686/2595 2679/2679/2589
f 2679/2679/2589 2686/2686/2595 2687/2687/2596
f 2677/2677/2587 2688/2688/2597 2686/2686/2595
f 2680/2680/2590 2688/2688/2597 2677/2677/2587
f 2680/2680/2590 2689/2689/2598 2688/2688/2597
f 2683/2683/2593 2689/2689/2598 2680/2680/2590
f 2683/2683/2593 2690/2690/2599 2689/2689/2598
f 2684/2684/2594 2690/2690/2599 2683/2683/2593
f 2691/2691/2600 2692/2692/2601 2693/2693/2602
f 2693/2693/2602 2692/2692/2601 2694/2694/2603
f 2695/2695/2604 2696/2696/2605 2691/2691/2600
f 2691/2691/2600 2696/2696/2605 2692/2692/2601
f 2695/2695/2604 2697/2697/2606 2696/2696/2605
f 2698/2698/2607 2697/2697/2606 2695/2695/2604
f 2698/2698/2607 2699/2699/2608 2697/2697/2606
f 2700/2700/2609 2699/2699/2608 2698/2698/2607
f 2692/2692/2601 2701/2701/2610 2694/2694/2603
f 2694/2694/2603 2701/2701/2610 2702/2702/2611
f 2692/2692/2601 2703/2703/2612 2701/2701/2610
f 2696/2696/2605 2703/2703/2612 2692/2692/2601
f 2697/2697/2606 2704/2704/2613 2696/2696/2605
f 2696/2696/2605 2704/2704/2613 2703/2703/2612
f 2697/2697/2606 2705/2705/2614 2704/2704/2613
f 2699/2699/2608 2705/2705/2614 2697/2697/2606
f 2706/2706/2615 2707/2707/2616 2708/2708/2617
f 2708/2708/2617 2707/2707/2616 2709/2709/2618
f 2706/2706/2615 2710/2710/2619 2707/2707/2616
f 2711/2711/645 2710/2710/2619 2706/2706/2615
f 2711/2711/645 2712/2712/2620 2710/2710/2619
f 2713/2713/2621 2712/2712/2620 2711/2711/645
f 2714/2714/2622 2715/2715/2623 2713/2713/2621
f 2713/2713/2621 2715/2715/2623 2712/2712/2620
f 2707/2707/2616 2716/2716/2624 2709/2709/2618
f 2709/2709/2618 2716/2716/2624 2717/2717/2625
f 2707/2707/2616 2718/2718/2626 2716/2716/2624
f 2710/2710/2619 2718/2718/2626 2707/2707/2616
f 2712/2712/2620 2719/2719/2627 2710/2710/2619
f 2710/2710/2619 2719/2719/2627 2718/2718/2626
f 2712/2712/2620 2720/2720/2628 2719/2719/2627
f 2715/2715/2623 2720/2720/2628 2712/2712/2620
f 2721/2721/2629 2722/2722/2630 2723/2723/2631
f 2723/2723/2631 2722/2722/2630 2724/2724/2632
f 2721/2721/2629 2725/2725/2633 2722/2722/2630
f 2726/2726/2634 2725/2725/2633 2721/2721/2629
f 2726/2726/2634 2727/2727/2635 2725/2725/2633
f 2728/2728/2636 2727/2727/2635 2726/2726/2634
f 2728/2728/2636 2729/2729/2637 2727/2727/2635
f 2730/2730/2631 2729/2729/2637 2728/2728/2636
f 2731/2731/2638 2732/2732/2639 2733/2733/2640
f 2733/2733/2640 2732/2732/2639 2734/2734/2641
f 2735/2735/2642 2736/2736/2643 2731/2731/2638
f 2731/2731/2638 2736/2736/2643 2732/2732/2639
f 2735/2735/2642 2737/2737/2644 2736/2736/2643
f 2738/2738/2645 2737/2737/2644 2735/2735/2642
f 2738/2738/2645 2739/2739/2646 2737/2737/2644
f 2740/2740/2647 2739/2739/2646 2738/2738/2645
f 2741/2741/2648 2742/2742/2649 2743/2743/2650
f 2743/2743/2650 2742/2742/2649 2744/2744/2651
f 2741/2741/2648 2745/2745/2652 2742/2742/2649
f 2746/2746/2653 2745/2745/2652 2741/2741/2648
f 2747/2747/2654 2748/2748/2655 2746/2746/2653
f 2746/2746/2653 2748/2748/2655 2745/2745/2652
f 2747/2747/2654 2749/2749/2656 2748/2748/2655
f 2750/2750/2657 2749/2749/2656 2747/2747/2654
f 2742/2742/2649 2751/2751/2658 2744/2744/2651
f 2744/2744/2651 2751/2751/2658 2752/2752/762
f 2742/2742/2649 2753/2753/2659 2751/2751/2658
f 2745/2745/2652 2753/2753/2659 2742/2742/2649
f 2745/2745/2652 2754/2754/2660 2753/2753/2659
f 2748/2748/2655 2754/2754/2660 2745/2745/2652
f 2749/2749/2656 2755/2755/2661 2748/2748/2655
f 2748/2748/2655 2755/2755/2661 2754/2754/2660
f 2756/2756/2662 2757/2757/2663 2758/2758/2664
f 2758/2758/2664 2757/2757/2663 2759/2759/2665
f 2756/2756/2662 2760/2760/2666 2757/2757/2663
f 2761/2761/2667 2760/2760/2666 2756/2756/2662
f 2762/2762/2668 2763/2763/2669 2761/2761/2667
f 2761/2761/2667 2763/2763/2669 2760/2760/2666
f 2762/2762/2668 2764/2764/2670 2763/2763/2669
f 2765/2765/2671 2764/2764/2670 2762/2762/2668
f 2766/2766/2672 2767/2767/2673 2768/2768/2674
f 2768/2768/2674 2767/2767/2673 2769/2769/2675
f 2766/2766/2672 2770/2770/2676 2767/2767/2673
f 2771/2771/2677 2770/2770/2676 2766/2766/2672
f 2771/2771/2677 2772/2772/2678 2770/2770/2676
f 2773/2773/2679 2772/2772/2678 2771/2771/2677
f 2773/2773/2679 2774/2774/2680 2772/2772/2678
f 2775/2775/2670 2774/2774/2680 2773/2773/2679
f 2776/2776/2681 2777/2777/2682 2778/2778/2683
f 2778/2778/2683 2777/2777/2682 2779/2779/2684
f 2780/2780/2685 2781/2781/2686 2776/2776/2681
f 2776/2776/2681 2781/2781/2686 2777/2777/2682
f 2780/2780/2685 2782/2782/2687 2781/2781/2686
f 2783/2783/2688 2782/2782/2687 2780/2780/2685
f 2783/2783/2688 2784/2784/2689 2782/2782/2687
f 2785/2785/2690 2784/2784/2689 2783/2783/2688
f 2786/2786/2682 2787/2787/690 2788/2788/2691
f 2788/2788/2691 2787/2787/690 2789/2789/699
f 2786/2786/2682 2790/2790/2692 2787/2787/690
f 2791/2791/2693 2790/2790/2692 2786/2786/2682
f 2792/2792/2694 2793/2793/2695 2791/2791/2693
f 2791/2791/2693 2793/2793/2695 2790/2790/2692
f 2792/2792/2694 2794/2794/2696 2793/2793/2695
f 2795/2795/2697 2794/2794/2696 2792/2792/2694
f 2796/2796/2698 2797/2797/2699 2798/2798/2700
f 2798/2798/2700 2797/2797/2699 2799/2799/2701
f 2796/2796/2698 2800/2800/2702 2797/2797/2699
f 2801/2801/2703 2800/2800/2702 2796/2796/2698
f 2801/2801/2703 2802/2802/2704 2800/2800/2702
f 2803/2803/2705 2802/2802/2704 2801/2801/2703
f 2804/2804/2706 2805/2805/2707 2803/2803/2705
f 2803/2803/2705 2805/2805/2707 2802/2802/2704
f 2797/2797/2699 2806/2806/2708 2799/2799/2701
f 2799/2799/2701 2806/2806/2708 2807/2807/2709
f 2797/2797/2699 2808/2808/2710 2806/2806/2708
f 2800/2800/2702 2808/2808/2710 2797/2797/2699
f 2802/2802/2704 2809/2809/2711 2800/2800/2702
f 2800/2800/2702 2809/2809/2711 2808/2808/2710
f 2802/2802/2704 2810/2810/2712 2809/2809/2711
f 2805/2805/2707 2810/2810/2712 2802/2802/2704
f 2811/2811/2713 2812/2812/2714 2813/2813/2715
f 2813/2813/2715 2812/2812/2714 2814/2814/2716
f 2811/2811/2713 2815/2815/2717 2812/2812/2714
f 2816/2816/2718 2815/2815/2717 2811/2811/2713
f 2816/2816/2718 2817/2817/2719 2815/2815/2717
f 2818/2818/2720 2817/2817/2719 2816/2816/2718
f 2818/2818/2720 2819/2819/2721 2817/2817/2719
f 2820/2820/2722 2819/2819/2721 2818/2818/2720
f 2812/2812/2714 2821/2821/2723 2814/2814/2716
f 2814/2814/2716 2821/2821/2723 2822/2822/2724
f 2815/2815/2717 2823/2823/2725 2812/2812/2714
f 2812/2812/2714 2823/2823/2725 2821/2821/2723
f 2815/2815/2717 2824/2824/2726 2823/2823/2725
f 2817/2817/2719 2824/2824/2726 2815/2815/2717
f 2817/2817/2719 2825/2825/2727 2824/2824/2726
f 2819/2819/2721 2825/2825/2727 2817/2817/2719
f 2821/2821/2723 2826/2826/2728 2822/2822/2724
f 2822/2822/2724 2826/2826/2728 2827/2827/2729
f 2821/2821/2723 2828/2828/2730 2826/2826/2728
f 2823/2823/2725 2828/2828/2730 2821/2821/2723
f 2824/2824/2726 2829/2829/2731 2823/2823/2725
f 2823/2823/2725 2829/2829/2731 2828/2828/2730
f 2824/2824/2726 2830/2830/2732 2829/2829/2731
f 2825/2825/2727 2830/2830/2732 2824/2824/2726
f 2831/2831/2733 2832/2832/2734 2833/2833/2735
f 2833/2833/2735 2832/2832/2734 2834/2834/2736
f 2831/2831/2733 2835/2835/2737 2832/2832/2734
f 2836/2836/2738 2835/2835/2737 2831/2831/2733
f 2836/2836/2738 2837/2837/2739 2835/2835/2737
f 2838/2838/2740 2837/2837/2739 2836/2836/2738
f 2839/2839/2741 2840/2840/2742 2838/2838/2740
f 2838/2838/2740 2840/2840/2742 2837/2837/2739
f 2832/2832/2734 2841/2841/2743 2834/2834/2736
f 2834/2834/2736 2841/2841/2743 2842/2842/722
f 2832/2832/2734 2843/2843/2744 2841/2841/2743
f 2835/2835/2737 2843/2843/2744 2832/2832/2734
f 2837/2837/2739 2844/2844/2745 2835/2835/2737
f 2835/2835/2737 2844/2844/2745 2843/2843/2744
f 2837/2837/2739 2845/2845/2746 2844/2844/2745
f 2840/2840/2742 2845/2845/2746 2837/2837/2739
f 2846/2846/2747 2847/2847/2748 2848/2848/2749
f 2848/2848/2749 2847/2847/2748 2849/2849/2750
f 2846/2846/2747 2850/2850/2751 2847/2847/2748
f 2851/2851/2752 2850/2850/2751 2846/2846/2747
f 2851/2851/2752 2852/2852/2753 2850/2850/2751
f 2853/2853/2754 2852/2852/2753 2851/2851/2752
f 2853/2853/2754 2854/2854/2755 2852/2852/2753
f 2855/2855/2756 2854/2854/2755 2853/2853/2754
f 2847/2847/2748 2856/2856/2757 2849/2849/2750
f 2849/2849/2750 2856/2856/2757 2857/2857/2758
f 2850/2850/2751 2858/2858/2759 2847/2847/2748
f 2847/2847/2748 2858/2858/2759 2856/2856/2757
f 2850/2850/2751 2859/2859/2760 2858/2858/2759
f 2852/2852/2753 2859/2859/2760 2850/2850/2751
f 2852/2852/2753 2860/2860/2761 2859/2859/2760
f 2854/2854/2755 2860/2860/2761 2852/2852/2753
f 2861/2861/2762 2862/2862/2763 2863/2863/2764
f 2863/2863/2764 2862/2862/2763 2864/2864/2765
f 2861/2861/2762 2865/2865/2766 2862/2862/2763
f 2866/2866/2767 2865/2865/2766 2861/2861/2762
f 2867/2867/2768 2868/2868/2769 2866/2866/2767
f 2866/2866/2767 2868/2868/2769 2865/2865/2766
f 2867/2867/2768 2869/2869/2770 2868/2868/2769
f 2870/2870/2771 2869/2869/2770 2867/2867/2768
f 2862/2862/2763 2871/2871/2772 2864/2864/2765
f 2864/2864/2765 2871/2871/2772 2872/2872/2773
f 2862/2862/2763 2873/2873/2774 2871/2871/2772
f 2865/2865/2766 2873/2873/2774 2862/2862/2763
f 2865/2865/2766 2874/2874/2775 2873/2873/2774
f 2868/2868/2769 2874/2874/2775 2865/2865/2766
f 2869/2869/2770 2875/2875/2776 2868/2868/2769
f 2868/2868/2769 2875/2875/2776 2874/2874/2775
f 2876/2876/2777 2877/2877/2778 2878/2878/2779
f 2878/2878/2779 2877/2877/2778 2879/2879/2780
f 2876/2876/2777 2880/2880/2781 2877/2877/2778
f 2881/2881/2782 2880/2880/2781 2876/2876/2777
f 2882/2882/2783 2883/2883/2784 2881/2881/2782
f 2881/2881/2782 2883/2883/2784 2880/2880/2781
f 2882/2882/2783 2884/2884/2785 2883/2883/2784
f 2885/2885/2786 2884/2884/2785 2882/2882/2783
f 2886/2886/2787 2887/2887/2788 2888/2888/2789
f 2888/2888/2789 2887/2887/2788 2889/2889/2790
f 2886/2886/2787 2890/2890/2791 2887/2887/2788
f 2891/2891/2792 2890/2890/2791 2886/2886/2787
f 2891/2891/2792 2892/2892/2793 2890/2890/2791
f 2893/2893/2794 2892/2892/2793 2891/2891/2792
f 2893/2893/2794 2894/2894/2795 2892/2892/2793
f 2895/2895/2796 2894/2894/2795 2893/2893/2794
f 2896/2896/2797 2897/2897/2798 2898/2898/2799
f 2898/2898/2799 2897/2897/2798 2899/2899/2800
f 2900/2900/2801 2901/2901/2802 2896/2896/2797
f 2896/2896/2797 2901/2901/2802 2897/2897/2798
f 2900/2900/2801 2902/2902/2803 2901/2901/2802
f 2903/2903/2804 2902/2902/2803 2900/2900/2801
f 2903/2903/2804 2904/2904/2805 2902/2902/2803
f 2905/2905/2806 2904/2904/2805 2903/2903/2804
f 2897/2897/2798 2906/2906/2807 2899/2899/2800
f 2899/2899/2800 2906/2906/2807 2907/2907/2808
f 2897/2897/2798 2908/2908/2809 2906/2906/2807
f 2901/2901/2802 2908/2908/2809 2897/2897/2798
f 2902/2902/2803 2909/2909/2810 2901/2901/2802
f 2901/2901/2802 2909/2909/2810 2908/2908/2809
f 2902/2902/2803 2910/2910/2811 2909/2909/2810
f 2904/2904/2805 2910/2910/2811 2902/2902/2803
f 2911/2911/2812 2912/2912/2813 2913/2913/2814
f 2913/2913/2814 2912/2912/2813 2914/2914/2815
f 2911/2911/2812 2915/2915/2816 2912/2912/2813
f 2916/2916/2817 2915/2915/2816 2911/2911/2812
f 2916/2916/2817 2917/2917/2818 2915/2915/2816
f 2918/2918/2819 2917/2917/2818 2916/2916/2817
f 2919/2919/768 2920/2920/2820 2918/2918/2819
f 2918/2918/2819 2920/2920/2820 2917/2917/2818
f 2912/2912/2813 2921/2921/2821 2914/2914/2815
f 2914/2914/2815 2921/2921/2821 2922/2922/2822
f 2912/2912/2813 2923/2923/2823 2921/2921/2821
f 2915/2915/2816 2923/2923/2823 2912/2912/2813
f 2917/2917/2818 2924/2924/864 2915/2915/2816
f 2915/2915/2816 2924/2924/864 2923/2923/2823
f 2917/2917/2818 2925/2925/2824 2924/2924/864
f 2920/2920/2820 2925/2925/2824 2917/2917/2818
f 2926/2926/2825 2927/2927/2826 2928/2928/2827
f 2928/2928/2827 2927/2927/2826 2929/2929/2828
f 2926/2926/2825 2930/2930/2829 2927/2927/2826
f 2931/2931/2830 2930/2930/2829 2926/2926/2825
f 2931/2931/2830 2932/2932/2831 2930/2930/2829
f 2933/2933/2832 2932/2932/2831 2931/2931/2830
f 2933/2933/2832 2934/2934/2833 2932/2932/2831
f 2935/2935/2834 2934/2934/2833 2933/2933/2832
f 2936/2936/2835 2937/2937/2836 2938/2938/2837
f 2938/2938/2837 2937/2937/2836 2939/2939/2838
f 2940/2940/2839 2941/2941/784 2936/2936/2835
f 2936/2936/2835 2941/2941/784 2937/2937/2836
f 2940/2940/2839 2942/2942/2840 2941/2941/784
f 2943/2943/2841 2942/2942/2840 2940/2940/2839
f 2943/2943/2841 2944/2944/2842 2942/2942/2840
f 2945/2945/2843 2944/2944/2842 2943/2943/2841
f 2946/2946/2844 2947/2947/2845 2948/2948/2846
f 2948/2948/2846 2947/2947/2845 2949/2949/2847
f 2946/2946/2844 2950/2950/2848 2947/2947/2845
f 2951/2951/2849 2950/2950/2848 2946/2946/2844
f 2952/2952/2850 2953/2953/2851 2951/2951/2849
f 2951/2951/2849 2953/2953/2851 2950/2950/2848
f 2952/2952/2850 2954/2954/2852 2953/2953/2851
f 2955/2955/2853 2954/2954/2852 2952/2952/2850
f 2956/2956/2854 2957/2957/2855 2958/2958/2856
f 2958/2958/2856 2957/2957/2855 2959/2959/2857
f 2956/2956/2854 2960/2960/2858 2957/2957/2855
f 2961/2961/2859 2960/2960/2858 2956/2956/2854
f 2961/2961/2859 2962/2962/2860 2960/2960/2858
f 2963/2963/2861 2962/2962/2860 2961/2961/2859
f 2964/2964/2862 2965/2965/2863 2963/2963/2861
f 2963/2963/2861 2965/2965/2863 2962/2962/2860
f 2966/2966/2864 2967/2967/2865 2968/2968/2866
f 2968/2968/2866 2967/2967/2865 2969/2969/2867
f 2966/2966/2864 2970/2970/2868 2967/2967/2865
f 2971/2971/2869 2970/2970/2868 2966/2966/2864
f 2972/2972/2870 2973/2973/2871 2971/2971/2869
f 2971/2971/2869 2973/2973/2871 2970/2970/2868
f 2972/2972/2870 2974/2974/2872 2973/2973/2871
f 2975/2975/2873 2974/2974/2872 2972/2972/2870
f 2967/2967/2865 2976/2976/2874 2969/2969/2867
f 2969/2969/2867 2976/2976/2874 2977/2977/2875
f 2967/2967/2865 2978/2978/2876 2976/2976/2874
f 2970/2970/2868 2978/2978/2876 2967/2967/2865
f 2970/2970/2868 2979/2979/2877 2978/2978/2876
f 2973/2973/2871 2979/2979/2877 2970/2970/2868
f 2973/2973/2871 2980/2980/2878 2979/2979/2877
f 2974/2974/2872 2980/2980/2878 2973/2973/2871
f 2981/2981/2879 2982/2982/2880 2983/2983/807
f 2983/2983/807 2982/2982/2880 2984/2984/2881
f 2985/2985/2882 2986/2986/2883 2981/2981/2879
f 2981/2981/2879 2986/2986/2883 2982/2982/2880
f 2985/2985/2882 2987/2987/2884 2986/2986/2883
f 2988/2988/2885 2987/2987/2884 2985/2985/2882
f 2988/2988/2885 2989/2989/2881 2987/2987/2884
f 2990/2990/2886 2989/2989/2881 2988/2988/2885
f 2982/2982/2880 2991/2991/2887 2984/2984/2881
f 2984/2984/2881 2991/2991/2887 2992/2992/2888
f 2982/2982/2880 2993/2993/2889 2991/2991/2887
f 2986/2986/2883 2993/2993/2889 2982/2982/2880
f 2987/2987/2884 2994/2994/2890 2986/2986/2883
f 2986/2986/2883 2994/2994/2890 2993/2993/2889
f 2987/2987/2884 2995/2995/2891 2994/2994/2890
f 2989/2989/2881 2995/2995/2891 2987/2987/2884
f 2991/2991/2887 2996/2996/2892 2992/2992/2888
f 2992/2992/2888 2996/2996/2892 2997/2997/2893
f 2991/2991/2887 2998/2998/2894 2996/2996/2892
f 2993/2993/2889 2998/2998/2894 2991/2991/2887
f 2993/2993/2889 2999/2999/2895 2998/2998/2894
f 2994/2994/2890 2999/2999/2895 2993/2993/2889
f 2995/2995/2891 3000/3000/818 2994/2994/2890
f 2994/2994/2890 3000/3000/818 2999/2999/2895
f 3001/3001/2896 3002/3002/2897 3003/3003/2898
f 3003/3003/2898 3002/3002/2897 3004/3004/2899
f 3001/3001/2896 3005/3005/2900 3002/3002/2897
f 3006/3006/2901 3005/3005/2900 3001/3001/2896
f 3007/3007/2902 3008/3008/2903 3006/3006/2901
f 3006/3006/2901 3008/3008/2903 3005/3005/2900
f 3007/3007/2902 3009/3009/2904 3008/3008/2903
f 3010/3010/2905 3009/3009/2904 3007/3007/2902
f 3002/3002/2897 3011/3011/2906 3004/3004/2899
f 3004/3004/2899 3011/3011/2906 3012/3012/2907
f 3002/3002/2897 3013/3013/2908 3011/3011/2906
f 3005/3005/2900 3013/3013/2908 3002/3002/2897
f 3005/3005/2900 3014/3014/2909 3013/3013/2908
f 3008/3008/2903 3014/3014/2909 3005/3005/2900
f 3008/3008/2903 3015/3015/2910 3014/3014/2909
f 3009/3009/2904 3015/3015/2910 3008/3008/2903
f 3016/3016/2911 3017/3017/2912 3018/3018/2913
f 3018/3018/2913 3017/3017/2912 3019/3019/2914
f 3020/3020/2915 3021/3021/2916 3016/3016/2911
f 3016/3016/2911 3021/3021/2916 3017/3017/2912
f 3020/3020/2915 3022/3022/2917 3021/3021/2916
f 3023/3023/2918 3022/3022/2917 3020/3020/2915
f 3023/3023/2918 3024/3024/2919 3022/3022/2917
f 3025/3025/2920 3024/3024/2919 3023/3023/2918
f 3026/3026/2921 3027/3027/2922 3028/3028/2923
f 3028/3028/2923 3027/3027/2922 3029/3029/2924
f 3026/3026/2921 3030/3030/2925 3027/3027/2922
f 3031/3031/2926 3030/3030/2925 3026/3026/2921
f 3032/3032/2927 3033/3033/2928 3031/3031/2926
f 3031/3031/2926 3033/3033/2928 3030/3030/2925
f 3032/3032/2927 3034/3034/2929 3033/3033/2928
f 3035/3035/2930 3034/3034/2929 3032/3032/2927
f 3036/3036/2931 3037/3037/2932 3038/3038/2933
f 3038/3038/2933 3037/3037/2932 3039/3039/2934
f 3036/3036/2931 3040/3040/2935 3037/3037/2932
f 3041/3041/2936 3040/3040/2935 3036/3036/2931
f 3041/3041/2936 3042/3042/2937 3040/3040/2935
f 3043/3043/2938 3042/3042/2937 3041/3041/2936
f 3044/3044/2939 3045/3045/2940 3043/3043/2938
f 3043/3043/2938 3045/3045/2940 3042/3042/2937
f 3037/3037/2932 3046/3046/2941 3039/3039/2934
f 3039/3039/2934 3046/3046/2941 3047/3047/2942
f 3037/3037/2932 3048/3048/2943 3046/3046/2941
f 3040/3040/2935 3048/3048/2943 3037/3037/2932
f 3042/3042/2937 3049/3049/2944 3040/3040/2935
f 3040/3040/2935 3049/3049/2944 3048/3048/2943
f 3042/3042/2937 3050/3050/2945 3049/3049/2944
f 3045/3045/2940 3050/3050/2945 3042/3042/2937
f 3051/3051/2946 3052/3052/2947 3053/3053/2948
f 3053/3053/2948 3052/3052/2947 3054/3054/2949
f 3051/3051/2946 3055/3055/2950 3052/3052/2947
f 3056/3056/2951 3055/3055/2950 3051/3051/2946
f 3056/3056/2951 3057/3057/2952 3055/3055/2950
f 3058/3058/2953 3057/3057/2952 3056/3056/2951
f 3058/3058/2953 3059/3059/2949 3057/3057/2952
f 3060/3060/2954 3059/3059/2949 3058/3058/2953
f 3061/3061/2955 3062/3062/2956 3063/3063/2957
f 3063/3063/2957 3062/3062/2956 3064/3064/2958
f 3065/3065/2959 3066/3066/2960 3061/3061/2955
f 3061/3061/2955 3066/3066/2960 3062/3062/2956
f 3065/3065/2959 3067/3067/2961 3066/3066/2960
f 3068/3068/2962 3067/3067/2961 3065/3065/2959
f 3068/3068/2962 3069/3069/2963 3067/3067/2961
f 3070/3070/2949 3069/3069/2963 3068/3068/2962
f 3071/3071/2964 3072/3072/2965 3073/3073/2966
f 3073/3073/2966 3072/3072/2965 3074/3074/2967
f 3071/3071/2964 3075/3075/2968 3072/3072/2965
f 3076/3076/2969 3075/3075/2968 3071/3071/2964
f 3077/3077/2970 3078/3078/2971 3076/3076/2969
f 3076/3076/2969 3078/3078/2971 3075/3075/2968
f 3077/3077/2970 3079/3079/2972 3078/3078/2971
f 3080/3080/2973 3079/3079/2972 3077/3077/2970
f 3072/3072/2965 3081/3081/2974 3074/3074/2967
f 3074/3074/2967 3081/3081/2974 3082/3082/2975
f 3072/3072/2965 3083/3083/2976 3081/3081/2974
f 3075/3075/2968 3083/3083/2976 3072/3072/2965
f 3075/3075/2968 3084/3084/2977 3083/3083/2976
f 3078/3078/2971 3084/3084/2977 3075/3075/2968
f 3079/3079/2972 3085/3085/2978 3078/3078/2971
f 3078/3078/2971 3085/3085/2978 3084/3084/2977
f 3086/3086/2979 3087/3087/2980 3088/3088/2981
f 3088/3088/2981 3087/3087/2980 3089/3089/2982
f 3086/3086/2979 3090/3090/2983 3087/3087/2980
f 3091/3091/2984 3090/3090/2983 3086/3086/2979
f 3092/3092/2985 3093/3093/2986 3091/3091/2984
f 3091/3091/2984 3093/3093/2986 3090/3090/2983
f 3092/3092/2985 3094/3094/2987 3093/3093/2986
f 3095/3095/2988 3094/3094/2987 3092/3092/2985
f 3087/3087/2980 3096/3096/1005 3089/3089/2982
f 3089/3089/2982 3096/3096/1005 3097/3097/1007
f 3087/3087/2980 3098/3098/1010 3096/3096/1005
f 3090/3090/2983 3098/3098/1010 3087/3087/2980
f 3090/3090/2983 3099/3099/2989 3098/3098/1010
f 3093/3093/2986 3099/3099/2989 3090/3090/2983
f 3093/3093/2986 3100/3100/2990 3099/3099/2989
f 3094/3094/2987 3100/3100/2990 3093/3093/2986
f 3101/3101/2991 3102/3102/2992 3103/3103/2993
f 3103/3103/2993 3102/3102/2992 3104/3104/2994
f 3105/3105/2995 3106/3106/2996 3101/3101/2991
f 3101/3101/2991 3106/3106/2996 3102/3102/2992
f 3105/3105/2995 3107/3107/2997 3106/3106/2996
f 3108/3108/2998 3107/3107/2997 3105/3105/2995
f 3108/3108/2998 3109/3109/2999 3107/3107/2997
f 3110/3110/3000 3109/3109/2999 3108/3108/2998
f 3111/3111/3001 3112/3112/3002 3113/3113/3003
f 3113/3113/3003 3112/3112/3002 3114/3114/3004
f 3111/3111/3001 3115/3115/3005 3112/3112/3002
f 3116/3116/2996 3115/3115/3005 3111/3111/3001
f 3117/3117/3006 3118/3118/3007 3116/3116/2996
f 3116/3116/2996 3118/3118/3007 3115/3115/3005
f 3117/3117/3006 3119/3119/3008 3118/3118/3007
f 3120/3120/3009 3119/3119/3008 3117/3117/3006
f 3121/3121/878 3122/3122/3010 3123/3123/3011
f 3123/3123/3011 3122/3122/3010 3124/3124/3012
f 3121/3121/878 3125/3125/3013 3122/3122/3010
f 3126/3126/3014 3125/3125/3013 3121/3121/878
f 3126/3126/3014 3127/3127/3015 3125/3125/3013
f 3128/3128/3016 3127/3127/3015 3126/3126/3014
f 3129/3129/3017 3130/3130/3018 3128/3128/3016
f 3128/3128/3016 3130/3130/3018 3127/3127/3015
f 3122/3122/3010 3131/3131/3019 3124/3124/3012
f 3124/3124/3012 3131/3131/3019 3132/3132/3020
f 3122/3122/3010 3133/3133/3021 3131/3131/3019
f 3125/3125/3013 3133/3133/3021 3122/3122/3010
f 3127/3127/3015 3134/3134/3022 3125/3125/3013
f 3125/3125/3013 3134/3134/3022 3133/3133/3021
f 3127/3127/3015 3135/3135/895 3134/3134/3022
f 3130/3130/3018 3135/3135/895 3127/3127/3015
f 3136/3136/3023 3137/3137/3024 3138/3138/3025
f 3138/3138/3025 3137/3137/3024 3139/3139/3026
f 3136/3136/3023 3140/3140/3027 3137/3137/3024
f 3141/3141/3028 3140/3140/3027 3136/3136/3023
f 3141/3141/3028 3142/3142/3029 3140/3140/3027
f 3143/3143/3030 3142/3142/3029 3141/3141/3028
f 3143/3143/3030 3144/3144/3031 3142/3142/3029
f 3145/3145/3032 3144/3144/3031 3143/3143/3030
f 3137/3137/3024 3146/3146/3033 3139/3139/3026
f 3139/3139/3026 3146/3146/3033 3147/3147/3034
f 3140/3140/3027 3148/3148/3035 3137/3137/3024
f 3137/3137/3024 3148/3148/3035 3146/3146/3033
f 3140/3140/3027 3149/3149/3036 3148/3148/3035
f 3142/3142/3029 3149/3149/3036 3140/3140/3027
f 3142/3142/3029 3150/3150/3037 3149/3149/3036
f 3144/3144/3031 3150/3150/3037 3142/3142/3029
f 3151/3151/3038 3152/3152/3039 3153/3153/3040
f 3153/3153/3040 3152/3152/3039 3154/3154/3041
f 3151/3151/3038 3155/3155/3042 3152/3152/3039
f 3156/3156/3043 3155/3155/3042 3151/3151/3038
f 3157/3157/3044 3158/3158/3045 3156/3156/3043
f 3156/3156/3043 3158/3158/3045 3155/3155/3042
f 3157/3157/3044 3159/3159/3046 3158/3158/3045
f 3160/3160/3047 3159/3159/3046 3157/3157/3044
f 3161/3161/3048 3162/3162/3049 3163/3163/3050
f 3163/3163/3050 3162/3162/3049 3164/3164/3051
f 3161/3161/3048 3165/3165/3052 3162/3162/3049
f 3166/3166/3053 3165/3165/3052 3161/3161/3048
f 3166/3166/3053 3167/3167/3054 3165/3165/3052
f 3168/3168/3055 3167/3167/3054 3166/3166/3053
f 3169/3169/3056 3170/3170/3057 3168/3168/3055
f 3168/3168/3055 3170/3170/3057 3167/3167/3054
f 3171/3171/3058 3172/3172/3059 3173/3173/3060
f 3173/3173/3060 3172/3172/3059 3174/3174/3061
f 3171/3171/3058 3175/3175/3062 3172/3172/3059
f 3176/3176/3063 3175/3175/3062 3171/3171/3058
f 3177/3177/3064 3178/3178/3065 3176/3176/3063
f 3176/3176/3063 3178/3178/3065 3175/3175/3062
f 3177/3177/3064 3179/3179/3066 3178/3178/3065
f 3180/3180/3067 3179/3179/3066 3177/3177/3064
f 3172/3172/3059 3181/3181/3068 3174/3174/3061
f 3174/3174/3061 3181/3181/3068 3182/3182/3069
f 3172/3172/3059 3183/3183/3070 3181/3181/3068
f 3175/3175/3062 3183/3183/3070 3172/3172/3059
f 3175/3175/3062 3184/3184/3071 3183/3183/3070
f 3178/3178/3065 3184/3184/3071 3175/3175/3062
f 3178/3178/3065 3185/3185/3072 3184/3184/3071
f 3179/3179/3066 3185/3185/3072 3178/3178/3065
f 3186/3186/3073 3187/3187/3074 3188/3188/3075
f 3188/3188/3075 3187/3187/3074 3189/3189/3076
f 3190/3190/3077 3191/3191/3078 3186/3186/3073
f 3186/3186/3073 3191/3191/3078 3187/3187/3074
f 3190/3190/3077 3192/3192/3079 3191/3191/3078
f 3193/3193/3080 3192/3192/3079 3190/3190/3077
f 3193/3193/3080 3194/3194/3081 3192/3192/3079
f 3195/3195/3082 3194/3194/3081 3193/3193/3080
f 3187/3187/3074 3196/3196/3083 3189/3189/3076
f 3189/3189/3076 3196/3196/3083 3197/3197/3084
f 3187/3187/3074 3198/3198/3085 3196/3196/3083
f 3191/3191/3078 3198/3198/3085 3187/3187/3074
f 3192/3192/3079 3199/3199/3086 3191/3191/3078
f 3191/3191/3078 3199/3199/3086 3198/3198/3085
f 3192/3192/3079 3200/3200/3087 3199/3199/3086
f 3194/3194/3081 3200/3200/3087 3192/3192/3079
f 3201/3201/3088 3202/3202/3089 3203/3203/3090
f 3203/3203/3090 3202/3202/3089 3204/3204/3091
f 3201/3201/3088 3205/3205/3092 3202/3202/3089
f 3206/3206/3093 3205/3205/3092 3201/3201/3088
f 3206/3206/3093 3207/3207/3094 3205/3205/3092
f 3208/3208/3095 3207/3207/3094 3206/3206/3093
f 3209/3209/3096 3210/3210/3097 3208/3208/3095
f 3208/3208/3095 3210/3210/3097 3207/3207/3094
f 3211/3211/3098 3212/3212/3099 3213/3213/3100
f 3213/3213/3100 3212/3212/3099 3214/3214/3101
f 3211/3211/3098 3215/3215/3102 3212/3212/3099
f 3216/3216/3103 3215/3215/3102 3211/3211/3098
f 3217/3217/3104 3218/3218/3105 3216/3216/3103
f 3216/3216/3103 3218/3218/3105 3215/3215/3102
f 3217/3217/3104 3219/3219/3106 3218/3218/3105
f 3220/3220/3107 3219/3219/3106 3217/3217/3104
f 3221/3221/3108 3222/3222/3109 3223/3223/3110
f 3223/3223/3110 3222/3222/3109 3224/3224/3111
f 3221/3221/3108 3225/3225/3112 3222/3222/3109
f 3226/3226/3113 3225/3225/3112 3221/3221/3108
f 3226/3226/3113 3227/3227/3114 3225/3225/3112
f 3228/3228/3115 3227/3227/3114 3226/3226/3113
f 3228/3228/3115 3229/3229/3116 3227/3227/3114
f 3230/3230/3117 3229/3229/3116 3228/3228/3115
f 3222/3222/3109 3231/3231/3118 3224/3224/3111
f 3224/3224/3111 3231/3231/3118 3232/3232/3119
f 3225/3225/3112 3233/3233/3120 3222/3222/3109
f 3222/3222/3109 3233/3233/3120 3231/3231/3118
f 3225/3225/3112 3234/3234/3121 3233/3233/3120
f 3227/3227/3114 3234/3234/3121 3225/3225/3112
f 3227/3227/3114 3235/3235/3122 3234/3234/3121
f 3229/3229/3116 3235/3235/3122 3227/3227/3114
f 3236/3236/3123 3237/3237/3124 3238/3238/3125
f 3238/3238/3125 3237/3237/3124 3239/3239/3126
f 3236/3236/3123 3240/3240/3127 3237/3237/3124
f 3241/3241/3128 3240/3240/3127 3236/3236/3123
f 3242/3242/3129 3243/3243/3130 3241/3241/3128
f 3241/3241/3128 3243/3243/3130 3240/3240/3127
f 3242/3242/3129 3244/3244/3131 3243/3243/3130
f 3245/3245/3132 3244/3244/3131 3242/3242/3129
f 3237/3237/3124 3246/3246/3133 3239/3239/3126
f 3239/3239/3126 3246/3246/3133 3247/3247/3134
f 3237/3237/3124 3248/3248/3135 3246/3246/3133
f 3240/3240/3127 3248/3248/3135 3237/3237/3124
f 3240/3240/3127 3249/3249/3136 3248/3248/3135
f 3243/3243/3130 3249/3249/3136 3240/3240/3127
f 3244/3244/3131 3250/3250/3137 3243/3243/3130
f 3243/3243/3130 3250/3250/3137 3249/3249/3136
f 3246/3246/3133 3251/3251/3138 3247/3247/3134
f 3247/3247/3134 3251/3251/3138 3252/3252/3139
f 3246/3246/3133 3253/3253/3140 3251/3251/3138
f 3248/3248/3135 3253/3253/3140 3246/3246/3133
f 3249/3249/3136 3254/3254/3141 3248/3248/3135
f 3248/3248/3135 3254/3254/3141 3253/3253/3140
f 3249/3249/3136 3255/3255/3142 3254/3254/3141
f 3250/3250/3137 3255/3255/3142 3249/3249/3136
f 3256/3256/3143 3257/3257/3144 3258/3258/3145
f 3258/3258/3145 3257/3257/3144 3259/3259/3146
f 3256/3256/3143 3260/3260/3147 3257/3257/3144
f 3261/3261/3148 3260/3260/3147 3256/3256/3143
f 3261/3261/3148 3262/3262/3149 3260/3260/3147
f 3263/3263/3150 3262/3262/3149 3261/3261/3148
f 3263/3263/3150 3264/3264/3151 3262/3262/3149
f 3265/3265/3152 3264/3264/3151 3263/3263/3150
f 3257/3257/3144 3266/3266/3153 3259/3259/3146
f 3259/3259/3146 3266/3266/3153 3267/3267/3154
f 3260/3260/3147 3268/3268/3155 3257/3257/3144
f 3257/3257/3144 3268/3268/3155 3266/3266/3153
f 3260/3260/3147 3269/3269/3156 3268/3268/3155
f 3262/3262/3149 3269/3269/3156 3260/3260/3147
f 3262/3262/3149 3270/3270/3157 3269/3269/3156
f 3264/3264/3151 3270/3270/3157 3262/3262/3149
f 3271/3271/3158 3272/3272/3159 3273/3273/3160
f 3273/3273/3160 3272/3272/3159 3274/3274/3161
f 3271/3271/3158 3275/3275/3162 3272/3272/3159
f 3276/3276/3163 3275/3275/3162 3271/3271/3158
f 3277/3277/3164 3278/3278/3165 3276/3276/3163
f 3276/3276/3163 3278/3278/3165 3275/3275/3162
f 3277/3277/3164 3279/3279/3166 3278/3278/3165
f 3280/3280/3167 3279/3279/3166 3277/3277/3164
f 3272/3272/3159 3281/3281/3168 3274/3274/3161
f 3274/3274/3161 3281/3281/3168 3282/3282/3169
f 3272/3272/3159 3283/3283/3170 3281/3281/3168
f 3275/3275/3162 3283/3283/3170 3272/3272/3159
f 3275/3275/3162 3284/3284/3171 3283/3283/3170
f 3278/3278/3165 3284/3284/3171 3275/3275/3162
f 3279/3279/3166 3285/3285/3172 3278/3278/3165
f 3278/3278/3165 3285/3285/3172 3284/3284/3171
f 3286/3286/3173 3287/3287/3174 3288/3288/3175
f 3288/3288/3175 3287/3287/3174 3289/3289/3176
f 3286/3286/3173 3290/3290/3177 3287/3287/3174
f 3291/3291/3178 3290/3290/3177 3286/3286/3173
f 3292/3292/3179 3293/3293/3180 3291/3291/3178
f 3291/3291/3178 3293/3293/3180 3290/3290/3177
f 3292/3292/3179 3294/3294/3181 3293/3293/3180
f 3295/3295/3182 3294/3294/3181 3292/3292/3179
f 3287/3287/3174 3296/3296/3183 3289/3289/3176
f 3289/3289/3176 3296/3296/3183 3297/3297/3184
f 3287/3287/3174 3298/3298/3185 3296/3296/3183
f 3290/3290/3177 3298/3298/3185 3287/3287/3174
f 3290/3290/3177 3299/3299/3186 3298/3298/3185
f 3293/3293/3180 3299/3299/3186 3290/3290/3177
f 3293/3293/3180 3300/3300/3187 3299/3299/3186
f 3294/3294/3181 3300/3300/3187 3293/3293/3180
f 3301/3301/3188 3302/3302/3189 3303/3303/3190
f 3303/3303/3190 3302/3302/3189 3304/3304/3191
f 3305/3305/3192 3306/3306/3193 3301/3301/3188
f 3301/3301/3188 3306/3306/3193 3302/3302/3189
f 3305/3305/3192 3307/3307/3194 3306/3306/3193
f 3308/3308/3195 3307/3307/3194 3305/3305/3192
f 3308/3308/3195 3309/3309/3196 3307/3307/3194
f 3310/3310/994 3309/3309/3196 3308/3308/3195
f 3302/3302/3189 3311/3311/3197 3304/3304/3191
f 3304/3304/3191 3311/3311/3197 3312/3312/3198
f 3302/3302/3189 3313/3313/3199 3311/3311/3197
f 3306/3306/3193 3313/3313/3199 3302/3302/3189
f 3307/3307/3194 3314/3314/3200 3306/3306/3193
f 3306/3306/3193 3314/3314/3200 3313/3313/3199
f 3307/3307/3194 3315/3315/3201 3314/3314/3200
f 3309/3309/3196 3315/3315/3201 3307/3307/3194
f 3316/3316/3202 3317/3317/3203 3318/3318/3204
f 3318/3318/3204 3317/3317/3203 3319/3319/3205
f 3316/3316/3202 3320/3320/3206 3317/3317/3203
f 3321/3321/3207 3320/3320/3206 3316/3316/3202
f 3321/3321/3207 3322/3322/3208 3320/3320/3206
f 3323/3323/3209 3322/3322/3208 3321/3321/3207
f 3324/3324/3210 3325/3325/3211 3323/3323/3209
f 3323/3323/3209 3325/3325/3211 3322/3322/3208
f 3317/3317/3203 3326/3326/3212 3319/3319/3205
f 3319/3319/3205 3326/3326/3212 3327/3327/3213
f 3317/3317/3203 3328/3328/3214 3326/3326/3212
f 3320/3320/3206 3328/3328/3214 3317/3317/3203
f 3322/3322/3208 3329/3329/3215 3320/3320/3206
f 3320/3320/3206 3329/3329/3215 3328/3328/3214
f 3322/3322/3208 3330/3330/3216 3329/3329/3215
f 3325/3325/3211 3330/3330/3216 3322/3322/3208
f 3331/3331/3217 3332/3332/3218 3333/3333/1008
f 3333/3333/1008 3332/3332/3218 3334/3334/3219
f 3331/3331/3217 3335/3335/3220 3332/3332/3218
f 3336/3336/3221 3335/3335/3220 3331/3331/3217
f 3336/3336/3221 3337/3337/3222 3335/3335/3220
f 3338/3338/3223 3337/3337/3222 3336/3336/3221
f 3338/3338/3223 3339/3339/3224 3337/3337/3222
f 3340/3340/3225 3339/3339/3224 3338/3338/3223
f 3332/3332/3218 3341/3341/3226 3334/3334/3219
f 3334/3334/3219 3341/3341/3226 3342/3342/3227
f 3335/3335/3220 3343/3343/3228 3332/3332/3218
f 3332/3332/3218 3343/3343/3228 3341/3341/3226
f 3335/3335/3220 3344/3344/1162 3343/3343/3228
f 3337/3337/3222 3344/3344/1162 3335/3335/3220
f 3337/3337/3222 3345/3345/3229 3344/3344/1162
f 3339/3339/3224 3345/3345/3229 3337/3337/3222
f 3346/3346/3230 3347/3347/3231 3348/3348/3232
f 3348/3348/3232 3347/3347/3231 3349/3349/3233
f 3346/3346/3230 3350/3350/3234 3347/3347/3231
f 3351/3351/3235 3350/3350/3234 3346/3346/3230
f 3352/3352/3236 3353/3353/3237 3351/3351/3235
f 3351/3351/3235 3353/3353/3237 3350/3350/3234
f 3352/3352/3236 3354/3354/3238 3353/3353/3237
f 3355/3355/1024 3354/3354/3238 3352/3352/3236
f 3356/3356/3239 3357/3357/3240 3358/3358/3238
f 3358/3358/3238 3357/3357/3240 3359/3359/3241
f 3356/3356/3239 3360/3360/1030 3357/3357/3240
f 3361/3361/3242 3360/3360/1030 3356/3356/3239
f 3361/3361/3242 3362/3362/3243 3360/3360/1030
f 3363/3363/3244 3362/3362/3243 3361/3361/3242
f 3364/3364/3245 3365/3365/3246 3363/3363/3244
f 3363/3363/3244 3365/3365/3246 3362/3362/3243
f 3366/3366/3247 3367/3367/3248 3368/3368/3249
f 3368/3368/3249 3367/3367/3248 3369/3369/3250
f 3366/3366/3247 3370/3370/3251 3367/3367/3248
f 3371/3371/3252 3370/3370/3251 3366/3366/3247
f 3372/3372/3253 3373/3373/3254 3371/3371/3252
f 3371/3371/3252 3373/3373/3254 3370/3370/3251
f 3372/3372/3253 3374/3374/3255 3373/3373/3254
f 3375/3375/3256 3374/3374/3255 3372/3372/3253
f 3367/3367/3248 3376/3376/3257 3369/3369/3250
f 3369/3369/3250 3376/3376/3257 3377/3377/3258
f 3367/3367/3248 3378/3378/3259 3376/3376/3257
f 3370/3370/3251 3378/3378/3259 3367/3367/3248
f 3370/3370/3251 3379/3379/3260 3378/3378/3259
f 3373/3373/3254 3379/3379/3260 3370/3370/3251
f 3373/3373/3254 3380/3380/3261 3379/3379/3260
f 3374/3374/3255 3380/3380/3261 3373/3373/3254
f 3381/3381/3262 3382/3382/3263 3383/3383/3264
f 3383/3383/3264 3382/3382/3263 3384/3384/3265
f 3385/3385/3266 3386/3386/3267 3381/3381/3262
f 3381/3381/3262 3386/3386/3267 3382/3382/3263
f 3385/3385/3266 3387/3387/3268 3386/3386/3267
f 3388/3388/3269 3387/3387/3268 3385/3385/3266
f 3388/3388/3269 3389/3389/3270 3387/3387/3268
f 3390/3390/3271 3389/3389/3270 3388/3388/3269
f 3382/3382/3263 3391/3391/3272 3384/3384/3265
f 3384/3384/3265 3391/3391/3272 3392/3392/1077
f 3382/3382/3263 3393/3393/3273 3391/3391/3272
f 3386/3386/3267 3393/3393/3273 3382/3382/3263
f 3387/3387/3268 3394/3394/3274 3386/3386/3267
f 3386/3386/3267 3394/3394/3274 3393/3393/3273
f 3387/3387/3268 3395/3395/3275 3394/3394/3274
f 3389/3389/3270 3395/3395/3275 3387/3387/3268
f 3396/3396/3276 3397/3397/3277 3398/3398/3278
f 3398/3398/3278 3397/3397/3277 3399/3399/3279
f 3396/3396/3276 3400/3400/3280 3397/3397/3277
f 3401/3401/1049 3400/3400/3280 3396/3396/3276
f 3401/3401/1049 3402/3402/3281 3400/3400/3280
f 3403/3403/3282 3402/3402/3281 3401/3401/1049
f 3404/3404/3283 3405/3405/3284 3403/3403/3282
f 3403/3403/3282 3405/3405/3284 3402/3402/3281
f 3406/3406/3285 3407/3407/3286 3408/3408/3287
f 3408/3408/3287 3407/3407/3286 3409/3409/3288
f 3406/3406/3285 3410/3410/3289 3407/3407/3286
f 3411/3411/3290 3410/3410/3289 3406/3406/3285
f 3412/3412/3291 3413/3413/3292 3411/3411/3290
f 3411/3411/3290 3413/3413/3292 3410/3410/3289
f 3412/3412/3291 3414/3414/3293 3413/3413/3292
f 3415/3415/3294 3414/3414/3293 3412/3412/3291
f 3416/3416/3295 3417/3417/3296 3418/3418/3297
f 3418/3418/3297 3417/3417/3296 3419/3419/3298
f 3416/3416/3295 3420/3420/3299 3417/3417/3296
f 3421/3421/3300 3420/3420/3299 3416/3416/3295
f 3421/3421/3300 3422/3422/3301 3420/3420/3299
f 3423/3423/3302 3422/3422/3301 3421/3421/3300
f 3423/3423/3302 3424/3424/3298 3422/3422/3301
f 3425/3425/3297 3424/3424/3298 3423/3423/3302
f 3417/3417/3296 3426/3426/3303 3419/3419/3298
f 3419/3419/3298 3426/3426/3303 3427/3427/3304
f 3420/3420/3299 3428/3428/3305 3417/3417/3296
f 3417/3417/3296 3428/3428/3305 3426/3426/3303
f 3420/3420/3299 3429/3429/1072 3428/3428/3305
f 3422/3422/3301 3429/3429/1072 3420/3420/3299
f 3422/3422/3301 3430/3430/3306 3429/3429/1072
f 3424/3424/3298 3430/3430/3306 3422/3422/3301
f 3431/3431/3307 3432/3432/3308 3433/3433/3309
f 3433/3433/3309 3432/3432/3308 3434/3434/3310
f 3431/3431/3307 3435/3435/3311 3432/3432/3308
f 3436/3436/3312 3435/3435/3311 3431/3431/3307
f 3437/3437/3313 3438/3438/3314 3436/3436/3312
f 3436/3436/3312 3438/3438/3314 3435/3435/3311
f 3437/3437/3313 3439/3439/3315 3438/3438/3314
f 3440/3440/3316 3439/3439/3315 3437/3437/3313
f 3432/3432/3308 3441/3441/3317 3434/3434/3310
f 3434/3434/3310 3441/3441/3317 3442/3442/3318
f 3432/3432/3308 3443/3443/3319 3441/3441/3317
f 3435/3435/3311 3443/3443/3319 3432/3432/3308
f 3435/3435/3311 3444/3444/3320 3443/3443/3319
f 3438/3438/3314 3444/3444/3320 3435/3435/3311
f 3439/3439/3315 3445/3445/3321 3438/3438/3314
f 3438/3438/3314 3445/3445/3321 3444/3444/3320
f 3446/3446/3322 3447/3447/3323 3448/3448/3324
f 3448/3448/3324 3447/3447/3323 3449/3449/3325
f 3446/3446/3322 3450/3450/3326 3447/3447/3323
f 3451/3451/3327 3450/3450/3326 3446/3446/3322
f 3452/3452/3328 3453/3453/3329 3451/3451/3327
f 3451/3451/3327 3453/3453/3329 3450/3450/3326
f 3452/3452/3328 3454/3454/3330 3453/3453/3329
f 3455/3455/3331 3454/3454/3330 3452/3452/3328
f 3456/3456/3332 3457/3457/3333 3458/3458/3334
f 3458/3458/3334 3457/3457/3333 3459/3459/3335
f 3456/3456/3332 3460/3460/3336 3457/3457/3333
f 3461/3461/3337 3460/3460/3336 3456/3456/3332
f 3461/3461/3337 3462/3462/3338 3460/3460/3336
f 3463/3463/3339 3462/3462/3338 3461/3461/3337
f 3463/3463/3339 3464/3464/3340 3462/3462/3338
f 3465/3465/3341 3464/3464/3340 3463/3463/3339
f 3466/3466/3342 3467/3467/3343 3468/3468/3344
f 3468/3468/3344 3467/3467/3343 3469/3469/3345
f 3470/3470/3346 3471/3471/3347 3466/3466/3342
f 3466/3466/3342 3471/3471/3347 3467/3467/3343
f 3470/3470/3346 3472/3472/3348 3471/3471/3347
f 3473/3473/3349 3472/3472/3348 3470/3470/3346
f 3473/3473/3349 3474/3474/3350 3472/3472/3348
f 3475/3475/1094 3474/3474/3350 3473/3473/3349
f 3467/3467/3343 3476/3476/3351 3469/3469/3345
f 3469/3469/3345 3476/3476/3351 3477/3477/3352
f 3467/3467/3343 3478/3478/3353 3476/3476/3351
f 3471/3471/3347 3478/3478/3353 3467/3467/3343
f 3472/3472/3348 3479/3479/3354 3471/3471/3347
f 3471/3471/3347 3479/3479/3354 3478/3478/3353
f 3472/3472/3348 3480/3480/3355 3479/3479/3354
f 3474/3474/3350 3480/3480/3355 3472/3472/3348
f 3481/3481/3356 3482/3482/3357 3483/3483/3358
f 3483/3483/3358 3482/3482/3357 3484/3484/3359
f 3481/3481/3356 3485/3485/3360 3482/3482/3357
f 3486/3486/3361 3485/3485/3360 3481/3481/3356
f 3486/3486/3361 3487/3487/3362 3485/3485/3360
f 3488/3488/3363 3487/3487/3362 3486/3486/3361
f 3489/3489/3364 3490/3490/3365 3488/3488/3363
f 3488/3488/3363 3490/3490/3365 3487/3487/3362
f 3482/3482/3357 3491/3491/3366 3484/3484/3359
f 3484/3484/3359 3491/3491/3366 3492/3492/3367
f 3482/3482/3357 3493/3493/3368 3491/3491/3366
f 3485/3485/3360 3493/3493/3368 3482/3482/3357
f 3487/3487/3362 3494/3494/3369 3485/3485/3360
f 3485/3485/3360 3494/3494/3369 3493/3493/3368
f 3487/3487/3362 3495/3495/3370 3494/3494/3369
f 3490/3490/3365 3495/3495/3370 3487/3487/3362
f 3496/3496/3371 3497/3497/3372 3498/3498/3373
f 3498/3498/3373 3497/3497/3372 3499/3499/3374
f 3496/3496/3371 3500/3500/3375 3497/3497/3372
f 3501/3501/3376 3500/3500/3375 3496/3496/3371
f 3501/3501/3376 3502/3502/3377 3500/3500/3375
f 3503/3503/3378 3502/3502/3377 3501/3501/3376
f 3503/3503/3378 3504/3504/3379 3502/3502/3377
f 3505/3505/3380 3504/3504/3379 3503/3503/3378
f 3497/3497/3372 3506/3506/3381 3499/3499/3374
f 3499/3499/3374 3506/3506/3381 3507/3507/3382
f 3500/3500/3375 3508/3508/3383 3497/3497/3372
f 3497/3497/3372 3508/3508/3383 3506/3506/3381
f 3500/3500/3375 3509/3509/3384 3508/3508/3383
f 3502/3502/3377 3509/3509/3384 3500/3500/3375
f 3502/3502/3377 3510/3510/3385 3509/3509/3384
f 3504/3504/3379 3510/3510/3385 3502/3502/3377
f 3511/3511/3386 3512/3512/3387 3513/3513/3388
f 3513/3513/3388 3512/3512/3387 3514/3514/3389
f 3511/3511/3386 3515/3515/3390 3512/3512/3387
f 3516/3516/3391 3515/3515/3390 3511/3511/3386
f 3517/3517/3392 3518/3518/3393 3516/3516/3391
f 3516/3516/3391 3518/3518/3393 3515/3515/3390
f 3517/3517/3392 3519/3519/3394 3518/3518/3393
f 3520/3520/3395 3519/3519/3394 3517/3517/3392
f 3512/3512/3387 3521/3521/3396 3514/3514/3389
f 3514/3514/3389 3521/3521/3396 3522/3522/3397
f 3512/3512/3387 3523/3523/3398 3521/3521/3396
f 3515/3515/3390 3523/3523/3398 3512/3512/3387
f 3515/3515/3390 3524/3524/3399 3523/3523/3398
f 3518/3518/3393 3524/3524/3399 3515/3515/3390
f 3519/3519/3394 3525/3525/3400 3518/3518/3393
f 3518/3518/3393 3525/3525/3400 3524/3524/3399
f 3526/3526/3401 3527/3527/3402 3528/3528/3403
f 3528/3528/3403 3527/3527/3402 3529/3529/3404
f 3526/3526/3401 3530/3530/3405 3527/3527/3402
f 3531/3531/3406 3530/3530/3405 3526/3526/3401
f 3532/3532/3407 3533/3533/3408 3531/3531/3406
f 3531/3531/3406 3533/3533/3408 3530/3530/3405
f 3532/3532/3407 3534/3534/3404 3533/3533/3408
f 3535/3535/3409 3534/3534/3404 3532/3532/3407
f 3527/3527/3402 3536/3536/3410 3529/3529/3404
f 3529/3529/3404 3536/3536/3410 3537/3537/3411
f 3527/3527/3402 3538/3538/3412 3536/3536/3410
f 3530/3530/3405 3538/3538/3412 3527/3527/3402
f 3530/3530/3405 3539/3539/3413 3538/3538/3412
f 3533/3533/3408 3539/3539/3413 3530/3530/3405
f 3533/3533/3408 3540/3540/3414 3539/3539/3413
f 3534/3534/3404 3540/3540/3414 3533/3533/3408
f 3541/3541/3415 3542/3542/3416 3543/3543/3417
f 3543/3543/3417 3542/3542/3416 3544/3544/3418
f 3545/3545/3419 3546/3546/3420 3541/3541/3415
f 3541/3541/3415 3546/3546/3420 3542/3542/3416
f 3545/3545/3419 3547/3547/3421 3546/3546/3420
f 3548/3548/3422 3547/3547/3421 3545/3545/3419
f 3548/3548/3422 3549/3549/3423 3547/3547/3421
f 3550/3550/3424 3549/3549/3423 3548/3548/3422
f 3542/3542/3416 3551/3551/3425 3544/3544/3418
f 3544/3544/3418 3551/3551/3425 3552/3552/3426
f 3542/3542/3416 3553/3553/3427 3551/3551/3425
f 3546/3546/3420 3553/3553/3427 3542/3542/3416
f 3547/3547/3421 3554/3554/3428 3546/3546/3420
f 3546/3546/3420 3554/3554/3428 3553/3553/3427
f 3547/3547/3421 3555/3555/3429 3554/3554/3428
f 3549/3549/3423 3555/3555/3429 3547/3547/3421
f 3556/3556/3430 3557/3557/3431 3558/3558/3432
f 3558/3558/3432 3557/3557/3431 3559/3559/3433
f 3556/3556/3430 3560/3560/3434 3557/3557/3431
f 3561/3561/3435 3560/3560/3434 3556/3556/3430
f 3561/3561/3435 3562/3562/3436 3560/3560/3434
f 3563/3563/3437 3562/3562/3436 3561/3561/3435
f 3564/3564/3438 3565/3565/3439 3563/3563/3437
f 3563/3563/3437 3565/3565/3439 3562/3562/3436
f 3557/3557/3431 3566/3566/3440 3559/3559/3433
f 3559/3559/3433 3566/3566/3440 3567/3567/3441
f 3557/3557/3431 3568/3568/3442 3566/3566/3440
f 3560/3560/3434 3568/3568/3442 3557/3557/3431
f 3562/3562/3436 3569/3569/3443 3560/3560/3434
f 3560/3560/3434 3569/3569/3443 3568/3568/3442
f 3562/3562/3436 3570/3570/3444 3569/3569/3443
f 3565/3565/3439 3570/3570/3444 3562/3562/3436
f 3571/3571/3445 3572/3572/3446 3573/3573/3447
f 3573/3573/3447 3572/3572/3446 3574/3574/3448
f 3571/3571/3445 3575/3575/3449 3572/3572/3446
f 3576/3576/3450 3575/3575/3449 3571/3571/3445
f 3576/3576/3450 3577/3577/3451 3575/3575/3449
f 3578/3578/3452 3577/3577/3451 3576/3576/3450
f 3578/3578/3452 3579/3579/3453 3577/3577/3451
f 3580/3580/3454 3579/3579/3453 3578/3578/3452
f 3581/3581/3455 3582/3582/3456 3583/3583/3457
f 3583/3583/3457 3582/3582/3456 3584/3584/3458
f 3585/3585/3459 3586/3586/3460 3581/3581/3455
f 3581/3581/3455 3586/3586/3460 3582/3582/3456
f 3585/3585/3459 3587/3587/3461 3586/3586/3460
f 3588/3588/3451 3587/3587/3461 3585/3585/3459
f 3588/3588/3451 3589/3589/3462 3587/3587/3461
f 3590/3590/3463 3589/3589/3462 3588/3588/3451
f 3591/3591/3464 3592/3592/3465 3593/3593/3466
f 3593/3593/3466 3592/3592/3465 3594/3594/3467
f 3591/3591/3464 3595/3595/3468 3592/3592/3465
f 3596/3596/3469 3595/3595/3468 3591/3591/3464
f 3597/3597/3470 3598/3598/3471 3596/3596/3469
f 3596/3596/3469 3598/3598/3471 3595/3595/3468
f 3597/3597/3470 3599/3599/3472 3598/3598/3471
f 3600/3600/1167 3599/3599/3472 3597/3597/3470
f 3601/3601/3473 3602/3602/3474 3603/3603/3475
f 3603/3603/3475 3602/3602/3474 3604/3604/3476
f 3601/3601/3473 3605/3605/1179 3602/3602/3474
f 3606/3606/3477 3605/3605/1179 3601/3601/3473
f 3606/3606/3477 3607/3607/3478 3605/3605/1179
f 3608/3608/3479 3607/3607/3478 3606/3606/3477
f 3609/3609/3480 3610/3610/3481 3608/3608/3479
f 3608/3608/3479 3610/3610/3481 3607/3607/3478
f 3611/3611/1175 3612/3612/3482 3613/3613/1177
f 3613/3613/1177 3612/3612/3482 3614/3614/3483
f 3611/3611/1175 3615/3615/3484 3612/3612/3482
f 3616/3616/1178 3615/3615/3484 3611/3611/1175
f 3617/3617/1180 3618/3618/3485 3616/3616/1178
f 3616/3616/1178 3618/3618/3485 3615/3615/3484
f 3617/3617/1180 3619/3619/3486 3618/3618/3485
f 3620/3620/1177 3619/3619/3486 3617/3617/1180
f 3612/3612/3482 3621/3621/3487 3614/3614/3483
f 3614/3614/3483 3621/3621/3487 3622/3622/3488
f 3612/3612/3482 3623/3623/3489 3621/3621/3487
f 3615/3615/3484 3623/3623/3489 3612/3612/3482
f 3615/3615/3484 3624/3624/3490 3623/3623/3489
f 3618/3618/3485 3624/3624/3490 3615/3615/3484
f 3618/3618/3485 3625/3625/3491 3624/3624/3490
f 3619/3619/3486 3625/3625/3491 3618/3618/3485
f 3626/3626/3492 3627/3627/3493 3628/3628/3494
f 3628/3628/3494 3627/3627/3493 3629/3629/3495
f 3630/3630/3496 3631/3631/3497 3626/3626/3492
f 3626/3626/3492 3631/3631/3497 3627/3627/3493
f 3630/3630/3496 3632/3632/3498 3631/3631/3497
f 3633/3633/3499 3632/3632/3498 3630/3630/3496
f 3633/3633/3499 3634/3634/3500 3632/3632/3498
f 3635/3635/3501 3634/3634/3500 3633/3633/3499
f 3636/3636/3502 3637/3637/3503 3638/3638/3500
f 3638/3638/3500 3637/3637/3503 3639/3639/1195
f 3636/3636/3502 3640/3640/3504 3637/3637/3503
f 3641/3641/3505 3640/3640/3504 3636/3636/3502
f 3642/3642/3506 3643/3643/3507 3641/3641/3505
f 3641/3641/3505 3643/3643/3507 3640/3640/3504
f 3642/3642/3506 3644/3644/3508 3643/3643/3507
f 3645/3645/3509 3644/3644/3508 3642/3642/3506
f 3646/3646/3510 3647/3647/3511 3648/3648/3512
f 3648/3648/3512 3647/3647/3511 3649/3649/3513
f 3646/3646/3510 3650/3650/3514 3647/3647/3511
f 3651/3651/3515 3650/3650/3514 3646/3646/3510
f 3651/3651/3515 3652/3652/3516 3650/3650/3514
f 3653/3653/3517 3652/3652/3516 3651/3651/3515
f 3654/3654/3518 3655/3655/3519 3653/3653/3517
f 3653/3653/3517 3655/3655/3519 3652/3652/3516
f 3647/3647/3511 3656/3656/3520 3649/3649/3513
f 3649/3649/3513 3656/3656/3520 3657/3657/3521
f 3647/3647/3511 3658/3658/3522 3656/3656/3520
f 3650/3650/3514 3658/3658/3522 3647/3647/3511
f 3652/3652/3516 3659/3659/3523 3650/3650/3514
f 3650/3650/3514 3659/3659/3523 3658/3658/3522
f 3652/3652/3516 3660/3660/3524 3659/3659/3523
f 3655/3655/3519 3660/3660/3524 3652/3652/3516
f 3661/3661/3525 3662/3662/3526 3663/3663/3527
f 3663/3663/3527 3662/3662/3526 3664/3664/3528
f 3661/3661/3525 3665/3665/3529 3662/3662/3526
f 3666/3666/3530 3665/3665/3529 3661/3661/3525
f 3666/3666/3530 3667/3667/3531 3665/3665/3529
f 3668/3668/3532 3667/3667/3531 3666/3666/3530
f 3668/3668/3532 3669/3669/3533 3667/3667/3531
f 3670/3670/3534 3669/3669/3533 3668/3668/3532
f 3662/3662/3526 3671/3671/3535 3664/3664/3528
f 3664/3664/3528 3671/3671/3535 3672/3672/3536
f 3665/3665/3529 3673/3673/3537 3662/3662/3526
f 3662/3662/3526 3673/3673/3537 3671/3671/3535
f 3665/3665/3529 3674/3674/3538 3673/3673/3537
f 3667/3667/3531 3674/3674/3538 3665/3665/3529
f 3667/3667/3531 3675/3675/3539 3674/3674/3538
f 3669/3669/3533 3675/3675/3539 3667/3667/3531
f 3676/3676/3540 3677/3677/3541 3678/3678/3542
f 3678/3678/3542 3677/3677/3541 3679/3679/3543
f 3676/3676/3540 3680/3680/3544 3677/3677/3541
f 3681/3681/3545 3680/3680/3544 3676/3676/3540
f 3682/3682/3546 3683/3683/3547 3681/3681/3545
f 3681/3681/3545 3683/3683/3547 3680/3680/3544
f 3682/3682/3546 3684/3684/3548 3683/3683/3547
f 3685/3685/3549 3684/3684/3548 3682/3682/3546
f 3686/3686/3550 3687/3687/3551 3688/3688/3552
f 3688/3688/3552 3687/3687/3551 3689/3689/3553
f 3686/3686/3550 3690/3690/3554 3687/3687/3551
f 3691/3691/3555 3690/3690/3554 3686/3686/3550
f 3691/3691/3555 3692/3692/3556 3690/3690/3554
f 3693/3693/3557 3692/3692/3556 3691/3691/3555
f 3694/3694/3558 3695/3695/3559 3693/3693/3557
f 3693/3693/3557 3695/3695/3559 3692/3692/3556
f 3696/3696/3560 3697/3697/3561 3698/3698/3562
f 3698/3698/3562 3697/3697/3561 3699/3699/3563
f 3696/3696/3560 3700/3700/3564 3697/3697/3561
f 3701/3701/3565 3700/3700/3564 3696/3696/3560
f 3702/3702/1230 3703/3703/3566 3701/3701/3565
f 3701/3701/3565 3703/3703/3566 3700/3700/3564
f 3702/3702/1230 3704/3704/3567 3703/3703/3566
f 3705/3705/1231 3704/3704/3567 3702/3702/1230
f 3697/3697/3561 3706/3706/3568 3699/3699/3563
f 3699/3699/3563 3706/3706/3568 3707/3707/3569
f 3697/3697/3561 3708/3708/3570 3706/3706/3568
f 3700/3700/3564 3708/3708/3570 3697/3697/3561
f 3700/3700/3564 3709/3709/3571 3708/3708/3570
f 3703/3703/3566 3709/3709/3571 3700/3700/3564
f 3703/3703/3566 3710/3710/3572 3709/3709/3571
f 3704/3704/3567 3710/3710/3572 3703/3703/3566
f 3711/3711/3573 3712/3712/3574 3713/3713/3575
f 3713/3713/3575 3712/3712/3574 3714/3714/3576
f 3715/3715/3577 3716/3716/3578 3711/3711/3573
f 3711/3711/3573 3716/3716/3578 3712/3712/3574
f 3715/3715/3577 3717/3717/3579 3716/3716/3578
f 3718/3718/3580 3717/3717/3579 3715/3715/3577
f 3718/3718/3580 3719/3719/3581 3717/3717/3579
f 3720/3720/3582 3719/3719/3581 3718/3718/3580
f 3721/3721/3574 3722/3722/3583 3723/3723/3576
f 3723/3723/3576 3722/3722/3583 3724/3724/3584
f 3721/3721/3574 3725/3725/3585 3722/3722/3583
f 3726/3726/3586 3725/3725/3585 3721/3721/3574
f 3727/3727/3587 3728/3728/3588 3726/3726/3586
f 3726/3726/3586 3728/3728/3588 3725/3725/3585
f 3727/3727/3587 3729/3729/3589 3728/3728/3588
f 3730/3730/3576 3729/3729/3589 3727/3727/3587
f 3731/3731/3590 3732/3732/3591 3733/3733/3592
f 3733/3733/3592 3732/3732/3591 3734/3734/3593
f 3731/3731/3590 3735/3735/3594 3732/3732/3591
f 3736/3736/3595 3735/3735/3594 3731/3731/3590
f 3736/3736/3595 3737/3737/3596 3735/3735/3594
f 3738/3738/3597 3737/3737/3596 3736/3736/3595
f 3739/3739/3598 3740/3740/3599 3738/3738/3597
f 3738/3738/3597 3740/3740/3599 3737/3737/3596
f 3732/3732/3591 3741/3741/3600 3734/3734/3593
f 3734/3734/3593 3741/3741/3600 3742/3742/3601
f 3732/3732/3591 3743/3743/3602 3741/3741/3600
f 3735/3735/3594 3743/3743/3602 3732/3732/3591
f 3737/3737/3596 3744/3744/1260 3735/3735/3594
f 3735/3735/3594 3744/3744/1260 3743/3743/3602
f 3737/3737/3596 3745/3745/3603 3744/3744/1260
f 3740/3740/3599 3745/3745/3603 3737/3737/3596
f 3746/3746/3604 3747/3747/3605 3748/3748/3606
f 3748/3748/3606 3747/3747/3605 3749/3749/3607
f 3746/3746/3604 3750/3750/3608 3747/3747/3605
f 3751/3751/3609 3750/3750/3608 3746/3746/3604
f 3751/3751/3609 3752/3752/3610 3750/3750/3608
f 3753/3753/3611 3752/3752/3610 3751/3751/3609
f 3753/3753/3611 3754/3754/3612 3752/3752/3610
f 3755/3755/3613 3754/3754/3612 3753/3753/3611
f 3756/3756/3614 3757/3757/3615 3758/3758/3616
f 3758/3758/3616 3757/3757/3615 3759/3759/3617
f 3760/3760/3618 3761/3761/3619 3756/3756/3614
f 3756/3756/3614 3761/3761/3619 3757/3757/3615
f 3760/3760/3618 3762/3762/3620 3761/3761/3619
f 3763/3763/3621 3762/3762/3620 3760/3760/3618
f 3763/3763/3621 3764/3764/1265 3762/3762/3620
f 3765/3765/3622 3764/3764/1265 3763/3763/3621
f 3766/3766/3623 3767/3767/3624 3768/3768/3625
f 3768/3768/3625 3767/3767/3624 3769/3769/3626
f 3766/3766/3623 3770/3770/3627 3767/3767/3624
f 3771/3771/3628 3770/3770/3627 3766/3766/3623
f 3772/3772/3629 3773/3773/3630 3771/3771/3628
f 3771/3771/3628 3773/3773/3630 3770/3770/3627
f 3772/3772/3629 3774/3774/3631 3773/3773/3630
f 3775/3775/3632 3774/3774/3631 3772/3772/3629
f 3767/3767/3624 3776/3776/3633 3769/3769/3626
f 3769/3769/3626 3776/3776/3633 3777/3777/3634
f 3767/3767/3624 3778/3778/3635 3776/3776/3633
f 3770/3770/3627 3778/3778/3635 3767/3767/3624
f 3770/3770/3627 3779/3779/3636 3778/3778/3635
f 3773/3773/3630 3779/3779/3636 3770/3770/3627
f 3774/3774/3631 3780/3780/3637 3773/3773/3630
f 3773/3773/3630 3780/3780/3637 3779/3779/3636
f 3781/3781/3638 3782/3782/3639 3783/3783/3640
f 3783/3783/3640 3782/3782/3639 3784/3784/3641
f 3781/3781/3638 3785/3785/3642 3782/3782/3639
f 3786/3786/3643 3785/3785/3642 3781/3781/3638
f 3787/3787/3644 3788/3788/3645 3786/3786/3643
f 3786/3786/3643 3788/3788/3645 3785/3785/3642
f 3787/3787/3644 3789/3789/3646 3788/3788/3645
f 3790/3790/3647 3789/3789/3646 3787/3787/3644
f 3782/3782/3639 3791/3791/3648 3784/3784/3641
f 3784/3784/3641 3791/3791/3648 3792/3792/3649
f 3782/3782/3639 3793/3793/3650 3791/3791/3648
f 3785/3785/3642 3793/3793/3650 3782/3782/3639
f 3785/3785/3642 3794/3794/3651 3793/3793/3650
f 3788/3788/3645 3794/3794/3651 3785/3785/3642
f 3788/3788/3645 3795/3795/3652 3794/3794/3651
f 3789/3789/3646 3795/3795/3652 3788/3788/3645
f 3796/3796/3653 3797/3797/3654 3798/3798/1291
f 3798/3798/1291 3797/3797/3654 3799/3799/3655
f 3800/3800/3656 3801/3801/3657 3796/3796/3653
f 3796/3796/3653 3801/3801/3657 3797/3797/3654
f 3800/3800/3656 3802/3802/3658 3801/3801/3657
f 3803/3803/3659 3802/3802/3658 3800/3800/3656
f 3803/3803/3659 3804/3804/3660 3802/3802/3658
f 3805/3805/3661 3804/3804/3660 3803/3803/3659
f 3806/3806/3662 3807/3807/3663 3808/3808/3664
f 3808/3808/3664 3807/3807/3663 3809/3809/3665
f 3806/3806/3662 3810/3810/3666 3807/3807/3663
f 3811/3811/3667 3810/3810/3666 3806/3806/3662
f 3812/3812/3668 3813/3813/3669 3811/3811/3667
f 3811/3811/3667 3813/3813/3669 3810/3810/3666
f 3812/3812/3668 3814/3814/3670 3813/3813/3669
f 3815/3815/3671 3814/3814/3670 3812/3812/3668
f 3816/3816/3672 3817/3817/3673 3818/3818/3674
f 3818/3818/3674 3817/3817/3673 3819/3819/3675
f 3816/3816/3672 3820/3820/3676 3817/3817/3673
f 3821/3821/3677 3820/3820/3676 3816/3816/3672
f 3821/3821/3677 3822/3822/3678 3820/3820/3676
f 3823/3823/3679 3822/3822/3678 3821/3821/3677
f 3824/3824/3680 3825/3825/3681 3823/3823/3679
f 3823/3823/3679 3825/3825/3681 3822/3822/3678
f 3817/3817/3673 3826/3826/1443 3819/3819/3675
f 3819/3819/3675 3826/3826/1443 3827/3827/3682
f 3817/3817/3673 3828/3828/3683 3826/3826/1443
f 3820/3820/3676 3828/3828/3683 3817/3817/3673
f 3822/3822/3678 3829/3829/3684 3820/3820/3676
f 3820/3820/3676 3829/3829/3684 3828/3828/3683
f 3822/3822/3678 3830/3830/3685 3829/3829/3684
f 3825/3825/3681 3830/3830/3685 3822/3822/3678
f 3831/3831/3686 3832/3832/3687 3833/3833/3688
f 3833/3833/3688 3832/3832/3687 3834/3834/3689
f 3831/3831/3686 3835/3835/3690 3832/3832/3687
f 3836/3836/3691 3835/3835/3690 3831/3831/3686
f 3836/3836/3691 3837/3837/3692 3835/3835/3690
f 3838/3838/3693 3837/3837/3692 3836/3836/3691
f 3838/3838/3693 3839/3839/3694 3837/3837/3692
f 3840/3840/3695 3839/3839/3694 3838/3838/3693
f 3841/3841/3687 3842/3842/3696 3843/3843/3697
f 3843/3843/3697 3842/3842/3696 3844/3844/3698
f 3845/3845/3699 3846/3846/3700 3841/3841/3687
f 3841/3841/3687 3846/3846/3700 3842/3842/3696
f 3845/3845/3699 3847/3847/3701 3846/3846/3700
f 3848/3848/3702 3847/3847/3701 3845/3845/3699
f 3848/3848/3702 3849/3849/3703 3847/3847/3701
f 3850/3850/3689 3849/3849/3703 3848/3848/3702
f 3851/3851/3704 3852/3852/3705 3853/3853/3706
f 3853/3853/3706 3852/3852/3705 3854/3854/3707
f 3851/3851/3704 3855/3855/3708 3852/3852/3705
f 3856/3856/3709 3855/3855/3708 3851/3851/3704
f 3857/3857/3710 3858/3858/3711 3856/3856/3709
f 3856/3856/3709 3858/3858/3711 3855/3855/3708
f 3857/3857/3710 3859/3859/3712 3858/3858/3711
f 3860/3860/3713 3859/3859/3712 3857/3857/3710
f 3861/3861/3714 3862/3862/3715 3863/3863/3716
f 3863/3863/3716 3862/3862/3715 3864/3864/3717
f 3861/3861/3714 3865/3865/3718 3862/3862/3715
f 3866/3866/3719 3865/3865/3718 3861/3861/3714
f 3866/3866/3719 3867/3867/1330 3865/3865/3718
f 3868/3868/3720 3867/3867/1330 3866/3866/3719
f 3869/3869/3721 3870/3870/3722 3868/3868/3720
f 3868/3868/3720 3870/3870/3722 3867/3867/1330
f 3871/3871/3723 3872/3872/3724 3873/3873/3725
f 3873/3873/3725 3872/3872/3724 3874/3874/3726
f 3871/3871/3723 3875/3875/3727 3872/3872/3724
f 3876/3876/3728 3875/3875/3727 3871/3871/3723
f 3877/3877/3729 3878/3878/3730 3876/3876/3728
f 3876/3876/3728 3878/3878/3730 3875/3875/3727
f 3877/3877/3729 3879/3879/3731 3878/3878/3730
f 3880/3880/3732 3879/3879/3731 3877/3877/3729
f 3872/3872/3724 3881/3881/3733 3874/3874/3726
f 3874/3874/3726 3881/3881/3733 3882/3882/3734
f 3872/3872/3724 3883/3883/3735 3881/3881/3733
f 3875/3875/3727 3883/3883/3735 3872/3872/3724
f 3875/3875/3727 3884/3884/3736 3883/3883/3735
f 3878/3878/3730 3884/3884/3736 3875/3875/3727
f 3878/3878/3730 3885/3885/3737 3884/3884/3736
f 3879/3879/3731 3885/3885/3737 3878/3878/3730
f 3886/3886/3738 3887/3887/3739 3888/3888/1336
f 3888/3888/1336 3887/3887/3739 3889/3889/3740
f 3890/3890/3741 3891/3891/3742 3886/3886/3738
f 3886/3886/3738 3891/3891/3742 3887/3887/3739
f 3890/3890/3741 3892/3892/3743 3891/3891/3742
f 3893/3893/3744 3892/3892/3743 3890/3890/3741
f 3893/3893/3744 3894/3894/3745 3892/3892/3743
f 3895/3895/3746 3894/3894/3745 3893/3893/3744
f 3887/3887/3739 3896/3896/1343 3889/3889/3740
f 3889/3889/3740 3896/3896/1343 3897/3897/3747
f 3887/3887/3739 3898/3898/3748 3896/3896/1343
f 3891/3891/3742 3898/3898/3748 3887/3887/3739
f 3892/3892/3743 3899/3899/3749 3891/3891/3742
f 3891/3891/3742 3899/3899/3749 3898/3898/3748
f 3892/3892/3743 3900/3900/3750 3899/3899/3749
f 3894/3894/3745 3900/3900/3750 3892/3892/3743
f 3901/3901/3751 3902/3902/3752 3903/3903/3753
f 3903/3903/3753 3902/3902/3752 3904/3904/3754
f 3901/3901/3751 3905/3905/3755 3902/3902/3752
f 3906/3906/3756 3905/3905/3755 3901/3901/3751
f 3906/3906/3756 3907/3907/3757 3905/3905/3755
f 3908/3908/1350 3907/3907/3757 3906/3906/3756
f 3909/3909/3758 3910/3910/3759 3908/3908/1350
f 3908/3908/1350 3910/3910/3759 3907/3907/3757
f 3911/3911/3752 3912/3912/3760 3913/3913/3761
f 3913/3913/3761 3912/3912/3760 3914/3914/3762
f 3911/3911/3752 3915/3915/3763 3912/3912/3760
f 3916/3916/3764 3915/3915/3763 3911/3911/3752
f 3917/3917/3765 3918/3918/3766 3916/3916/3764
f 3916/3916/3764 3918/3918/3766 3915/3915/3763
f 3917/3917/3765 3919/3919/1361 3918/3918/3766
f 3920/3920/3767 3919/3919/1361 3917/3917/3765
f 3921/3921/3768 3922/3922/3769 3923/3923/3770
f 3923/3923/3770 3922/3922/3769 3924/3924/3771
f 3925/3925/3772 3926/3926/3773 3921/3921/3768
f 3921/3921/3768 3926/3926/3773 3922/3922/3769
f 3925/3925/3772 3927/3927/3774 3926/3926/3773
f 3928/3928/3775 3927/3927/3774 3925/3925/3772
f 3928/3928/3775 3929/3929/3776 3927/3927/3774
f 3930/3930/3777 3929/3929/3776 3928/3928/3775
f 3922/3922/3769 3931/3931/3778 3924/3924/3771
f 3924/3924/3771 3931/3931/3778 3932/3932/3779
f 3922/3922/3769 3933/3933/3780 3931/3931/3778
f 3926/3926/3773 3933/3933/3780 3922/3922/3769
f 3927/3927/3774 3934/3934/3781 3926/3926/3773
f 3926/3926/3773 3934/3934/3781 3933/3933/3780
f 3927/3927/3774 3935/3935/3782 3934/3934/3781
f 3929/3929/3776 3935/3935/3782 3927/3927/3774
f 3936/3936/3783 3937/3937/3784 3938/3938/3785
f 3938/3938/3785 3937/3937/3784 3939/3939/3786
f 3936/3936/3783 3940/3940/3787 3937/3937/3784
f 3941/3941/3788 3940/3940/3787 3936/3936/3783
f 3941/3941/3788 3942/3942/3789 3940/3940/3787
f 3943/3943/3790 3942/3942/3789 3941/3941/3788
f 3944/3944/3791 3945/3945/3792 3943/3943/3790
f 3943/3943/3790 3945/3945/3792 3942/3942/3789
f 3937/3937/3784 3946/3946/3793 3939/3939/3786
f 3939/3939/3786 3946/3946/3793 3947/3947/3794
f 3937/3937/3784 3948/3948/3795 3946/3946/3793
f 3940/3940/3787 3948/3948/3795 3937/3937/3784
f 3940/3940/3787 3949/3949/3796 3948/3948/3795
f 3942/3942/3789 3949/3949/3796 3940/3940/3787
f 3942/3942/3789 3950/3950/3797 3949/3949/3796
f 3945/3945/3792 3950/3950/3797 3942/3942/3789
f 3951/3951/3798 3952/3952/3799 3953/3953/3800
f 3953/3953/3800 3952/3952/3799 3954/3954/3801
f 3951/3951/3798 3955/3955/3802 3952/3952/3799
f 3956/3956/3803 3955/3955/3802 3951/3951/3798
f 3957/3957/3804 3958/3958/3805 3956/3956/3803
f 3956/3956/3803 3958/3958/3805 3955/3955/3802
f 3957/3957/3804 3959/3959/3806 3958/3958/3805
f 3960/3960/3807 3959/3959/3806 3957/3957/3804
f 3961/3961/3808 3962/3962/3809 3963/3963/3810
f 3963/3963/3810 3962/3962/3809 3964/3964/3811
f 3965/3965/3812 3966/3966/3813 3961/3961/3808
f 3961/3961/3808 3966/3966/3813 3962/3962/3809
f 3965/3965/3812 3967/3967/3814 3966/3966/3813
f 3968/3968/3815 3967/3967/3814 3965/3965/3812
f 3968/3968/3815 3969/3969/3816 3967/3967/3814
f 3970/3970/3817 3969/3969/3816 3968/3968/3815
f 3971/3971/3818 3972/3972/3819 3973/3973/3820
f 3973/3973/3820 3972/3972/3819 3974/3974/3821
f 3971/3971/3818 3975/3975/3822 3972/3972/3819
f 3976/3976/3823 3975/3975/3822 3971/3971/3818
f 3977/3977/3824 3978/3978/3825 3976/3976/3823
f 3976/3976/3823 3978/3978/3825 3975/3975/3822
f 3977/3977/3824 3979/3979/3826 3978/3978/3825
f 3980/3980/3827 3979/3979/3826 3977/3977/3824
f 3972/3972/3819 3981/3981/3828 3974/3974/3821
f 3974/3974/3821 3981/3981/3828 3982/3982/3829
f 3972/3972/3819 3983/3983/3830 3981/3981/3828
f 3975/3975/3822 3983/3983/3830 3972/3972/3819
f 3975/3975/3822 3984/3984/3831 3983/3983/3830
f 3978/3978/3825 3984/3984/3831 3975/3975/3822
f 3979/3979/3826 3985/3985/3832 3978/3978/3825
f 3978/3978/3825 3985/3985/3832 3984/3984/3831
f 3986/3986/3833 3987/3987/3834 3988/3988/3835
f 3988/3988/3835 3987/3987/3834 3989/3989/3836
f 3986/3986/3833 3990/3990/3837 3987/3987/3834
f 3991/3991/3838 3990/3990/3837 3986/3986/3833
f 3991/3991/3838 3992/3992/3839 3990/3990/3837
f 3993/3993/1400 3992/3992/3839 3991/3991/3838
f 3993/3993/1400 3994/3994/3840 3992/3992/3839
f 3995/3995/3841 3994/3994/3840 3993/3993/1400
f 3987/3987/3834 3996/3996/3842 3989/3989/3836
f 3989/3989/3836 3996/3996/3842 3997/3997/3843
f 3987/3987/3834 3998/3998/3844 3996/3996/3842
f 3990/3990/3837 3998/3998/3844 3987/3987/3834
f 3992/3992/3839 3999/3999/3845 3990/3990/3837
f 3990/3990/3837 3999/3999/3845 3998/3998/3844
f 3992/3992/3839 4000/4000/3846 3999/3999/3845
f 3994/3994/3840 4000/4000/3846 3992/3992/3839
f 4001/4001/3847 4002/4002/3848 4003/4003/3849
f 4003/4003/3849 4002/4002/3848 4004/4004/3850
f 4005/4005/3851 4006/4006/3852 4001/4001/3847
f 4001/4001/3847 4006/4006/3852 4002/4002/3848
f 4005/4005/3851 4007/4007/3853 4006/4006/3852
f 4008/4008/3854 4007/4007/3853 4005/4005/3851
f 4008/4008/3854 4009/4009/3855 4007/4007/3853
f 4010/4010/3856 4009/4009/3855 4008/4008/3854
f 4002/4002/3848 4011/4011/3857 4004/4004/3850
f 4004/4004/3850 4011/4011/3857 4012/4012/3858
f 4002/4002/3848 4013/4013/3859 4011/4011/3857
f 4006/4006/3852 4013/4013/3859 4002/4002/3848
f 4007/4007/3853 4014/4014/3860 4006/4006/3852
f 4006/4006/3852 4014/4014/3860 4013/4013/3859
f 4007/4007/3853 4015/4015/3861 4014/4014/3860
f 4009/4009/3855 4015/4015/3861 4007/4007/3853
f 4016/4016/3862 4017/4017/3863 4018/4018/3864
f 4018/4018/3864 4017/4017/3863 4019/4019/3865
f 4016/4016/3862 4020/4020/3866 4017/4017/3863
f 4021/4021/3867 4020/4020/3866 4016/4016/3862
f 4021/4021/3867 4022/4022/3868 4020/4020/3866
f 4023/4023/3869 4022/4022/3868 4021/4021/3867
f 4024/4024/1416 4025/4025/3870 4023/4023/3869
f 4023/4023/3869 4025/4025/3870 4022/4022/3868
f 4017/4017/3863 4026/4026/3871 4019/4019/3865
f 4019/4019/3865 4026/4026/3871 4027/4027/3872
f 4017/4017/3863 4028/4028/3873 4026/4026/3871
f 4020/4020/3866 4028/4028/3873 4017/4017/3863
f 4022/4022/3868 4029/4029/3874 4020/4020/3866
f 4020/4020/3866 4029/4029/3874 4028/4028/3873
f 4022/4022/3868 4030/4030/3875 4029/4029/3874
f 4025/4025/3870 4030/4030/3875 4022/4022/3868
f 4031/4031/3876 4032/4032/3877 4033/4033/3878
f 4033/4033/3878 4032/4032/3877 4034/4034/3879
f 4031/4031/3876 4035/4035/3880 4032/4032/3877
f 4036/4036/3881 4035/4035/3880 4031/4031/3876
f 4036/4036/3881 4037/4037/3882 4035/4035/3880
f 4038/4038/3883 4037/4037/3882 4036/4036/3881
f 4038/4038/3883 4039/4039/3884 4037/4037/3882
f 4040/4040/3885 4039/4039/3884 4038/4038/3883
f 4032/4032/3877 4041/4041/3886 4034/4034/3879
f 4034/4034/3879 4041/4041/3886 4042/4042/3887
f 4035/4035/3880 4043/4043/3888 4032/4032/3877
f 4032/4032/3877 4043/4043/3888 4041/4041/3886
f 4035/4035/3880 4044/4044/3889 4043/4043/3888
f 4037/4037/3882 4044/4044/3889 4035/4035/3880
f 4037/4037/3882 4045/4045/3890 4044/4044/3889
f 4039/4039/3884 4045/4045/3890 4037/4037/3882
f 4046/4046/3891 4047/4047/3892 4048/4048/3893
f 4048/4048/3893 4047/4047/3892 4049/4049/3894
f 4046/4046/3891 4050/4050/3895 4047/4047/3892
f 4051/4051/3896 4050/4050/3895 4046/4046/3891
f 4052/4052/3897 4053/4053/3898 4051/4051/3896
f 4051/4051/3896 4053/4053/3898 4050/4050/3895
f 4052/4052/3897 4054/4054/3899 4053/4053/3898
f 4055/4055/3900 4054/4054/3899 4052/4052/3897
f 4047/4047/3892 4056/4056/3901 4049/4049/3894
f 4049/4049/3894 4056/4056/3901 4057/4057/3902
f 4047/4047/3892 4058/4058/3903 4056/4056/3901
f 4050/4050/3895 4058/4058/3903 4047/4047/3892
f 4050/4050/3895 4059/4059/3904 4058/4058/3903
f 4053/4053/3898 4059/4059/3904 4050/4050/3895
f 4054/4054/3899 4060/4060/3905 4053/4053/3898
f 4053/4053/3898 4060/4060/3905 4059/4059/3904
f 4061/4061/3906 4062/4062/3907 4063/4063/3908
f 4063/4063/3908 4062/4062/3907 4064/4064/3909
f 4061/4061/3906 4065/4065/3910 4062/4062/3907
f 4066/4066/3911 4065/4065/3910 4061/4061/3906
f 4067/4067/3912 4068/4068/3913 4066/4066/3911
f 4066/4066/3911 4068/4068/3913 4065/4065/3910
f 4067/4067/3912 4069/4069/3914 4068/4068/3913
f 4070/4070/3915 4069/4069/3914 4067/4067/3912
f 4062/4062/3907 4071/4071/3916 4064/4064/3909
f 4064/4064/3909 4071/4071/3916 4072/4072/3917
f 4062/4062/3907 4073/4073/3918 4071/4071/3916
f 4065/4065/3910 4073/4073/3918 4062/4062/3907
f 4065/4065/3910 4074/4074/3919 4073/4073/3918
f 4068/4068/3913 4074/4074/3919 4065/4065/3910
f 4069/4069/3914 4075/4075/3920 4068/4068/3913
f 4068/4068/3913 4075/4075/3920 4074/4074/3919
f 4076/4076/3921 4077/4077/3922 4078/4078/3923
f 4078/4078/3923 4077/4077/3922 4079/4079/3924
f 4076/4076/3921 4080/4080/3925 4077/4077/3922
f 4081/4081/3926 4080/4080/3925 4076/4076/3921
f 4082/4082/3927 4083/4083/3928 4081/4081/3926
f 4081/4081/3926 4083/4083/3928 4080/4080/3925
f 4082/4082/3927 4084/4084/3924 4083/4083/3928
f 4085/4085/3929 4084/4084/3924 4082/4082/3927
f 4086/4086/3930 4087/4087/3931 4088/4088/3932
f 4088/4088/3932 4087/4087/3931 4089/4089/1464
f 4086/4086/3930 4090/4090/3933 4087/4087/3931
f 4091/4091/3934 4090/4090/3933 4086/4086/3930
f 4091/4091/3934 4092/4092/3935 4090/4090/3933
f 4093/4093/3936 4092/4092/3935 4091/4091/3934
f 4094/4094/3937 4095/4095/3938 4093/4093/3936
f 4093/4093/3936 4095/4095/3938 4092/4092/3935
f 4096/4096/3939 4097/4097/3940 4098/4098/3941
f 4098/4098/3941 4097/4097/3940 4099/4099/3942
f 4096/4096/3939 4100/4100/3943 4097/4097/3940
f 4101/4101/3944 4100/4100/3943 4096/4096/3939
f 4102/4102/3945 4103/4103/3946 4101/4101/3944
f 4101/4101/3944 4103/4103/3946 4100/4100/3943
f 4102/4102/3945 4104/4104/3947 4103/4103/3946
f 4105/4105/3948 4104/4104/3947 4102/4102/3945
f 4106/4106/3949 4107/4107/3950 4108/4108/3951
f 4108/4108/3951 4107/4107/3950 4109/4109/3952
f 4106/4106/3949 4110/4110/3953 4107/4107/3950
f 4111/4111/3954 4110/4110/3953 4106/4106/3949
f 4111/4111/3954 4112/4112/3955 4110/4110/3953
f 4113/4113/3956 4112/4112/3955 4111/4111/3954
f 4113/4113/3956 4114/4114/3957 4112/4112/3955
f 4115/4115/3958 4114/4114/3957 4113/4113/3956
f 4116/4116/3959 4117/4117/3960 4118/4118/3961
f 4118/4118/3961 4117/4117/3960 4119/4119/3962
f 4120/4120/3963 4121/4121/3964 4116/4116/3959
f 4116/4116/3959 4121/4121/3964 4117/4117/3960
f 4120/4120/3963 4122/4122/3965 4121/4121/3964
f 4123/4123/3966 4122/4122/3965 4120/4120/3963
f 4123/4123/3966 4124/4124/3967 4122/4122/3965
f 4125/4125/1480 4124/4124/3967 4123/4123/3966
f 4117/4117/3960 4126/4126/3968 4119/4119/3962
f 4119/4119/3962 4126/4126/3968 4127/4127/3969
f 4117/4117/3960 4128/4128/3970 4126/4126/3968
f 4121/4121/3964 4128/4128/3970 4117/4117/3960
f 4122/4122/3965 4129/4129/3971 4121/4121/3964
f 4121/4121/3964 4129/4129/3971 4128/4128/3970
f 4122/4122/3965 4130/4130/3972 4129/4129/3971
f 4124/4124/3967 4130/4130/3972 4122/4122/3965
f 4131/4131/3973 4132/4132/3974 4133/4133/3975
f 4133/4133/3975 4132/4132/3974 4134/4134/3976
f 4131/4131/3973 4135/4135/3977 4132/4132/3974
f 4136/4136/3978 4135/4135/3977 4131/4131/3973
f 4136/4136/3978 4137/4137/3979 4135/4135/3977
f 4138/4138/3980 4137/4137/3979 4136/4136/3978
f 4139/4139/1490 4140/4140/3981 4138/4138/3980
f 4138/4138/3980 4140/4140/3981 4137/4137/3979
f 4132/4132/3974 4141/4141/3982 4134/4134/3976
f 4134/4134/3976 4141/4141/3982 4142/4142/3983
f 4132/4132/3974 4143/4143/3984 4141/4141/3982
f 4135/4135/3977 4143/4143/3984 4132/4132/3974
f 4137/4137/3979 4144/4144/3985 4135/4135/3977
f 4135/4135/3977 4144/4144/3985 4143/4143/3984
f 4137/4137/3979 4145/4145/3986 4144/4144/3985
f 4140/4140/3981 4145/4145/3986 4137/4137/3979
f 4146/4146/3987 4147/4147/3988 4148/4148/3989
f 4148/4148/3989 4147/4147/3988 4149/4149/3990
f 4146/4146/3987 4150/4150/3991 4147/4147/3988
f 4151/4151/3992 4150/4150/3991 4146/4146/3987
f 4151/4151/3992 4152/4152/3993 4150/4150/3991
f 4153/4153/3994 4152/4152/3993 4151/4151/3992
f 4153/4153/3994 4154/4154/3995 4152/4152/3993
f 4155/4155/3996 4154/4154/3995 4153/4153/3994
f 4156/4156/3997 4157/4157/3998 4158/4158/3999
f 4158/4158/3999 4157/4157/3998 4159/4159/4000
f 4160/4160/4001 4161/4161/4002 4156/4156/3997
f 4156/4156/3997 4161/4161/4002 4157/4157/3998
f 4160/4160/4001 4162/4162/4003 4161/4161/4002
f 4163/4163/4004 4162/4162/4003 4160/4160/4001
f 4163/4163/4004 4164/4164/4005 4162/4162/4003
f 4165/4165/4006 4164/4164/4005 4163/4163/4004
f 4166/4166/4007 4167/4167/4008 4168/4168/4009
f 4168/4168/4009 4167/4167/4008 4169/4169/4010
f 4166/4166/4007 4170/4170/4011 4167/4167/4008
f 4171/4171/4012 4170/4170/4011 4166/4166/4007
f 4172/4172/4013 4173/4173/4014 4171/4171/4012
f 4171/4171/4012 4173/4173/4014 4170/4170/4011
f 4172/4172/4013 4174/4174/4015 4173/4173/4014
f 4175/4175/4016 4174/4174/4015 4172/4172/4013
f 4167/4167/4008 4176/4176/4017 4169/4169/4010
f 4169/4169/4010 4176/4176/4017 4177/4177/4018
f 4167/4167/4008 4178/4178/4019 4176/4176/4017
f 4170/4170/4011 4178/4178/4019 4167/4167/4008
f 4170/4170/4011 4179/4179/4020 4178/4178/4019
f 4173/4173/4014 4179/4179/4020 4170/4170/4011
f 4174/4174/4015 4180/4180/4021 4173/4173/4014
f 4173/4173/4014 4180/4180/4021 4179/4179/4020
f 4181/4181/4022 4182/4182/4023 4183/4183/4024
f 4183/4183/4024 4182/4182/4023 4184/4184/4025
f 4181/4181/4022 4185/4185/4026 4182/4182/4023
f 4186/4186/4027 4185/4185/4026 4181/4181/4022
f 4187/4187/4028 4188/4188/4029 4186/4186/4027
f 4186/4186/4027 4188/4188/4029 4185/4185/4026
f 4187/4187/4028 4189/4189/4030 4188/4188/4029
f 4190/4190/4031 4189/4189/4030 4187/4187/4028
f 4182/4182/4023 4191/4191/4032 4184/4184/4025
f 4184/4184/4025 4191/4191/4032 4192/4192/4033
f 4182/4182/4023 4193/4193/4034 4191/4191/4032
f 4185/4185/4026 4193/4193/4034 4182/4182/4023
f 4185/4185/4026 4194/4194/4035 4193/4193/4034
f 4188/4188/4029 4194/4194/4035 4185/4185/4026
f 4188/4188/4029 4195/4195/4036 4194/4194/4035
f 4189/4189/4030 4195/4195/4036 4188/4188/4029
f 4196/4196/4037 4197/4197/4038 4198/4198/4039
f 4198/4198/4039 4197/4197/4038 4199/4199/4040
f 4200/4200/4041 4201/4201/4042 4196/4196/4037
f 4196/4196/4037 4201/4201/4042 4197/4197/4038
f 4200/4200/4041 4202/4202/4043 4201/4201/4042
f 4203/4203/1528 4202/4202/4043 4200/4200/4041
f 4203/4203/1528 4204/4204/4044 4202/4202/4043
f 4205/4205/4045 4204/4204/4044 4203/4203/1528
f 4206/4206/4046 4207/4207/4047 4208/4208/4048
f 4208/4208/4048 4207/4207/4047 4209/4209/1564
f 4206/4206/4046 4210/4210/4049 4207/4207/4047
f 4211/4211/4050 4210/4210/4049 4206/4206/4046
f 4212/4212/4051 4213/4213/4052 4211/4211/4050
f 4211/4211/4050 4213/4213/4052 4210/4210/4049
f 4212/4212/4051 4214/4214/4053 4213/4213/4052
f 4215/4215/4054 4214/4214/4053 4212/4212/4051
f 4216/4216/4055 4217/4217/4056 4218/4218/4057
f 4218/4218/4057 4217/4217/4056 4219/4219/4058
f 4216/4216/4055 4220/4220/4059 4217/4217/4056
f 4221/4221/4060 4220/4220/4059 4216/4216/4055
f 4221/4221/4060 4222/4222/4061 4220/4220/4059
f 4223/4223/4062 4222/4222/4061 4221/4221/4060
f 4224/4224/4063 4225/4225/4064 4223/4223/4062
f 4223/4223/4062 4225/4225/4064 4222/4222/4061
f 4217/4217/4056 4226/4226/4065 4219/4219/4058
f 4219/4219/4058 4226/4226/4065 4227/4227/4066
f 4217/4217/4056 4228/4228/4067 4226/4226/4065
f 4220/4220/4059 4228/4228/4067 4217/4217/4056
f 4222/4222/4061 4229/4229/4068 4220/4220/4059
f 4220/4220/4059 4229/4229/4068 4228/4228/4067
f 4222/4222/4061 4230/4230/4069 4229/4229/4068
f 4225/4225/4064 4230/4230/4069 4222/4222/4061
f 4231/4231/4070 4232/4232/4071 4233/4233/4072
f 4233/4233/4072 4232/4232/4071 4234/4234/4073
f 4231/4231/4070 4235/4235/4074 4232/4232/4071
f 4236/4236/4075 4235/4235/4074 4231/4231/4070
f 4236/4236/4075 4237/4237/4076 4235/4235/4074
f 4238/4238/4077 4237/4237/4076 4236/4236/4075
f 4238/4238/4077 4239/4239/4078 4237/4237/4076
f 4240/4240/4079 4239/4239/4078 4238/4238/4077
f 4232/4232/4071 4241/4241/4080 4234/4234/4073
f 4234/4234/4073 4241/4241/4080 4242/4242/4081
f 4235/4235/4074 4243/4243/4082 4232/4232/4071
f 4232/4232/4071 4243/4243/4082 4241/4241/4080
f 4235/4235/4074 4244/4244/4083 4243/4243/4082
f 4237/4237/4076 4244/4244/4083 4235/4235/4074
f 4237/4237/4076 4245/4245/4084 4244/4244/4083
f 4239/4239/4078 4245/4245/4084 4237/4237/4076
f 4246/4246/4085 4247/4247/4086 4248/4248/4087
f 4248/4248/4087 4247/4247/4086 4249/4249/4088
f 4246/4246/4085 4250/4250/4089 4247/4247/4086
f 4251/4251/4090 4250/4250/4089 4246/4246/4085
f 4252/4252/4091 4253/4253/4092 4251/4251/4090
f 4251/4251/4090 4253/4253/4092 4250/4250/4089
f 4252/4252/4091 4254/4254/4093 4253/4253/4092
f 4255/4255/4094 4254/4254/4093 4252/4252/4091
f 4247/4247/4086 4256/4256/4095 4249/4249/4088
f 4249/4249/4088 4256/4256/4095 4257/4257/4096
f 4247/4247/4086 4258/4258/4097 4256/4256/4095
f 4250/4250/4089 4258/4258/4097 4247/4247/4086
f 4250/4250/4089 4259/4259/4098 4258/4258/4097
f 4253/4253/4092 4259/4259/4098 4250/4250/4089
f 4254/4254/4093 4260/4260/4099 4253/4253/4092
f 4253/4253/4092 4260/4260/4099 4259/4259/4098
f 4261/4261/4100 4262/4262/4101 4263/4263/4102
f 4263/4263/4102 4262/4262/4101 4264/4264/4103
f 4261/4261/4100 4265/4265/4104 4262/4262/4101
f 4266/4266/4105 4265/4265/4104 4261/4261/4100
f 4267/4267/4106 4268/4268/4107 4266/4266/4105
f 4266/4266/4105 4268/4268/4107 4265/4265/4104
f 4267/4267/4106 4269/4269/4108 4268/4268/4107
f 4270/4270/4109 4269/4269/4108 4267/4267/4106
f 4262/4262/4101 4271/4271/4110 4264/4264/4103
f 4264/4264/4103 4271/4271/4110 4272/4272/4111
f 4262/4262/4101 4273/4273/4112 4271/4271/4110
f 4265/4265/4104 4273/4273/4112 4262/4262/4101
f 4265/4265/4104 4274/4274/4113 4273/4273/4112
f 4268/4268/4107 4274/4274/4113 4265/4265/4104
f 4268/4268/4107 4275/4275/4114 4274/4274/4113
f 4269/4269/4108 4275/4275/4114 4268/4268/4107
f 4276/4276/4115 4277/4277/4116 4278/4278/4117
f 4278/4278/4117 4277/4277/4116 4279/4279/4118
f 4280/4280/4119 4281/4281/4120 4276/4276/4115
f 4276/4276/4115 4281/4281/4120 4277/4277/4116
f 4280/4280/4119 4282/4282/4121 4281/4281/4120
f 4283/4283/4122 4282/4282/4121 4280/4280/4119
f 4283/4283/4122 4284/4284/4123 4282/4282/4121
f 4285/4285/4124 4284/4284/4123 4283/4283/4122
f 4277/4277/4116 4286/4286/4125 4279/4279/4118
f 4279/4279/4118 4286/4286/4125 4287/4287/4126
f 4277/4277/4116 4288/4288/4127 4286/4286/4125
f 4281/4281/4120 4288/4288/4127 4277/4277/4116
f 4282/4282/4121 4289/4289/4128 4281/4281/4120
f 4281/4281/4120 4289/4289/4128 4288/4288/4127
f 4282/4282/4121 4290/4290/4129 4289/4289/4128
f 4284/4284/4123 4290/4290/4129 4282/4282/4121
f 4291/4291/1583 4292/4292/4130 4293/4293/4131
f 4293/4293/4131 4292/4292/4130 4294/4294/4132
f 4291/4291/1583 4295/4295/4133 4292/4292/4130
f 4296/4296/4134 4295/4295/4133 4291/4291/1583
f 4296/4296/4134 4297/4297/4135 4295/4295/4133
f 4298/4298/4136 4297/4297/4135 4296/4296/4134
f 4299/4299/4137 4300/4300/4138 4298/4298/4136
f 4298/4298/4136 4300/4300/4138 4297/4297/4135
f 4292/4292/4130 4301/4301/4139 4294/4294/4132
f 4294/4294/4132 4301/4301/4139 4302/4302/4140
f 4292/4292/4130 4303/4303/4141 4301/4301/4139
f 4295/4295/4133 4303/4303/4141 4292/4292/4130
f 4297/4297/4135 4304/4304/4142 4295/4295/4133
f 4295/4295/4133 4304/4304/4142 4303/4303/4141
f 4297/4297/4135 4305/4305/4143 4304/4304/4142
f 4300/4300/4138 4305/4305/4143 4297/4297/4135
f 4306/4306/4144 4307/4307/4145 4308/4308/4146
f 4308/4308/4146 4307/4307/4145 4309/4309/4147
f 4306/4306/4144 4310/4310/4148 4307/4307/4145
f 4311/4311/4149 4310/4310/4148 4306/4306/4144
f 4311/4311/4149 4312/4312/4150 4310/4310/4148
f 4313/4313/4151 4312/4312/4150 4311/4311/4149
f 4313/4313/4151 4314/4314/4152 4312/4312/4150
f 4315/4315/4153 4314/4314/4152 4313/4313/4151
f 4307/4307/4145 4316/4316/4154 4309/4309/4147
f 4309/4309/4147 4316/4316/4154 4317/4317/4155
f 4310/4310/4148 4318/4318/4156 4307/4307/4145
f 4307/4307/4145 4318/4318/4156 4316/4316/4154
f 4310/4310/4148 4319/4319/4157 4318/4318/4156
f 4312/4312/4150 4319/4319/4157 4310/4310/4148
f 4312/4312/4150 4320/4320/4158 4319/4319/4157
f 4314/4314/4152 4320/4320/4158 4312/4312/4150
f 4321/4321/4159 4322/4322/4160 4323/4323/4161
f 4323/4323/4161 4322/4322/4160 4324/4324/4162
f 4321/4321/4159 4325/4325/4163 4322/4322/4160
f 4326/4326/4164 4325/4325/4163 4321/4321/4159
f 4327/4327/4165 4328/4328/4166 4326/4326/4164
f 4326/4326/4164 4328/4328/4166 4325/4325/4163
f 4327/4327/4165 4329/4329/4167 4328/4328/4166
f 4330/4330/4168 4329/4329/4167 4327/4327/4165
f 4322/4322/4160 4331/4331/4169 4324/4324/4162
f 4324/4324/4162 4331/4331/4169 4332/4332/4170
f 4322/4322/4160 4333/4333/4171 4331/4331/4169
f 4325/4325/4163 4333/4333/4171 4322/4322/4160
f 4325/4325/4163 4334/4334/4172 4333/4333/4171
f 4328/4328/4166 4334/4334/4172 4325/4325/4163
f 4329/4329/4167 4335/4335/4173 4328/4328/4166
f 4328/4328/4166 4335/4335/4173 4334/4334/4172
f 4336/4336/4174 4337/4337/4175 4338/4338/4176
f 4338/4338/4176 4337/4337/4175 4339/4339/4177
f 4336/4336/4174 4340/4340/4178 4337/4337/4175
f 4341/4341/4179 4340/4340/4178 4336/4336/4174
f 4342/4342/1618 4343/4343/4180 4341/4341/4179
f 4341/4341/4179 4343/4343/4180 4340/4340/4178
f 4342/4342/1618 4344/4344/4181 4343/4343/4180
f 4345/4345/4182 4344/4344/4181 4342/4342/1618
f 4337/4337/4175 4346/4346/4183 4339/4339/4177
f 4339/4339/4177 4346/4346/4183 4347/4347/4184
f 4337/4337/4175 4348/4348/4185 4346/4346/4183
f 4340/4340/4178 4348/4348/4185 4337/4337/4175
f 4340/4340/4178 4349/4349/4186 4348/4348/4185
f 4343/4343/4180 4349/4349/4186 4340/4340/4178
f 4343/4343/4180 4350/4350/1630 4349/4349/4186
f 4344/4344/4181 4350/4350/1630 4343/4343/4180
f 4351/4351/4187 4352/4352/4188 4353/4353/4189
f 4353/4353/4189 4352/4352/4188 4354/4354/4190
f 4355/4355/4191 4356/4356/4192 4351/4351/4187
f 4351/4351/4187 4356/4356/4192 4352/4352/4188
f 4355/4355/4191 4357/4357/4193 4356/4356/4192
f 4358/4358/4194 4357/4357/4193 4355/4355/4191
f 4358/4358/4194 4359/4359/4195 4357/4357/4193
f 4360/4360/4196 4359/4359/4195 4358/4358/4194
f 4352/4352/4188 4361/4361/4197 4354/4354/4190
f 4354/4354/4190 4361/4361/4197 4362/4362/4198
f 4352/4352/4188 4363/4363/4199 4361/4361/4197
f 4356/4356/4192 4363/4363/4199 4352/4352/4188
f 4357/4357/4193 4364/4364/4200 4356/4356/4192
f 4356/4356/4192 4364/4364/4200 4363/4363/4199
f 4357/4357/4193 4365/4365/4201 4364/4364/4200
f 4359/4359/4195 4365/4365/4201 4357/4357/4193
f 3574/3574/3448 3572/3572/3446 4366/4366/4202
f 3574/3574/3448 4366/4366/4202 4367/4367/4203
f 4368/4368/4204 4367/4367/4203 4366/4366/4202
f 3572/3572/3446 4369/4369/4205 4366/4366/4202
f 3572/3572/3446 3575/3575/3449 4369/4369/4205
f 4370/4370/4206 4366/4366/4202 4369/4369/4205
f 4371/4371/4207 4369/4369/4205 4372/4372/4208
f 3575/3575/3449 4372/4372/4208 4369/4369/4205
f 3575/3575/3449 3577/3577/3451 4372/4372/4208
f 4373/4373/4209 4372/4372/4208 4374/4374/4210
f 3577/3577/3451 4374/4374/4210 4372/4372/4208
f 3577/3577/3451 3579/3579/3453 4374/4374/4210
f 24/24/24 4375/4375/4211 4376/4376/4212
f 24/24/24 22/22/22 4375/4375/4211
f 4377/4377/4213 4376/4376/4212 4375/4375/4211
f 22/22/22 4378/4378/4214 4375/4375/4211
f 4379/4379/4215 4375/4375/4211 4378/4378/4214
f 22/22/22 26/26/26 4378/4378/4214
f 4380/4380/4216 4378/4378/4214 4381/4381/4217
f 26/26/26 4381/4381/4217 4378/4378/4214
f 26/26/26 27/27/27 4381/4381/4217
f 4382/4382/4218 4381/4381/4217 4383/4383/4219
f 27/27/27 4383/4383/4219 4381/4381/4217
f 27/27/27 29/29/29 4383/4383/4219
f 4384/4384/4220 4385/4385/4221 4386/4386/4222
f 124/124/121 122/122/119 4386/4386/4222
f 124/124/121 4386/4386/4222 4385/4385/4221
f 122/122/119 4387/4387/4223 4386/4386/4222
f 4388/4388/4224 4386/4386/4222 4387/4387/4223
f 122/122/119 126/126/123 4387/4387/4223
f 126/126/123 127/127/124 4389/4389/4225
f 126/126/123 4389/4389/4225 4387/4387/4223
f 4390/4390/4226 4387/4387/4223 4389/4389/4225
f 4391/4391/4226 4389/4389/4225 4392/4392/4227
f 127/127/124 4392/4392/4227 4389/4389/4225
f 127/127/124 129/129/126 4392/4392/4227
f 4393/4393/4228 4394/4394/4229 4395/4395/4230
f 1944/1944/1901 1942/1942/1899 4395/4395/4230
f 1944/1944/1901 4395/4395/4230 4394/4394/4229
f 1942/1942/1899 4396/4396/4231 4395/4395/4230
f 4397/4397/4232 4395/4395/4230 4396/4396/4231
f 1942/1942/1899 1945/1945/1902 4396/4396/4231
f 4398/4398/4233 4396/4396/4231 4399/4399/4234
f 1945/1945/1902 4399/4399/4234 4396/4396/4231
f 1945/1945/1902 1947/1947/1904 4399/4399/4234
f 4400/4400/4235 4399/4399/4234 4401/4401/4236
f 1947/1947/1904 4401/4401/4236 4399/4399/4234
f 1947/1947/1904 1950/1950/1907 4401/4401/4236
f 4402/4402/4237 4403/4403/4238 4404/4404/4239
f 2114/2114/2051 4404/4404/4239 4403/4403/4238
f 2114/2114/2051 2112/2112/2049 4404/4404/4239
f 2112/2112/2049 2115/2115/2052 4405/4405/4240
f 2112/2112/2049 4405/4405/4240 4404/4404/4239
f 4406/4406/4241 4404/4404/4239 4405/4405/4240
f 4407/4407/4242 4405/4405/4240 4408/4408/4243
f 2115/2115/2052 2117/2117/2054 4408/4408/4243
f 2115/2115/2052 4408/4408/4243 4405/4405/4240
f 4409/4409/4244 4408/4408/4243 4410/4410/4245
f 2117/2117/2054 4410/4410/4245 4408/4408/4243
f 2117/2117/2054 2120/2120/2057 4410/4410/4245
f 2349/2349/2274 4411/4411/4246 4412/4412/4247
f 4413/4413/4248 4412/4412/4247 4411/4411/4246
f 2349/2349/2274 2347/2347/2272 4411/4411/4246
f 4414/4414/4249 4411/4411/4246 4415/4415/4250
f 2347/2347/2272 2350/2350/2275 4415/4415/4250
f 2347/2347/2272 4415/4415/4250 4411/4411/4246
f 4416/4416/4251 4415/4415/4250 4417/4417/4252
f 2350/2350/2275 4417/4417/4252 4415/4415/4250
f 2350/2350/2275 2352/2352/2277 4417/4417/4252
f 2352/2352/2277 2355/2355/2274 4418/4418/4253
f 2352/2352/2277 4418/4418/4253 4417/4417/4252
f 4419/4419/4254 4417/4417/4252 4418/4418/4253
f 2589/2589/2501 2587/2587/2499 4420/4420/4255
f 4421/4421/4256 4422/4422/4257 4420/4420/4255
f 2589/2589/2501 4420/4420/4255 4422/4422/4257
f 2587/2587/2499 4423/4423/4258 4420/4420/4255
f 4424/4424/4259 4420/4420/4255 4423/4423/4258
f 2587/2587/2499 2590/2590/2502 4423/4423/4258
f 2590/2590/2502 4425/4425/4260 4423/4423/4258
f 2590/2590/2502 2593/2593/2505 4425/4425/4260
f 4426/4426/4261 4423/4423/4258 4425/4425/4260
f 4427/4427/4262 4425/4425/4260 4428/4428/4263
f 2593/2593/2505 4428/4428/4263 4425/4425/4260
f 2593/2593/2505 2594/2594/2501 4428/4428/4263
f 4429/4429/4264 4430/4430/4265 4431/4431/4266
f 2759/2759/2665 4431/4431/4266 4430/4430/4265
f 2759/2759/2665 2757/2757/2663 4431/4431/4266
f 4432/4432/4267 4431/4431/4266 4433/4433/4268
f 2757/2757/2663 2760/2760/2666 4433/4433/4268
f 2757/2757/2663 4433/4433/4268 4431/4431/4266
f 4434/4434/4269 4433/4433/4268 4435/4435/4270
f 2760/2760/2666 4435/4435/4270 4433/4433/4268
f 2760/2760/2666 2763/2763/2669 4435/4435/4270
f 2763/2763/2669 2764/2764/2670 4436/4436/4271
f 4437/4437/4272 4435/4435/4270 4436/4436/4271
f 2763/2763/2669 4436/4436/4271 4435/4435/4270
f 4438/4438/4273 4439/4439/4274 4440/4440/4275
f 2929/2929/2828 2927/2927/2826 4440/4440/4275
f 2929/2929/2828 4440/4440/4275 4439/4439/4274
f 2927/2927/2826 4441/4441/4276 4440/4440/4275
f 4442/4442/4277 4440/4440/4275 4441/4441/4276
f 2927/2927/2826 2930/2930/2829 4441/4441/4276
f 4443/4443/4278 4441/4441/4276 4444/4444/4279
f 2930/2930/2829 4444/4444/4279 4441/4441/4276
f 2930/2930/2829 2932/2932/2831 4444/4444/4279
f 2932/2932/2831 2934/2934/2833 4445/4445/4280
f 4446/4446/4281 4444/4444/4279 4445/4445/4280
f 2932/2932/2831 4445/4445/4280 4444/4444/4279
f 4447/4447/4282 4448/4448/4283 4449/4449/4284
f 884/884/870 882/882/868 4449/4449/4284
f 884/884/870 4449/4449/4284 4448/4448/4283
f 882/882/868 886/886/872 4450/4450/4285
f 882/882/868 4450/4450/4285 4449/4449/4284
f 4451/4451/4286 4449/4449/4284 4450/4450/4285
f 886/886/872 887/887/873 4452/4452/4287
f 4453/4453/4288 4450/4450/4285 4452/4452/4287
f 886/886/872 4452/4452/4287 4450/4450/4285
f 4454/4454/4289 4452/4452/4287 4455/4455/4290
f 887/887/873 4455/4455/4290 4452/4452/4287
f 887/887/873 889/889/875 4455/4455/4290
f 4456/4456/4291 4457/4457/4292 4458/4458/4293
f 1034/1034/1018 1032/1032/1016 4458/4458/4293
f 1034/1034/1018 4458/4458/4293 4457/4457/4292
f 1032/1032/1016 1035/1035/1019 4459/4459/4294
f 4460/4460/4295 4458/4458/4293 4459/4459/4294
f 1032/1032/1016 4459/4459/4294 4458/4458/4293
f 4461/4461/4296 4459/4459/4294 4462/4462/4297
f 1035/1035/1019 1037/1037/1021 4462/4462/4297
f 1035/1035/1019 4462/4462/4297 4459/4459/4294
f 4463/4463/4298 4462/4462/4297 4464/4464/4299
f 1037/1037/1021 4464/4464/4299 4462/4462/4297
f 1037/1037/1021 1040/1040/1024 4464/4464/4299
f 4465/4465/4300 4466/4466/4301 4467/4467/4302
f 1184/1184/1167 1182/1182/1165 4467/4467/4302
f 1184/1184/1167 4467/4467/4302 4466/4466/4301
f 1182/1182/1165 4468/4468/4303 4467/4467/4302
f 4469/4469/4300 4467/4467/4302 4468/4468/4303
f 1182/1182/1165 1185/1185/1168 4468/4468/4303
f 1185/1185/1168 4470/4470/4304 4468/4468/4303
f 4471/4471/4305 4468/4468/4303 4470/4470/4304
f 1185/1185/1168 1187/1187/1170 4470/4470/4304
f 1187/1187/1170 1190/1190/1173 4472/4472/4306
f 1187/1187/1170 4472/4472/4306 4470/4470/4304
f 4473/4473/4307 4470/4470/4304 4472/4472/4306
f 54/54/53 52/52/51 4474/4474/4308
f 4475/4475/4309 4476/4476/4310 4474/4474/4308
f 54/54/53 4474/4474/4308 4476/4476/4310
f 52/52/51 56/56/55 4477/4477/4311
f 52/52/51 4477/4477/4311 4474/4474/4308
f 4478/4478/4312 4474/4474/4308 4477/4477/4311
f 4479/4479/4313 4477/4477/4311 4480/4480/4314
f 56/56/55 4480/4480/4314 4477/4477/4311
f 56/56/55 57/57/56 4480/4480/4314
f 4481/4481/4315 4480/4480/4314 4482/4482/4316
f 57/57/56 59/59/58 4482/4482/4316
f 57/57/56 4482/4482/4316 4480/4480/4314
f 4483/4483/4317 4484/4484/4318 4485/4485/4319
f 1779/1779/1746 1777/1777/1744 4485/4485/4319
f 1779/1779/1746 4485/4485/4319 4484/4484/4318
f 1777/1777/1744 1780/1780/1747 4486/4486/4320
f 1777/1777/1744 4486/4486/4320 4485/4485/4319
f 4487/4487/4321 4485/4485/4319 4486/4486/4320
f 1780/1780/1747 1782/1782/1749 4488/4488/4322
f 4489/4489/4323 4486/4486/4320 4488/4488/4322
f 1780/1780/1747 4488/4488/4322 4486/4486/4320
f 4490/4490/4324 4488/4488/4322 4491/4491/4325
f 1782/1782/1749 1785/1785/1752 4491/4491/4325
f 1782/1782/1749 4491/4491/4325 4488/4488/4322
f 4492/4492/4326 4493/4493/4327 4494/4494/4328
f 1894/1894/1854 1892/1892/1852 4494/4494/4328
f 1894/1894/1854 4494/4494/4328 4493/4493/4327
f 1892/1892/1852 4495/4495/4329 4494/4494/4328
f 4496/4496/4330 4494/4494/4328 4495/4495/4329
f 1892/1892/1852 1895/1895/1855 4495/4495/4329
f 1895/1895/1855 4497/4497/4331 4495/4495/4329
f 1895/1895/1855 1898/1898/1858 4497/4497/4331
f 4498/4498/4330 4495/4495/4329 4497/4497/4331
f 1898/1898/1858 1899/1899/1859 4499/4499/4332
f 1898/1898/1858 4499/4499/4332 4497/4497/4331
f 4500/4500/4333 4497/4497/4331 4499/4499/4332
f 2039/2039/1987 4501/4501/4334 4502/4502/4335
f 4503/4503/4336 4502/4502/4335 4501/4501/4334
f 2039/2039/1987 2037/2037/1986 4501/4501/4334
f 4504/4504/4337 4501/4501/4334 4505/4505/4338
f 2037/2037/1986 2040/2040/1988 4505/4505/4338
f 2037/2037/1986 4505/4505/4338 4501/4501/4334
f 4506/4506/4339 4505/4505/4338 4507/4507/4340
f 2040/2040/1988 2042/2042/1989 4507/4507/4340
f 2040/2040/1988 4507/4507/4340 4505/4505/4338
f 2042/2042/1989 2044/2044/1991 4508/4508/4341
f 2042/2042/1989 4508/4508/4341 4507/4507/4340
f 4509/4509/4342 4507/4507/4340 4508/4508/4341
f 214/214/209 212/212/207 4510/4510/4343
f 4511/4511/4344 4512/4512/4345 4510/4510/4343
f 214/214/209 4510/4510/4343 4512/4512/4345
f 212/212/207 4513/4513/4346 4510/4510/4343
f 212/212/207 216/216/211 4513/4513/4346
f 4514/4514/4347 4510/4510/4343 4513/4513/4346
f 216/216/211 217/217/212 4515/4515/4348
f 4516/4516/4349 4513/4513/4346 4515/4515/4348
f 216/216/211 4515/4515/4348 4513/4513/4346
f 217/217/212 219/219/214 4517/4517/4350
f 217/217/212 4517/4517/4350 4515/4515/4348
f 4518/4518/4351 4515/4515/4348 4517/4517/4350
f 2209/2209/2138 2207/2207/2136 4519/4519/4352
f 4520/4520/4353 4521/4521/4354 4519/4519/4352
f 2209/2209/2138 4519/4519/4352 4521/4521/4354
f 2207/2207/2136 4522/4522/4355 4519/4519/4352
f 2207/2207/2136 2210/2210/2139 4522/4522/4355
f 4523/4523/4356 4519/4519/4352 4522/4522/4355
f 2210/2210/2139 2212/2212/2141 4524/4524/4357
f 4525/4525/4358 4522/4522/4355 4524/4524/4357
f 2210/2210/2139 4524/4524/4357 4522/4522/4355
f 2212/2212/2141 2214/2214/2143 4526/4526/4359
f 2212/2212/2141 4526/4526/4359 4524/4524/4357
f 4527/4527/4360 4524/4524/4357 4526/4526/4359
f 314/314/309 312/312/307 4528/4528/4361
f 4529/4529/4362 4530/4530/4363 4528/4528/4361
f 314/314/309 4528/4528/4361 4530/4530/4363
f 312/312/307 4531/4531/4364 4528/4528/4361
f 312/312/307 315/315/310 4531/4531/4364
f 4532/4532/4365 4528/4528/4361 4531/4531/4364
f 315/315/310 317/317/312 4533/4533/4366
f 4534/4534/4367 4531/4531/4364 4533/4533/4366
f 315/315/310 4533/4533/4366 4531/4531/4364
f 317/317/312 320/320/309 4535/4535/4363
f 317/317/312 4535/4535/4363 4533/4533/4366
f 4536/4536/4368 4533/4533/4366 4535/4535/4363
f 2384/2384/2306 2382/2382/2305 4537/4537/4369
f 4538/4538/4370 4539/4539/4371 4537/4537/4369
f 2384/2384/2306 4537/4537/4369 4539/4539/4371
f 2382/2382/2305 4540/4540/4372 4537/4537/4369
f 2382/2382/2305 2385/2385/2307 4540/4540/4372
f 4541/4541/4373 4537/4537/4369 4540/4540/4372
f 2385/2385/2307 4542/4542/4374 4540/4540/4372
f 4543/4543/4375 4540/4540/4372 4542/4542/4374
f 2385/2385/2307 2388/2388/2310 4542/4542/4374
f 4544/4544/4376 4542/4542/4374 4545/4545/4377
f 2388/2388/2310 2389/2389/2311 4545/4545/4377
f 2388/2388/2310 4545/4545/4377 4542/4542/4374
f 2624/2624/2534 2622/2622/2532 4546/4546/4378
f 4547/4547/4379 4548/4548/4380 4546/4546/4378
f 2624/2624/2534 4546/4546/4378 4548/4548/4380
f 2622/2622/2532 4549/4549/4381 4546/4546/4378
f 4550/4550/4382 4546/4546/4378 4549/4549/4381
f 2622/2622/2532 2625/2625/2535 4549/4549/4381
f 2625/2625/2535 4551/4551/4383 4549/4549/4381
f 2625/2625/2535 2627/2627/2537 4551/4551/4383
f 4552/4552/4384 4549/4549/4381 4551/4551/4383
f 2627/2627/2537 4553/4553/4385 4551/4551/4383
f 4554/4554/4386 4551/4551/4383 4553/4553/4385
f 2627/2627/2537 2630/2630/2540 4553/4553/4385
f 2779/2779/2684 4555/4555/4387 4556/4556/4388
f 4557/4557/4389 4556/4556/4388 4555/4555/4387
f 2779/2779/2684 2777/2777/2682 4555/4555/4387
f 2777/2777/2682 4558/4558/4390 4555/4555/4387
f 4559/4559/4389 4555/4555/4387 4558/4558/4390
f 2777/2777/2682 2781/2781/2686 4558/4558/4390
f 2781/2781/2686 4560/4560/4391 4558/4558/4390
f 2781/2781/2686 2782/2782/2687 4560/4560/4391
f 4561/4561/4392 4558/4558/4390 4560/4560/4391
f 2782/2782/2687 2784/2784/2689 4562/4562/4393
f 4563/4563/4394 4560/4560/4391 4562/4562/4393
f 2782/2782/2687 4562/4562/4393 4560/4560/4391
f 4564/4564/4395 4565/4565/4396 4566/4566/4397
f 2949/2949/2847 2947/2947/2845 4566/4566/4397
f 2949/2949/2847 4566/4566/4397 4565/4565/4396
f 2947/2947/2845 4567/4567/4398 4566/4566/4397
f 4568/4568/4399 4566/4566/4397 4567/4567/4398
f 2947/2947/2845 2950/2950/2848 4567/4567/4398
f 2950/2950/2848 4569/4569/4400 4567/4567/4398
f 4570/4570/4401 4567/4567/4398 4569/4569/4400
f 2950/2950/2848 2953/2953/2851 4569/4569/4400
f 2953/2953/2851 2954/2954/2852 4571/4571/4402
f 4572/4572/4403 4569/4569/4400 4571/4571/4402
f 2953/2953/2851 4571/4571/4402 4569/4569/4400
f 4347/4347/4184 4346/4346/4183 4573/4573/4404
f 4574/4574/4405 4575/4575/4406 4573/4573/4404
f 4347/4347/4184 4573/4573/4404 4575/4575/4406
f 4346/4346/4183 4576/4576/4407 4573/4573/4404
f 4577/4577/4408 4573/4573/4404 4576/4576/4407
f 4346/4346/4183 4348/4348/4185 4576/4576/4407
f 4348/4348/4185 4578/4578/4409 4576/4576/4407
f 4348/4348/4185 4349/4349/4186 4578/4578/4409
f 4579/4579/4410 4576/4576/4407 4578/4578/4409
f 4349/4349/4186 4580/4580/4411 4578/4578/4409
f 4581/4581/4412 4578/4578/4409 4580/4580/4411
f 4349/4349/4186 4350/4350/1630 4580/4580/4411
f 3714/3714/3576 4582/4582/4413 4583/4583/4414
f 4584/4584/4415 4583/4583/4414 4582/4582/4413
f 3714/3714/3576 3712/3712/3574 4582/4582/4413
f 3712/3712/3574 4585/4585/4416 4582/4582/4413
f 4586/4586/4417 4582/4582/4413 4585/4585/4416
f 3712/3712/3574 3716/3716/3578 4585/4585/4416
f 3716/3716/3578 4587/4587/4418 4585/4585/4416
f 3716/3716/3578 3717/3717/3579 4587/4587/4418
f 4588/4588/4419 4585/4585/4416 4587/4587/4418
f 3717/3717/3579 3719/3719/3581 4589/4589/4420
f 4590/4590/4421 4587/4587/4418 4589/4589/4420
f 3717/3717/3579 4589/4589/4420 4587/4587/4418
f 4591/4591/4422 4592/4592/4423 4593/4593/4424
f 3834/3834/3689 3832/3832/3687 4593/4593/4424
f 3834/3834/3689 4593/4593/4424 4592/4592/4423
f 3832/3832/3687 3835/3835/3690 4594/4594/4425
f 4595/4595/4426 4593/4593/4424 4594/4594/4425
f 3832/3832/3687 4594/4594/4425 4593/4593/4424
f 4596/4596/4427 4594/4594/4425 4597/4597/4428
f 3835/3835/3690 3837/3837/3692 4597/4597/4428
f 3835/3835/3690 4597/4597/4428 4594/4594/4425
f 4598/4598/4429 4597/4597/4428 4599/4599/4430
f 3837/3837/3692 4599/4599/4430 4597/4597/4428
f 3837/3837/3692 3839/3839/3694 4599/4599/4430
f 4600/4600/4431 4601/4601/4432 4602/4602/4433
f 4079/4079/3924 4077/4077/3922 4602/4602/4433
f 4079/4079/3924 4602/4602/4433 4601/4601/4432
f 4077/4077/3922 4080/4080/3925 4603/4603/4434
f 4077/4077/3922 4603/4603/4434 4602/4602/4433
f 4604/4604/4435 4602/4602/4433 4603/4603/4434
f 4080/4080/3925 4083/4083/3928 4605/4605/4436
f 4606/4606/4437 4603/4603/4434 4605/4605/4436
f 4080/4080/3925 4605/4605/4436 4603/4603/4434
f 4607/4607/4438 4605/4605/4436 4608/4608/4439
f 4083/4083/3928 4608/4608/4439 4605/4605/4436
f 4083/4083/3928 4084/4084/3924 4608/4608/4439
f 4609/4609/4440 4610/4610/4441 4611/4611/4442
f 1692/1692/33 1691/1691/1664 4611/4611/4442
f 1692/1692/33 4611/4611/4442 4610/4610/4441
f 1691/1691/1664 1693/1693/1665 4612/4612/4443
f 4613/4613/4444 4611/4611/4442 4612/4612/4443
f 1691/1691/1664 4612/4612/4443 4611/4611/4442
f 1693/1693/1665 4614/4614/4445 4612/4612/4443
f 4615/4615/4446 4612/4612/4443 4614/4614/4445
f 1693/1693/1665 1694/1694/1666 4614/4614/4445
f 4616/4616/4447 4614/4614/4445 4617/4617/4448
f 1694/1694/1666 1695/1695/33 4617/4617/4448
f 1694/1694/1666 4617/4617/4448 4614/4614/4445
f 4618/4618/4449 4619/4619/4450 4620/4620/4451
f 1852/1852/137 1851/1851/1813 4620/4620/4451
f 1852/1852/137 4620/4620/4451 4619/4619/4450
f 1851/1851/1813 4621/4621/4452 4620/4620/4451
f 4622/4622/4453 4620/4620/4451 4621/4621/4452
f 1851/1851/1813 1853/1853/1814 4621/4621/4452
f 4623/4623/4453 4621/4621/4452 4624/4624/4454
f 1853/1853/1814 1854/1854/1815 4624/4624/4454
f 1853/1853/1814 4624/4624/4454 4621/4621/4452
f 1854/1854/1815 1855/1855/1816 4625/4625/4455
f 4626/4626/4456 4624/4624/4454 4625/4625/4455
f 1854/1854/1815 4625/4625/4455 4624/4624/4454
f 1954/1954/189 1952/1952/1909 4627/4627/4457
f 4628/4628/4458 4629/4629/4459 4627/4627/4457
f 1954/1954/189 4627/4627/4457 4629/4629/4459
f 1952/1952/1909 4630/4630/4460 4627/4627/4457
f 4631/4631/4461 4627/4627/4457 4630/4630/4460
f 1952/1952/1909 1955/1955/1910 4630/4630/4460
f 1955/1955/1910 4632/4632/4462 4630/4630/4460
f 1955/1955/1910 1958/1958/1913 4632/4632/4462
f 4633/4633/4463 4630/4630/4460 4632/4632/4462
f 1958/1958/1913 4634/4634/4464 4632/4632/4462
f 4635/4635/4465 4632/4632/4462 4634/4634/4464
f 1958/1958/1913 1959/1959/1914 4634/4634/4464
f 2124/2124/2060 4636/4636/4466 4637/4637/4467
f 4638/4638/4468 4637/4637/4467 4636/4636/4466
f 2124/2124/2060 2122/2122/2058 4636/4636/4466
f 2122/2122/2058 4639/4639/4469 4636/4636/4466
f 4640/4640/4470 4636/4636/4466 4639/4639/4469
f 2122/2122/2058 2125/2125/2061 4639/4639/4469
f 2125/2125/2061 4641/4641/4471 4639/4639/4469
f 2125/2125/2061 2128/2128/2063 4641/4641/4471
f 4642/4642/4472 4639/4639/4469 4641/4641/4471
f 2128/2128/2063 2129/2129/2064 4643/4643/4473
f 4644/4644/4474 4641/4641/4471 4643/4643/4473
f 2128/2128/2063 4643/4643/4473 4641/4641/4471
f 4645/4645/4475 4646/4646/4476 4647/4647/4477
f 2359/2359/2283 2357/2357/2281 4647/4647/4477
f 2359/2359/2283 4647/4647/4477 4646/4646/4476
f 2357/2357/2281 4648/4648/4478 4647/4647/4477
f 4649/4649/4479 4647/4647/4477 4648/4648/4478
f 2357/2357/2281 2360/2360/2284 4648/4648/4478
f 2360/2360/2284 4650/4650/4480 4648/4648/4478
f 4651/4651/4481 4648/4648/4478 4650/4650/4480
f 2360/2360/2284 2363/2363/2287 4650/4650/4480
f 2363/2363/2287 2364/2364/2288 4652/4652/4482
f 4653/4653/4483 4650/4650/4480 4652/4652/4482
f 2363/2363/2287 4652/4652/4482 4650/4650/4480
f 2599/2599/2510 2597/2597/2508 4654/4654/4484
f 4655/4655/4485 4656/4656/4486 4654/4654/4484
f 2599/2599/2510 4654/4654/4484 4656/4656/4486
f 2597/2597/2508 4657/4657/4487 4654/4654/4484
f 4658/4658/4488 4654/4654/4484 4657/4657/4487
f 2597/2597/2508 2600/2600/2511 4657/4657/4487
f 2600/2600/2511 4659/4659/4489 4657/4657/4487
f 2600/2600/2511 2602/2602/2513 4659/4659/4489
f 4660/4660/4490 4657/4657/4487 4659/4659/4489
f 2602/2602/2513 4661/4661/4491 4659/4659/4489
f 4662/4662/4492 4659/4659/4489 4661/4661/4491
f 2602/2602/2513 2604/2604/2515 4661/4661/4491
f 2769/2769/2675 4663/4663/4493 4664/4664/4494
f 4665/4665/4495 4664/4664/4494 4663/4663/4493
f 2769/2769/2675 2767/2767/2673 4663/4663/4493
f 2767/2767/2673 4666/4666/4496 4663/4663/4493
f 4667/4667/4497 4663/4663/4493 4666/4666/4496
f 2767/2767/2673 2770/2770/2676 4666/4666/4496
f 2770/2770/2676 4668/4668/4498 4666/4666/4496
f 2770/2770/2676 2772/2772/2678 4668/4668/4498
f 4669/4669/4499 4666/4666/4496 4668/4668/4498
f 2772/2772/2678 2774/2774/2680 4670/4670/4500
f 4671/4671/4501 4668/4668/4498 4670/4670/4500
f 2772/2772/2678 4670/4670/4500 4668/4668/4498
f 4672/4672/4502 4673/4673/4503 4674/4674/4504
f 2939/2939/2838 2937/2937/2836 4674/4674/4504
f 2939/2939/2838 4674/4674/4504 4673/4673/4503
f 2937/2937/2836 4675/4675/4505 4674/4674/4504
f 4676/4676/4506 4674/4674/4504 4675/4675/4505
f 2937/2937/2836 2941/2941/784 4675/4675/4505
f 2941/2941/784 4677/4677/4507 4675/4675/4505
f 4678/4678/4508 4675/4675/4505 4677/4677/4507
f 2941/2941/784 2942/2942/2840 4677/4677/4507
f 2942/2942/2840 2944/2944/2842 4679/4679/4509
f 4680/4680/4510 4677/4677/4507 4679/4679/4509
f 2942/2942/2840 4679/4679/4509 4677/4677/4507
f 3104/3104/2994 3102/3102/2992 4681/4681/4511
f 4682/4682/4512 4683/4683/4513 4681/4681/4511
f 3104/3104/2994 4681/4681/4511 4683/4683/4513
f 3102/3102/2992 4684/4684/4514 4681/4681/4511
f 4685/4685/4515 4681/4681/4511 4684/4684/4514
f 3102/3102/2992 3106/3106/2996 4684/4684/4514
f 3106/3106/2996 4686/4686/4516 4684/4684/4514
f 3106/3106/2996 3107/3107/2997 4686/4686/4516
f 4687/4687/4517 4684/4684/4514 4686/4686/4516
f 3107/3107/2997 3109/3109/2999 4688/4688/4518
f 4689/4689/4519 4686/4686/4516 4688/4688/4518
f 3107/3107/2997 4688/4688/4518 4686/4686/4516
f 4690/4690/4520 4691/4691/4521 4692/4692/4522
f 3349/3349/3233 3347/3347/3231 4692/4692/4522
f 3349/3349/3233 4692/4692/4522 4691/4691/4521
f 3347/3347/3231 4693/4693/4523 4692/4692/4522
f 4694/4694/4524 4692/4692/4522 4693/4693/4523
f 3347/3347/3231 3350/3350/3234 4693/4693/4523
f 3350/3350/3234 4695/4695/4525 4693/4693/4523
f 4696/4696/4526 4693/4693/4523 4695/4695/4525
f 3350/3350/3234 3353/3353/3237 4695/4695/4525
f 3353/3353/3237 3354/3354/3238 4697/4697/4527
f 3353/3353/3237 4697/4697/4527 4695/4695/4525
f 4698/4698/4528 4695/4695/4525 4697/4697/4527
f 3584/3584/3458 3582/3582/3456 4699/4699/4529
f 4700/4700/4530 4701/4701/4531 4699/4699/4529
f 3584/3584/3458 4699/4699/4529 4701/4701/4531
f 3582/3582/3456 3586/3586/3460 4702/4702/4532
f 3582/3582/3456 4702/4702/4532 4699/4699/4529
f 4703/4703/4533 4699/4699/4529 4702/4702/4532
f 4704/4704/4530 4702/4702/4532 4705/4705/4534
f 3586/3586/3460 4705/4705/4534 4702/4702/4532
f 3586/3586/3460 3587/3587/3461 4705/4705/4534
f 3587/3587/3461 3589/3589/3462 4706/4706/4535
f 4707/4707/4536 4705/4705/4534 4706/4706/4535
f 3587/3587/3461 4706/4706/4535 4705/4705/4534
f 4708/4708/4537 4709/4709/4538 4710/4710/4539
f 3594/3594/3467 3592/3592/3465 4710/4710/4539
f 3594/3594/3467 4710/4710/4539 4709/4709/4538
f 3592/3592/3465 4711/4711/4540 4710/4710/4539
f 4712/4712/4541 4710/4710/4539 4711/4711/4540
f 3592/3592/3465 3595/3595/3468 4711/4711/4540
f 4713/4713/4542 4711/4711/4540 4714/4714/4543
f 3595/3595/3468 4714/4714/4543 4711/4711/4540
f 3595/3595/3468 3598/3598/3471 4714/4714/4543
f 3598/3598/3471 3599/3599/3472 4715/4715/4544
f 3598/3598/3471 4715/4715/4544 4714/4714/4543
f 4716/4716/4545 4714/4714/4543 4715/4715/4544
f 1757/1757/1725 1756/1756/1724 4717/4717/4546
f 4718/4718/4547 4719/4719/4548 4717/4717/4546
f 1757/1757/1725 4717/4717/4546 4719/4719/4548
f 1756/1756/1724 4720/4720/4549 4717/4717/4546
f 4721/4721/4550 4717/4717/4546 4720/4720/4549
f 1756/1756/1724 1758/1758/1726 4720/4720/4549
f 1758/1758/1726 4722/4722/4551 4720/4720/4549
f 1758/1758/1726 1759/1759/1727 4722/4722/4551
f 4723/4723/4552 4720/4720/4549 4722/4722/4551
f 4724/4724/4553 4722/4722/4551 4725/4725/4554
f 1759/1759/1727 4725/4725/4554 4722/4722/4551
f 1759/1759/1727 1760/1760/1728 4725/4725/4554
f 4726/4726/4555 4727/4727/4556 4728/4728/4557
f 1807/1807/1772 4728/4728/4557 4727/4727/4556
f 1807/1807/1772 1806/1806/1771 4728/4728/4557
f 4729/4729/4558 4728/4728/4557 4730/4730/4559
f 1806/1806/1771 1808/1808/1773 4730/4730/4559
f 1806/1806/1771 4730/4730/4559 4728/4728/4557
f 4731/4731/4560 4730/4730/4559 4732/4732/4561
f 1808/1808/1773 4732/4732/4561 4730/4730/4559
f 1808/1808/1773 1809/1809/1774 4732/4732/4561
f 1809/1809/1774 1810/1810/1775 4733/4733/4562
f 4734/4734/4563 4732/4732/4561 4733/4733/4562
f 1809/1809/1774 4733/4733/4562 4732/4732/4561
f 4735/4735/4564 4736/4736/4565 4737/4737/4566
f 1922/1922/1881 1921/1921/1880 4737/4737/4566
f 1922/1922/1881 4737/4737/4566 4736/4736/4565
f 1921/1921/1880 4738/4738/4567 4737/4737/4566
f 4739/4739/4568 4737/4737/4566 4738/4738/4567
f 1921/1921/1880 1923/1923/1882 4738/4738/4567
f 4740/4740/4569 4738/4738/4567 4741/4741/4570
f 1923/1923/1882 4741/4741/4570 4738/4738/4567
f 1923/1923/1882 1924/1924/1883 4741/4741/4570
f 1924/1924/1883 1925/1925/1884 4742/4742/4571
f 4743/4743/4572 4741/4741/4570 4742/4742/4571
f 1924/1924/1883 4742/4742/4571 4741/4741/4570
f 2032/2032/1981 2031/2031/1980 4744/4744/4573
f 4745/4745/4574 4746/4746/4575 4744/4744/4573
f 2032/2032/1981 4744/4744/4573 4746/4746/4575
f 2031/2031/1980 4747/4747/4576 4744/4744/4573
f 4748/4748/4577 4744/4744/4573 4747/4747/4576
f 2031/2031/1980 2033/2033/1982 4747/4747/4576
f 2033/2033/1982 4749/4749/4578 4747/4747/4576
f 2033/2033/1982 2034/2034/1983 4749/4749/4578
f 4750/4750/4579 4747/4747/4576 4749/4749/4578
f 2034/2034/1983 2035/2035/1984 4751/4751/4580
f 4752/4752/4581 4749/4749/4578 4751/4751/4580
f 2034/2034/1983 4751/4751/4580 4749/4749/4578
f 4753/4753/4582 4754/4754/4583 4755/4755/4584
f 2084/2084/2025 2082/2082/2023 4755/4755/4584
f 2084/2084/2025 4755/4755/4584 4754/4754/4583
f 2082/2082/2023 4756/4756/4585 4755/4755/4584
f 4757/4757/4586 4755/4755/4584 4756/4756/4585
f 2082/2082/2023 2085/2085/2026 4756/4756/4585
f 2085/2085/2026 4758/4758/4587 4756/4756/4585
f 4759/4759/4588 4756/4756/4585 4758/4758/4587
f 2085/2085/2026 2087/2087/2028 4758/4758/4587
f 2087/2087/2028 2089/2089/2030 4760/4760/4589
f 2087/2087/2028 4760/4760/4589 4758/4758/4587
f 4761/4761/4590 4758/4758/4587 4760/4760/4589
f 2202/2202/2131 2201/2201/2130 4762/4762/4591
f 4763/4763/4592 4764/4764/4593 4762/4762/4591
f 2202/2202/2131 4762/4762/4591 4764/4764/4593
f 2201/2201/2130 2203/2203/2132 4765/4765/4594
f 2201/2201/2130 4765/4765/4594 4762/4762/4591
f 4766/4766/4595 4762/4762/4591 4765/4765/4594
f 4767/4767/4596 4765/4765/4594 4768/4768/4597
f 2203/2203/2132 4768/4768/4597 4765/4765/4594
f 2203/2203/2132 2204/2204/2133 4768/4768/4597
f 2204/2204/2133 2205/2205/2134 4769/4769/4598
f 4770/4770/4599 4768/4768/4597 4769/4769/4598
f 2204/2204/2133 4769/4769/4598 4768/4768/4597
f 4771/4771/4600 4772/4772/4601 4773/4773/4602
f 404/404/398 402/402/396 4773/4773/4602
f 404/404/398 4773/4773/4602 4772/4772/4601
f 402/402/396 4774/4774/4603 4773/4773/4602
f 4775/4775/4604 4773/4773/4602 4774/4774/4603
f 402/402/396 405/405/399 4774/4774/4603
f 4776/4776/4605 4774/4774/4603 4777/4777/4606
f 405/405/399 4777/4777/4606 4774/4774/4603
f 405/405/399 407/407/401 4777/4777/4606
f 407/407/401 410/410/404 4778/4778/4607
f 4779/4779/4608 4777/4777/4606 4778/4778/4607
f 407/407/401 4778/4778/4607 4777/4777/4606
f 4780/4780/4609 4781/4781/4610 4782/4782/4611
f 374/374/368 372/372/366 4782/4782/4611
f 374/374/368 4782/4782/4611 4781/4781/4610
f 372/372/366 4783/4783/4612 4782/4782/4611
f 4784/4784/4613 4782/4782/4611 4783/4783/4612
f 372/372/366 375/375/369 4783/4783/4612
f 4785/4785/4614 4783/4783/4612 4786/4786/4615
f 375/375/369 4786/4786/4615 4783/4783/4612
f 375/375/369 377/377/371 4786/4786/4615
f 377/377/371 380/380/374 4787/4787/4616
f 377/377/371 4787/4787/4616 4786/4786/4615
f 4788/4788/4617 4786/4786/4615 4787/4787/4616
f 484/484/478 482/482/476 4789/4789/4618
f 4790/4790/4619 4791/4791/4620 4789/4789/4618
f 484/484/478 4789/4789/4618 4791/4791/4620
f 482/482/476 4792/4792/4621 4789/4789/4618
f 4793/4793/4622 4789/4789/4618 4792/4792/4621
f 482/482/476 485/485/479 4792/4792/4621
f 485/485/479 487/487/481 4794/4794/4623
f 485/485/479 4794/4794/4623 4792/4792/4621
f 4795/4795/4624 4792/4792/4621 4794/4794/4623
f 487/487/481 490/490/484 4796/4796/4625
f 487/487/481 4796/4796/4625 4794/4794/4623
f 4797/4797/4626 4794/4794/4623 4796/4796/4625
f 544/544/537 542/542/535 4798/4798/4627
f 4799/4799/4628 4800/4800/4629 4798/4798/4627
f 544/544/537 4798/4798/4627 4800/4800/4629
f 542/542/535 4801/4801/4630 4798/4798/4627
f 4802/4802/4631 4798/4798/4627 4801/4801/4630
f 542/542/535 545/545/538 4801/4801/4630
f 545/545/538 4803/4803/4632 4801/4801/4630
f 545/545/538 547/547/540 4803/4803/4632
f 4804/4804/4633 4801/4801/4630 4803/4803/4632
f 4805/4805/4634 4803/4803/4632 4806/4806/4635
f 547/547/540 4806/4806/4635 4803/4803/4632
f 547/547/540 550/550/543 4806/4806/4635
f 514/514/508 512/512/506 4807/4807/4636
f 4808/4808/4637 4809/4809/4638 4807/4807/4636
f 514/514/508 4807/4807/4636 4809/4809/4638
f 512/512/506 4810/4810/4639 4807/4807/4636
f 4811/4811/4640 4807/4807/4636 4810/4810/4639
f 512/512/506 515/515/509 4810/4810/4639
f 515/515/509 4812/4812/4641 4810/4810/4639
f 515/515/509 517/517/511 4812/4812/4641
f 4813/4813/4642 4810/4810/4639 4812/4812/4641
f 517/517/511 520/520/513 4814/4814/4643
f 4815/4815/4644 4812/4812/4641 4814/4814/4643
f 517/517/511 4814/4814/4643 4812/4812/4641
f 4816/4816/4645 4817/4817/4646 4818/4818/4647
f 634/634/625 632/632/623 4818/4818/4647
f 634/634/625 4818/4818/4647 4817/4817/4646
f 632/632/623 4819/4819/4648 4818/4818/4647
f 4820/4820/4649 4818/4818/4647 4819/4819/4648
f 632/632/623 635/635/626 4819/4819/4648
f 635/635/626 4821/4821/4650 4819/4819/4648
f 4822/4822/4651 4819/4819/4648 4821/4821/4650
f 635/635/626 638/638/629 4821/4821/4650
f 638/638/629 639/639/630 4823/4823/4652
f 638/638/629 4823/4823/4652 4821/4821/4650
f 4824/4824/4653 4821/4821/4650 4823/4823/4652
f 2724/2724/2632 2722/2722/2630 4825/4825/4654
f 4826/4826/4655 4827/4827/4656 4825/4825/4654
f 2724/2724/2632 4825/4825/4654 4827/4827/4656
f 2722/2722/2630 2725/2725/2633 4828/4828/4657
f 2722/2722/2630 4828/4828/4657 4825/4825/4654
f 4829/4829/4658 4825/4825/4654 4828/4828/4657
f 4830/4830/4659 4828/4828/4657 4831/4831/4660
f 2725/2725/2633 4831/4831/4660 4828/4828/4657
f 2725/2725/2633 2727/2727/2635 4831/4831/4660
f 2727/2727/2635 2729/2729/2637 4832/4832/4661
f 4833/4833/4662 4831/4831/4660 4832/4832/4661
f 2727/2727/2635 4832/4832/4661 4831/4831/4660
f 4834/4834/4663 4835/4835/4664 4836/4836/4665
f 724/724/713 722/722/711 4836/4836/4665
f 724/724/713 4836/4836/4665 4835/4835/4664
f 722/722/711 4837/4837/4666 4836/4836/4665
f 4838/4838/4667 4836/4836/4665 4837/4837/4666
f 722/722/711 725/725/714 4837/4837/4666
f 4839/4839/4668 4837/4837/4666 4840/4840/4669
f 725/725/714 4840/4840/4669 4837/4837/4666
f 725/725/714 728/728/717 4840/4840/4669
f 728/728/717 729/729/718 4841/4841/4670
f 728/728/717 4841/4841/4670 4840/4840/4669
f 4842/4842/4671 4840/4840/4669 4841/4841/4670
f 2879/2879/2780 2877/2877/2778 4843/4843/4672
f 4844/4844/4673 4845/4845/4674 4843/4843/4672
f 2879/2879/2780 4843/4843/4672 4845/4845/4674
f 2877/2877/2778 4846/4846/4675 4843/4843/4672
f 4847/4847/4676 4843/4843/4672 4846/4846/4675
f 2877/2877/2778 2880/2880/2781 4846/4846/4675
f 2880/2880/2781 4848/4848/4677 4846/4846/4675
f 2880/2880/2781 2883/2883/2784 4848/4848/4677
f 4849/4849/4678 4846/4846/4675 4848/4848/4677
f 4850/4850/4679 4848/4848/4677 4851/4851/4680
f 2883/2883/2784 4851/4851/4680 4848/4848/4677
f 2883/2883/2784 2884/2884/2785 4851/4851/4680
f 4852/4852/4681 4853/4853/4682 4854/4854/4683
f 824/824/812 4854/4854/4683 4853/4853/4682
f 824/824/812 822/822/810 4854/4854/4683
f 4855/4855/4684 4854/4854/4683 4856/4856/4685
f 822/822/810 826/826/814 4856/4856/4685
f 822/822/810 4856/4856/4685 4854/4854/4683
f 4857/4857/4686 4856/4856/4685 4858/4858/4687
f 826/826/814 4858/4858/4687 4856/4856/4685
f 826/826/814 827/827/815 4858/4858/4687
f 827/827/815 829/829/817 4859/4859/4688
f 4860/4860/4689 4858/4858/4687 4859/4859/4688
f 827/827/815 4859/4859/4688 4858/4858/4687
f 4861/4861/4690 4862/4862/4691 4863/4863/4692
f 3054/3054/2949 3052/3052/2947 4863/4863/4692
f 3054/3054/2949 4863/4863/4692 4862/4862/4691
f 3052/3052/2947 4864/4864/4693 4863/4863/4692
f 4865/4865/4694 4863/4863/4692 4864/4864/4693
f 3052/3052/2947 3055/3055/2950 4864/4864/4693
f 4866/4866/4695 4864/4864/4693 4867/4867/4696
f 3055/3055/2950 4867/4867/4696 4864/4864/4693
f 3055/3055/2950 3057/3057/2952 4867/4867/4696
f 3057/3057/2952 3059/3059/2949 4868/4868/4697
f 4869/4869/4698 4867/4867/4696 4868/4868/4697
f 3057/3057/2952 4868/4868/4697 4867/4867/4696
f 3204/3204/3091 3202/3202/3089 4870/4870/4699
f 4871/4871/4700 4872/4872/4701 4870/4870/4699
f 3204/3204/3091 4870/4870/4699 4872/4872/4701
f 3202/3202/3089 4873/4873/4702 4870/4870/4699
f 4874/4874/4703 4870/4870/4699 4873/4873/4702
f 3202/3202/3089 3205/3205/3092 4873/4873/4702
f 3205/3205/3092 4875/4875/4704 4873/4873/4702
f 3205/3205/3092 3207/3207/3094 4875/4875/4704
f 4876/4876/4705 4873/4873/4702 4875/4875/4704
f 3207/3207/3094 4877/4877/4706 4875/4875/4704
f 4878/4878/4707 4875/4875/4704 4877/4877/4706
f 3207/3207/3094 3210/3210/3097 4877/4877/4706
f 3154/3154/3041 4879/4879/4708 4880/4880/4709
f 4881/4881/4710 4880/4880/4709 4879/4879/4708
f 3154/3154/3041 3152/3152/3039 4879/4879/4708
f 3152/3152/3039 4882/4882/4711 4879/4879/4708
f 4883/4883/4712 4879/4879/4708 4882/4882/4711
f 3152/3152/3039 3155/3155/3042 4882/4882/4711
f 3155/3155/3042 4884/4884/4713 4882/4882/4711
f 3155/3155/3042 3158/3158/3045 4884/4884/4713
f 4885/4885/4714 4882/4882/4711 4884/4884/4713
f 3158/3158/3045 4886/4886/4715 4884/4884/4713
f 4887/4887/4716 4884/4884/4713 4886/4886/4715
f 3158/3158/3045 3159/3159/3046 4886/4886/4715
f 4888/4888/4717 4889/4889/4718 4890/4890/4719
f 3449/3449/3325 3447/3447/3323 4890/4890/4719
f 3449/3449/3325 4890/4890/4719 4889/4889/4718
f 3447/3447/3323 3450/3450/3326 4891/4891/4720
f 3447/3447/3323 4891/4891/4720 4890/4890/4719
f 4892/4892/4721 4890/4890/4719 4891/4891/4720
f 4893/4893/4722 4891/4891/4720 4894/4894/4723
f 3450/3450/3326 4894/4894/4723 4891/4891/4720
f 3450/3450/3326 3453/3453/3329 4894/4894/4723
f 3453/3453/3329 4895/4895/4724 4894/4894/4723
f 4896/4896/4725 4894/4894/4723 4895/4895/4724
f 3453/3453/3329 3454/3454/3330 4895/4895/4724
f 4897/4897/4726 4898/4898/4727 4899/4899/4728
f 3399/3399/3279 3397/3397/3277 4899/4899/4728
f 3399/3399/3279 4899/4899/4728 4898/4898/4727
f 3397/3397/3277 3400/3400/3280 4900/4900/4729
f 3397/3397/3277 4900/4900/4729 4899/4899/4728
f 4901/4901/4730 4899/4899/4728 4900/4900/4729
f 4902/4902/4731 4900/4900/4729 4903/4903/4732
f 3400/3400/3280 4903/4903/4732 4900/4900/4729
f 3400/3400/3280 3402/3402/3281 4903/4903/4732
f 4904/4904/4733 4903/4903/4732 4905/4905/4734
f 3402/3402/3281 3405/3405/3284 4905/4905/4734
f 3402/3402/3281 4905/4905/4734 4903/4903/4732
f 4906/4906/4735 4907/4907/4736 4908/4908/4737
f 3629/3629/3495 3627/3627/3493 4908/4908/4737
f 3629/3629/3495 4908/4908/4737 4907/4907/4736
f 3627/3627/3493 3631/3631/3497 4909/4909/4738
f 3627/3627/3493 4909/4909/4738 4908/4908/4737
f 4910/4910/4739 4908/4908/4737 4909/4909/4738
f 3631/3631/3497 3632/3632/3498 4911/4911/4740
f 4912/4912/4741 4909/4909/4738 4911/4911/4740
f 3631/3631/3497 4911/4911/4740 4909/4909/4738
f 4913/4913/4742 4911/4911/4740 4914/4914/4743
f 3632/3632/3498 4914/4914/4743 4911/4911/4740
f 3632/3632/3498 3634/3634/3500 4914/4914/4743
f 4915/4915/4744 4916/4916/4745 4917/4917/4746
f 3749/3749/3607 3747/3747/3605 4917/4917/4746
f 3749/3749/3607 4917/4917/4746 4916/4916/4745
f 3747/3747/3605 4918/4918/4747 4917/4917/4746
f 4919/4919/4748 4917/4917/4746 4918/4918/4747
f 3747/3747/3605 3750/3750/3608 4918/4918/4747
f 3750/3750/3608 4920/4920/4749 4918/4918/4747
f 4921/4921/4750 4918/4918/4747 4920/4920/4749
f 3750/3750/3608 3752/3752/3610 4920/4920/4749
f 3752/3752/3610 3754/3754/3612 4922/4922/4751
f 4923/4923/4752 4920/4920/4749 4922/4922/4751
f 3752/3752/3610 4922/4922/4751 4920/4920/4749
f 4924/4924/4753 4925/4925/4754 4926/4926/4755
f 3854/3854/3707 3852/3852/3705 4926/4926/4755
f 3854/3854/3707 4926/4926/4755 4925/4925/4754
f 3852/3852/3705 4927/4927/4756 4926/4926/4755
f 4928/4928/4757 4926/4926/4755 4927/4927/4756
f 3852/3852/3705 3855/3855/3708 4927/4927/4756
f 3855/3855/3708 4929/4929/4758 4927/4927/4756
f 3855/3855/3708 3858/3858/3711 4929/4929/4758
f 4930/4930/4759 4927/4927/4756 4929/4929/4758
f 3858/3858/3711 3859/3859/3712 4931/4931/4760
f 3858/3858/3711 4931/4931/4760 4929/4929/4758
f 4932/4932/4761 4929/4929/4758 4931/4931/4760
f 4099/4099/3942 4097/4097/3940 4933/4933/4762
f 4934/4934/4763 4935/4935/4764 4933/4933/4762
f 4099/4099/3942 4933/4933/4762 4935/4935/4764
f 4097/4097/3940 4936/4936/4765 4933/4933/4762
f 4097/4097/3940 4100/4100/3943 4936/4936/4765
f 4937/4937/4766 4933/4933/4762 4936/4936/4765
f 4100/4100/3943 4938/4938/4767 4936/4936/4765
f 4939/4939/4766 4936/4936/4765 4938/4938/4767
f 4100/4100/3943 4103/4103/3946 4938/4938/4767
f 4940/4940/4768 4938/4938/4767 4941/4941/4769
f 4103/4103/3946 4104/4104/3947 4941/4941/4769
f 4103/4103/3946 4941/4941/4769 4938/4938/4767
f 4362/4362/4198 4361/4361/4197 4942/4942/4770
f 4943/4943/4771 4944/4944/4772 4942/4942/4770
f 4362/4362/4198 4942/4942/4770 4944/4944/4772
f 4361/4361/4197 4945/4945/4773 4942/4942/4770
f 4946/4946/4774 4942/4942/4770 4945/4945/4773
f 4361/4361/4197 4363/4363/4199 4945/4945/4773
f 4363/4363/4199 4947/4947/4775 4945/4945/4773
f 4363/4363/4199 4364/4364/4200 4947/4947/4775
f 4948/4948/4776 4945/4945/4773 4947/4947/4775
f 4364/4364/4200 4365/4365/4201 4949/4949/4777
f 4950/4950/4778 4947/4947/4775 4949/4949/4777
f 4364/4364/4200 4949/4949/4777 4947/4947/4775
f 1742/1742/1712 1741/1741/60 4951/4951/4779
f 4952/4952/4780 4953/4953/4781 4951/4951/4779
f 1742/1742/1712 4951/4951/4779 4953/4953/4781
f 1741/1741/60 4954/4954/4782 4951/4951/4779
f 4955/4955/4783 4951/4951/4779 4954/4954/4782
f 1741/1741/60 1743/1743/1713 4954/4954/4782
f 1743/1743/1713 4956/4956/4784 4954/4954/4782
f 1743/1743/1713 1744/1744/1714 4956/4956/4784
f 4957/4957/4785 4954/4954/4782 4956/4956/4784
f 4958/4958/4786 4956/4956/4784 4959/4959/4787
f 1744/1744/1714 4959/4959/4787 4956/4956/4784
f 1744/1744/1714 1745/1745/69 4959/4959/4787
f 4960/4960/4788 4961/4961/4789 4962/4962/4790
f 1789/1789/1756 4962/4962/4790 4961/4961/4789
f 1789/1789/1756 1787/1787/1754 4962/4962/4790
f 4963/4963/4791 4962/4962/4790 4964/4964/4792
f 1787/1787/1754 1790/1790/92 4964/4964/4792
f 1787/1787/1754 4964/4964/4792 4962/4962/4790
f 4965/4965/4793 4964/4964/4792 4966/4966/4794
f 1790/1790/92 4966/4966/4794 4964/4964/4792
f 1790/1790/92 1793/1793/1759 4966/4966/4794
f 1793/1793/1759 1794/1794/1760 4967/4967/4795
f 1793/1793/1759 4967/4967/4795 4966/4966/4794
f 4968/4968/4796 4966/4966/4794 4967/4967/4795
f 1904/1904/1864 1902/1902/1862 4969/4969/4797
f 4970/4970/4798 4971/4971/4799 4969/4969/4797
f 1904/1904/1864 4969/4969/4797 4971/4971/4799
f 1902/1902/1862 4972/4972/4800 4969/4969/4797
f 4973/4973/4801 4969/4969/4797 4972/4972/4800
f 1902/1902/1862 1905/1905/1865 4972/4972/4800
f 1905/1905/1865 1907/1907/1867 4974/4974/4802
f 1905/1905/1865 4974/4974/4802 4972/4972/4800
f 4975/4975/4803 4972/4972/4800 4974/4974/4802
f 1907/1907/1867 1910/1910/1869 4976/4976/4804
f 1907/1907/1867 4976/4976/4804 4974/4974/4802
f 4977/4977/4805 4974/4974/4802 4976/4976/4804
f 2002/2002/1952 4978/4978/4806 4979/4979/4807
f 4980/4980/4808 4979/4979/4807 4978/4978/4806
f 2002/2002/1952 2001/2001/1951 4978/4978/4806
f 4981/4981/4808 4978/4978/4806 4982/4982/4809
f 2001/2001/1951 2003/2003/1953 4982/4982/4809
f 2001/2001/1951 4982/4982/4809 4978/4978/4806
f 4983/4983/4810 4982/4982/4809 4984/4984/4811
f 2003/2003/1953 4984/4984/4811 4982/4982/4809
f 2003/2003/1953 2004/2004/1954 4984/4984/4811
f 2004/2004/1954 2005/2005/1955 4985/4985/4812
f 2004/2004/1954 4985/4985/4812 4984/4984/4811
f 4986/4986/4813 4984/4984/4811 4985/4985/4812
f 2049/2049/248 2047/2047/1993 4987/4987/4814
f 4988/4988/4815 4989/4989/4816 4987/4987/4814
f 2049/2049/248 4987/4987/4814 4989/4989/4816
f 2047/2047/1993 4990/4990/4817 4987/4987/4814
f 4991/4991/4818 4987/4987/4814 4990/4990/4817
f 2047/2047/1993 2051/2051/1995 4990/4990/4817
f 2051/2051/1995 2052/2052/1996 4992/4992/4819
f 2051/2051/1995 4992/4992/4819 4990/4990/4817
f 4993/4993/4820 4990/4990/4817 4992/4992/4819
f 2052/2052/1996 2054/2054/248 4994/4994/4821
f 2052/2052/1996 4994/4994/4821 4992/4992/4819
f 4995/4995/4822 4992/4992/4819 4994/4994/4821
f 2172/2172/2101 2171/2171/2100 4996/4996/4823
f 4997/4997/4824 4998/4998/4825 4996/4996/4823
f 2172/2172/2101 4996/4996/4823 4998/4998/4825
f 2171/2171/2100 4999/4999/4826 4996/4996/4823
f 5000/5000/4827 4996/4996/4823 4999/4999/4826
f 2171/2171/2100 2173/2173/2102 4999/4999/4826
f 2173/2173/2102 5001/5001/4828 4999/4999/4826
f 2173/2173/2102 2174/2174/2103 5001/5001/4828
f 5002/5002/4829 4999/4999/4826 5001/5001/4828
f 2174/2174/2103 2175/2175/2104 5003/5003/4825
f 5004/5004/4830 5001/5001/4828 5003/5003/4825
f 2174/2174/2103 5003/5003/4825 5001/5001/4828
f 5005/5005/4831 5006/5006/4832 5007/5007/4833
f 2219/2219/2148 2217/2217/2146 5007/5007/4833
f 2219/2219/2148 5007/5007/4833 5006/5006/4832
f 2217/2217/2146 5008/5008/4834 5007/5007/4833
f 5009/5009/4831 5007/5007/4833 5008/5008/4834
f 2217/2217/2146 2221/2221/2149 5008/5008/4834
f 2221/2221/2149 5010/5010/4835 5008/5008/4834
f 5011/5011/4836 5008/5008/4834 5010/5010/4835
f 2221/2221/2149 2222/2222/2150 5010/5010/4835
f 2222/2222/2150 2224/2224/2152 5012/5012/4837
f 2222/2222/2150 5012/5012/4837 5010/5010/4835
f 5013/5013/4831 5010/5010/4835 5012/5012/4837
f 2394/2394/2316 2392/2392/2314 5014/5014/4838
f 5015/5015/4839 5016/5016/4840 5014/5014/4838
f 2394/2394/2316 5014/5014/4838 5016/5016/4840
f 2392/2392/2314 5017/5017/4841 5014/5014/4838
f 5018/5018/4842 5014/5014/4838 5017/5017/4841
f 2392/2392/2314 2395/2395/2317 5017/5017/4841
f 2395/2395/2317 5019/5019/4843 5017/5017/4841
f 2395/2395/2317 2397/2397/2319 5019/5019/4843
f 5020/5020/4844 5017/5017/4841 5019/5019/4843
f 5021/5021/4845 5019/5019/4843 5022/5022/4846
f 2397/2397/2319 5022/5022/4846 5019/5019/4843
f 2397/2397/2319 2400/2400/2316 5022/5022/4846
f 2634/2634/2544 2632/2632/2542 5023/5023/4847
f 5024/5024/4848 5025/5025/4849 5023/5023/4847
f 2634/2634/2544 5023/5023/4847 5025/5025/4849
f 2632/2632/2542 5026/5026/4850 5023/5023/4847
f 5027/5027/4851 5023/5023/4847 5026/5026/4850
f 2632/2632/2542 2635/2635/2545 5026/5026/4850
f 2635/2635/2545 5028/5028/4852 5026/5026/4850
f 2635/2635/2545 2638/2638/2548 5028/5028/4852
f 5029/5029/4853 5026/5026/4850 5028/5028/4852
f 5030/5030/4854 5028/5028/4852 5031/5031/4855
f 2638/2638/2548 5031/5031/4855 5028/5028/4852
f 2638/2638/2548 2639/2639/2549 5031/5031/4855
f 5032/5032/4856 5033/5033/4857 5034/5034/4858
f 2789/2789/699 5034/5034/4858 5033/5033/4857
f 2789/2789/699 2787/2787/690 5034/5034/4858
f 5035/5035/4859 5034/5034/4858 5036/5036/4860
f 2787/2787/690 2790/2790/2692 5036/5036/4860
f 2787/2787/690 5036/5036/4860 5034/5034/4858
f 5037/5037/4861 5036/5036/4860 5038/5038/4862
f 2790/2790/2692 5038/5038/4862 5036/5036/4860
f 2790/2790/2692 2793/2793/2695 5038/5038/4862
f 2793/2793/2695 2794/2794/2696 5039/5039/4863
f 2793/2793/2695 5039/5039/4863 5038/5038/4862
f 5040/5040/4864 5038/5038/4862 5039/5039/4863
f 2959/2959/2857 2957/2957/2855 5041/5041/4865
f 5042/5042/4866 5043/5043/4867 5041/5041/4865
f 2959/2959/2857 5041/5041/4865 5043/5043/4867
f 2957/2957/2855 5044/5044/4868 5041/5041/4865
f 5045/5045/4869 5041/5041/4865 5044/5044/4868
f 2957/2957/2855 2960/2960/2858 5044/5044/4868
f 2960/2960/2858 5046/5046/4870 5044/5044/4868
f 2960/2960/2858 2962/2962/2860 5046/5046/4870
f 5047/5047/4871 5044/5044/4868 5046/5046/4870
f 5048/5048/4872 5046/5046/4870 5049/5049/4873
f 2962/2962/2860 5049/5049/4873 5046/5046/4870
f 2962/2962/2860 2965/2965/2863 5049/5049/4873
f 5050/5050/4874 5051/5051/4875 5052/5052/4876
f 3114/3114/3004 5052/5052/4876 5051/5051/4875
f 3114/3114/3004 3112/3112/3002 5052/5052/4876
f 5053/5053/4877 5052/5052/4876 5054/5054/4878
f 3112/3112/3002 3115/3115/3005 5054/5054/4878
f 3112/3112/3002 5054/5054/4878 5052/5052/4876
f 5055/5055/4879 5054/5054/4878 5056/5056/4880
f 3115/3115/3005 5056/5056/4880 5054/5054/4878
f 3115/3115/3005 3118/3118/3007 5056/5056/4880
f 3118/3118/3007 3119/3119/3008 5057/5057/4881
f 3118/3118/3007 5057/5057/4881 5056/5056/4880
f 5058/5058/4882 5056/5056/4880 5057/5057/4881
f 3359/3359/3241 3357/3357/3240 5059/5059/4883
f 5060/5060/4884 5061/5061/4885 5059/5059/4883
f 3359/3359/3241 5059/5059/4883 5061/5061/4885
f 3357/3357/3240 5062/5062/4886 5059/5059/4883
f 5063/5063/4887 5059/5059/4883 5062/5062/4886
f 3357/3357/3240 3360/3360/1030 5062/5062/4886
f 3360/3360/1030 3362/3362/3243 5064/5064/4888
f 3360/3360/1030 5064/5064/4888 5062/5062/4886
f 5065/5065/4889 5062/5062/4886 5064/5064/4888
f 3362/3362/3243 3365/3365/3246 5066/5066/4890
f 3362/3362/3243 5066/5066/4890 5064/5064/4888
f 5067/5067/4891 5064/5064/4888 5066/5066/4890
f 3604/3604/3476 3602/3602/3474 5068/5068/4892
f 5069/5069/4893 5070/5070/4894 5068/5068/4892
f 3604/3604/3476 5068/5068/4892 5070/5070/4894
f 3602/3602/3474 5071/5071/4895 5068/5068/4892
f 5072/5072/4896 5068/5068/4892 5071/5071/4895
f 3602/3602/3474 3605/3605/1179 5071/5071/4895
f 3605/3605/1179 5073/5073/4897 5071/5071/4895
f 3605/3605/1179 3607/3607/3478 5073/5073/4897
f 5074/5074/4898 5071/5071/4895 5073/5073/4897
f 5075/5075/4899 5073/5073/4897 5076/5076/4900
f 3607/3607/3478 5076/5076/4900 5073/5073/4897
f 3607/3607/3478 3610/3610/3481 5076/5076/4900
f 3724/3724/3584 3722/3722/3583 5077/5077/4901
f 5078/5078/4902 5079/5079/4903 5077/5077/4901
f 3724/3724/3584 5077/5077/4901 5079/5079/4903
f 3722/3722/3583 5080/5080/4904 5077/5077/4901
f 5081/5081/4905 5077/5077/4901 5080/5080/4904
f 3722/3722/3583 3725/3725/3585 5080/5080/4904
f 3725/3725/3585 5082/5082/4906 5080/5080/4904
f 3725/3725/3585 3728/3728/3588 5082/5082/4906
f 5083/5083/4907 5080/5080/4904 5082/5082/4906
f 3728/3728/3588 3729/3729/3589 5084/5084/4908
f 5085/5085/4909 5082/5082/4906 5084/5084/4908
f 3728/3728/3588 5084/5084/4908 5082/5082/4906
f 5086/5086/4910 5087/5087/4911 5088/5088/4912
f 3844/3844/3698 3842/3842/3696 5088/5088/4912
f 3844/3844/3698 5088/5088/4912 5087/5087/4911
f 3842/3842/3696 5089/5089/4913 5088/5088/4912
f 5090/5090/4914 5088/5088/4912 5089/5089/4913
f 3842/3842/3696 3846/3846/3700 5089/5089/4913
f 3846/3846/3700 5091/5091/4915 5089/5089/4913
f 5092/5092/4916 5089/5089/4913 5091/5091/4915
f 3846/3846/3700 3847/3847/3701 5091/5091/4915
f 3847/3847/3701 3849/3849/3703 5093/5093/4917
f 3847/3847/3701 5093/5093/4917 5091/5091/4915
f 5094/5094/4918 5091/5091/4915 5093/5093/4917
f 4089/4089/1464 4087/4087/3931 5095/5095/4919
f 5096/5096/4920 5097/5097/4921 5095/5095/4919
f 4089/4089/1464 5095/5095/4919 5097/5097/4921
f 4087/4087/3931 4090/4090/3933 5098/5098/4922
f 4087/4087/3931 5098/5098/4922 5095/5095/4919
f 5099/5099/4923 5095/5095/4919 5098/5098/4922
f 5100/5100/4924 5098/5098/4922 5101/5101/4925
f 4090/4090/3933 4092/4092/3935 5101/5101/4925
f 4090/4090/3933 5101/5101/4925 5098/5098/4922
f 4092/4092/3935 4095/4095/3938 5102/5102/4926
f 4092/4092/3935 5102/5102/4926 5101/5101/4925
f 5103/5103/4927 5101/5101/4925 5102/5102/4926
f 2282/2282/2208 2281/2281/2207 5104/5104/4928
f 5105/5105/4929 5106/5106/4930 5104/5104/4928
f 2282/2282/2208 5104/5104/4928 5106/5106/4930
f 2281/2281/2207 5107/5107/4931 5104/5104/4928
f 2281/2281/2207 2283/2283/2209 5107/5107/4931
f 5108/5108/4932 5104/5104/4928 5107/5107/4931
f 2283/2283/2209 2284/2284/2210 5109/5109/4933
f 5110/5110/4934 5107/5107/4931 5109/5109/4933
f 2283/2283/2209 5109/5109/4933 5107/5107/4931
f 2284/2284/2210 2285/2285/2211 5111/5111/4935
f 2284/2284/2210 5111/5111/4935 5109/5109/4933
f 5112/5112/4936 5109/5109/4933 5111/5111/4935
f 2327/2327/2253 2326/2326/2252 5113/5113/4937
f 5114/5114/4938 5115/5115/4939 5113/5113/4937
f 2327/2327/2253 5113/5113/4937 5115/5115/4939
f 2326/2326/2252 5116/5116/4940 5113/5113/4937
f 2326/2326/2252 2328/2328/2254 5116/5116/4940
f 5117/5117/4941 5113/5113/4937 5116/5116/4940
f 2328/2328/2254 5118/5118/4942 5116/5116/4940
f 5119/5119/4943 5116/5116/4940 5118/5118/4942
f 2328/2328/2254 2329/2329/2255 5118/5118/4942
f 5120/5120/4944 5118/5118/4942 5121/5121/4945
f 2329/2329/2255 2330/2330/2256 5121/5121/4945
f 2329/2329/2255 5121/5121/4945 5118/5118/4942
f 5122/5122/4946 5123/5123/4947 5124/5124/4948
f 2522/2522/2438 2521/2521/2437 5124/5124/4948
f 2522/2522/2438 5124/5124/4948 5123/5123/4947
f 2521/2521/2437 2523/2523/2439 5125/5125/4949
f 2521/2521/2437 5125/5125/4949 5124/5124/4948
f 5126/5126/4950 5124/5124/4948 5125/5125/4949
f 5127/5127/4951 5125/5125/4949 5128/5128/4952
f 2523/2523/2439 5128/5128/4952 5125/5125/4949
f 2523/2523/2439 2524/2524/2440 5128/5128/4952
f 2524/2524/2440 2525/2525/2441 5129/5129/4953
f 5130/5130/4954 5128/5128/4952 5129/5129/4953
f 2524/2524/2440 5129/5129/4953 5128/5128/4952
f 2567/2567/2480 2566/2566/2479 5131/5131/4955
f 5132/5132/4956 5133/5133/4957 5131/5131/4955
f 2567/2567/2480 5131/5131/4955 5133/5133/4957
f 2566/2566/2479 5134/5134/4958 5131/5131/4955
f 5135/5135/4959 5131/5131/4955 5134/5134/4958
f 2566/2566/2479 2568/2568/2481 5134/5134/4958
f 2568/2568/2481 5136/5136/4960 5134/5134/4958
f 2568/2568/2481 2569/2569/2482 5136/5136/4960
f 5137/5137/4961 5134/5134/4958 5136/5136/4960
f 2569/2569/2482 2570/2570/2483 5138/5138/4962
f 5139/5139/4963 5136/5136/4960 5138/5138/4962
f 2569/2569/2482 5138/5138/4962 5136/5136/4960
f 2857/2857/2758 2856/2856/2757 5140/5140/4964
f 5141/5141/4965 5142/5142/4966 5140/5140/4964
f 2857/2857/2758 5140/5140/4964 5142/5142/4966
f 2856/2856/2757 5143/5143/4967 5140/5140/4964
f 5144/5144/4968 5140/5140/4964 5143/5143/4967
f 2856/2856/2757 2858/2858/2759 5143/5143/4967
f 2858/2858/2759 5145/5145/4969 5143/5143/4967
f 2858/2858/2759 2859/2859/2760 5145/5145/4969
f 5146/5146/4970 5143/5143/4967 5145/5145/4969
f 5147/5147/4971 5145/5145/4969 5148/5148/4972
f 2859/2859/2760 5148/5148/4972 5145/5145/4969
f 2859/2859/2760 2860/2860/2761 5148/5148/4972
f 2907/2907/2808 2906/2906/2807 5149/5149/4973
f 5150/5150/4974 5151/5151/4975 5149/5149/4973
f 2907/2907/2808 5149/5149/4973 5151/5151/4975
f 2906/2906/2807 5152/5152/4976 5149/5149/4973
f 5153/5153/4977 5149/5149/4973 5152/5152/4976
f 2906/2906/2807 2908/2908/2809 5152/5152/4976
f 2908/2908/2809 5154/5154/4978 5152/5152/4976
f 2908/2908/2809 2909/2909/2810 5154/5154/4978
f 5155/5155/4979 5152/5152/4976 5154/5154/4978
f 2909/2909/2810 2910/2910/2811 5156/5156/4980
f 5157/5157/4979 5154/5154/4978 5156/5156/4980
f 2909/2909/2810 5156/5156/4980 5154/5154/4978
f 3029/3029/2924 3027/3027/2922 5158/5158/4981
f 5159/5159/4982 5160/5160/4983 5158/5158/4981
f 3029/3029/2924 5158/5158/4981 5160/5160/4983
f 3027/3027/2922 5161/5161/4984 5158/5158/4981
f 5162/5162/4985 5158/5158/4981 5161/5161/4984
f 3027/3027/2922 3030/3030/2925 5161/5161/4984
f 3030/3030/2925 5163/5163/4986 5161/5161/4984
f 3030/3030/2925 3033/3033/2928 5163/5163/4986
f 5164/5164/4987 5161/5161/4984 5163/5163/4986
f 3033/3033/2928 3034/3034/2929 5165/5165/4988
f 5166/5166/4989 5163/5163/4986 5165/5165/4988
f 3033/3033/2928 5165/5165/4988 5163/5163/4986
f 5167/5167/4990 5168/5168/4991 5169/5169/4992
f 3082/3082/2975 3081/3081/2974 5169/5169/4992
f 3082/3082/2975 5169/5169/4992 5168/5168/4991
f 3081/3081/2974 5170/5170/4993 5169/5169/4992
f 5171/5171/4994 5169/5169/4992 5170/5170/4993
f 3081/3081/2974 3083/3083/2976 5170/5170/4993
f 3083/3083/2976 5172/5172/4995 5170/5170/4993
f 5173/5173/4996 5170/5170/4993 5172/5172/4995
f 3083/3083/2976 3084/3084/2977 5172/5172/4995
f 3084/3084/2977 3085/3085/2978 5174/5174/4997
f 3084/3084/2977 5174/5174/4997 5172/5172/4995
f 5175/5175/4998 5172/5172/4995 5174/5174/4997
f 3197/3197/3084 3196/3196/3083 5176/5176/4999
f 5177/5177/5000 5178/5178/5001 5176/5176/4999
f 3197/3197/3084 5176/5176/4999 5178/5178/5001
f 3196/3196/3083 3198/3198/3085 5179/5179/5002
f 3196/3196/3083 5179/5179/5002 5176/5176/4999
f 5180/5180/5003 5176/5176/4999 5179/5179/5002
f 5181/5181/5004 5179/5179/5002 5182/5182/5005
f 3198/3198/3085 5182/5182/5005 5179/5179/5002
f 3198/3198/3085 3199/3199/3086 5182/5182/5005
f 3199/3199/3086 3200/3200/3087 5183/5183/5006
f 5184/5184/5007 5182/5182/5005 5183/5183/5006
f 3199/3199/3086 5183/5183/5006 5182/5182/5005
f 5185/5185/5008 5186/5186/5009 5187/5187/5010
f 974/974/959 972/972/957 5187/5187/5010
f 974/974/959 5187/5187/5010 5186/5186/5009
f 972/972/957 5188/5188/5011 5187/5187/5010
f 5189/5189/5012 5187/5187/5010 5188/5188/5011
f 972/972/957 975/975/960 5188/5188/5011
f 5190/5190/5013 5188/5188/5011 5191/5191/5014
f 975/975/960 5191/5191/5014 5188/5188/5011
f 975/975/960 977/977/962 5191/5191/5014
f 977/977/962 979/979/964 5192/5192/5015
f 5193/5193/5016 5191/5191/5014 5192/5192/5015
f 977/977/962 5192/5192/5015 5191/5191/5014
f 5194/5194/5017 5195/5195/5018 5196/5196/5019
f 1004/1004/988 1002/1002/986 5196/5196/5019
f 1004/1004/988 5196/5196/5019 5195/5195/5018
f 1002/1002/986 5197/5197/5020 5196/5196/5019
f 5198/5198/5021 5196/5196/5019 5197/5197/5020
f 1002/1002/986 1005/1005/989 5197/5197/5020
f 5199/5199/5022 5197/5197/5020 5200/5200/5023
f 1005/1005/989 5200/5200/5023 5197/5197/5020
f 1005/1005/989 1007/1007/991 5200/5200/5023
f 1007/1007/991 1010/1010/994 5201/5201/5024
f 1007/1007/991 5201/5201/5024 5200/5200/5023
f 5202/5202/5025 5200/5200/5023 5201/5201/5024
f 3442/3442/3318 3441/3441/3317 5203/5203/5026
f 5204/5204/5027 5205/5205/5028 5203/5203/5026
f 3442/3442/3318 5203/5203/5026 5205/5205/5028
f 3441/3441/3317 5206/5206/5029 5203/5203/5026
f 5207/5207/5030 5203/5203/5026 5206/5206/5029
f 3441/3441/3317 3443/3443/3319 5206/5206/5029
f 3443/3443/3319 3444/3444/3320 5208/5208/5031
f 3443/3443/3319 5208/5208/5031 5206/5206/5029
f 5209/5209/5032 5206/5206/5029 5208/5208/5031
f 3444/3444/3320 3445/3445/3321 5210/5210/5033
f 3444/3444/3320 5210/5210/5033 5208/5208/5031
f 5211/5211/5034 5208/5208/5031 5210/5210/5033
f 1154/1154/1138 1152/1152/1136 5212/5212/5035
f 5213/5213/5036 5214/5214/5037 5212/5212/5035
f 1154/1154/1138 5212/5212/5035 5214/5214/5037
f 1152/1152/1136 5215/5215/5038 5212/5212/5035
f 5216/5216/5039 5212/5212/5035 5215/5215/5038
f 1152/1152/1136 1155/1155/1139 5215/5215/5038
f 1155/1155/1139 5217/5217/5040 5215/5215/5038
f 1155/1155/1139 1157/1157/1141 5217/5217/5040
f 5218/5218/5041 5215/5215/5038 5217/5217/5040
f 5219/5219/5042 5217/5217/5040 5220/5220/5043
f 1157/1157/1141 5220/5220/5043 5217/5217/5040
f 1157/1157/1141 1160/1160/1144 5220/5220/5043
f 1124/1124/1108 1122/1122/1106 5221/5221/5044
f 5222/5222/5045 5223/5223/5046 5221/5221/5044
f 1124/1124/1108 5221/5221/5044 5223/5223/5046
f 1122/1122/1106 5224/5224/5047 5221/5221/5044
f 5225/5225/5048 5221/5221/5044 5224/5224/5047
f 1122/1122/1106 1125/1125/1109 5224/5224/5047
f 1125/1125/1109 5226/5226/5049 5224/5224/5047
f 1125/1125/1109 1127/1127/1111 5226/5226/5049
f 5227/5227/5050 5224/5224/5047 5226/5226/5049
f 5228/5228/5051 5226/5226/5049 5229/5229/5052
f 1127/1127/1111 5229/5229/5052 5226/5226/5049
f 1127/1127/1111 1130/1130/1114 5229/5229/5052
f 5230/5230/5053 5231/5231/5054 5232/5232/5055
f 3679/3679/3543 5232/5232/5055 5231/5231/5054
f 3679/3679/3543 3677/3677/3541 5232/5232/5055
f 5233/5233/5056 5232/5232/5055 5234/5234/5057
f 3677/3677/3541 3680/3680/3544 5234/5234/5057
f 3677/3677/3541 5234/5234/5057 5232/5232/5055
f 5235/5235/5058 5234/5234/5057 5236/5236/5059
f 3680/3680/3544 5236/5236/5059 5234/5234/5057
f 3680/3680/3544 3683/3683/3547 5236/5236/5059
f 3683/3683/3547 3684/3684/3548 5237/5237/5060
f 3683/3683/3547 5237/5237/5060 5236/5236/5059
f 5238/5238/5061 5236/5236/5059 5237/5237/5060
f 3799/3799/3655 3797/3797/3654 5239/5239/5062
f 5240/5240/5063 5241/5241/5064 5239/5239/5062
f 3799/3799/3655 5239/5239/5062 5241/5241/5064
f 3797/3797/3654 5242/5242/5065 5239/5239/5062
f 5243/5243/5066 5239/5239/5062 5242/5242/5065
f 3797/3797/3654 3801/3801/3657 5242/5242/5065
f 3801/3801/3657 5244/5244/5067 5242/5242/5065
f 3801/3801/3657 3802/3802/3658 5244/5244/5067
f 5245/5245/5068 5242/5242/5065 5244/5244/5067
f 5246/5246/5069 5244/5244/5067 5247/5247/5070
f 3802/3802/3658 5247/5247/5070 5244/5244/5067
f 3802/3802/3658 3804/3804/3660 5247/5247/5070
f 3954/3954/3801 3952/3952/3799 5248/5248/5071
f 5249/5249/5072 5250/5250/5073 5248/5248/5071
f 3954/3954/3801 5248/5248/5071 5250/5250/5073
f 3952/3952/3799 5251/5251/5074 5248/5248/5071
f 5252/5252/5075 5248/5248/5071 5251/5251/5074
f 3952/3952/3799 3955/3955/3802 5251/5251/5074
f 3955/3955/3802 5253/5253/5076 5251/5251/5074
f 3955/3955/3802 3958/3958/3805 5253/5253/5076
f 5254/5254/5077 5251/5251/5074 5253/5253/5076
f 3958/3958/3805 3959/3959/3806 5255/5255/5078
f 5256/5256/5079 5253/5253/5076 5255/5255/5078
f 3958/3958/3805 5255/5255/5078 5253/5253/5076
f 5257/5257/5080 5258/5258/5081 5259/5259/5082
f 3904/3904/3754 3902/3902/3752 5259/5259/5082
f 3904/3904/3754 5259/5259/5082 5258/5258/5081
f 3902/3902/3752 3905/3905/3755 5260/5260/5083
f 3902/3902/3752 5260/5260/5083 5259/5259/5082
f 5261/5261/5084 5259/5259/5082 5260/5260/5083
f 3905/3905/3755 3907/3907/3757 5262/5262/5085
f 5263/5263/5086 5260/5260/5083 5262/5262/5085
f 3905/3905/3755 5262/5262/5085 5260/5260/5083
f 5264/5264/5087 5262/5262/5085 5265/5265/5088
f 3907/3907/3757 3910/3910/3759 5265/5265/5088
f 3907/3907/3757 5265/5265/5088 5262/5262/5085
f 5266/5266/5089 5267/5267/5090 5268/5268/5091
f 4199/4199/4040 4197/4197/4038 5268/5268/5091
f 4199/4199/4040 5268/5268/5091 5267/5267/5090
f 4197/4197/4038 5269/5269/5092 5268/5268/5091
f 5270/5270/5093 5268/5268/5091 5269/5269/5092
f 4197/4197/4038 4201/4201/4042 5269/5269/5092
f 4201/4201/4042 5271/5271/5094 5269/5269/5092
f 4201/4201/4042 4202/4202/4043 5271/5271/5094
f 5272/5272/5095 5269/5269/5092 5271/5271/5094
f 4202/4202/4043 4204/4204/4044 5273/5273/5096
f 4202/4202/4043 5273/5273/5096 5271/5271/5094
f 5274/5274/5097 5271/5271/5094 5273/5273/5096
f 4149/4149/3990 5275/5275/5098 5276/5276/5099
f 5277/5277/5100 5276/5276/5099 5275/5275/5098
f 4149/4149/3990 4147/4147/3988 5275/5275/5098
f 5278/5278/5101 5275/5275/5098 5279/5279/5102
f 4147/4147/3988 4150/4150/3991 5279/5279/5102
f 4147/4147/3988 5279/5279/5102 5275/5275/5098
f 5280/5280/5103 5279/5279/5102 5281/5281/5104
f 4150/4150/3991 5281/5281/5104 5279/5279/5102
f 4150/4150/3991 4152/4152/3993 5281/5281/5104
f 4152/4152/3993 4154/4154/3995 5282/5282/5105
f 4152/4152/3993 5282/5282/5105 5281/5281/5104
f 5283/5283/5106 5281/5281/5104 5282/5282/5105
f 2267/2267/2195 2266/2266/2194 5284/5284/5107
f 5285/5285/5108 5286/5286/5109 5284/5284/5107
f 2267/2267/2195 5284/5284/5107 5286/5286/5109
f 2266/2266/2194 5287/5287/5110 5284/5284/5107
f 5288/5288/5111 5284/5284/5107 5287/5287/5110
f 2266/2266/2194 2268/2268/2196 5287/5287/5110
f 2268/2268/2196 2269/2269/382 5289/5289/5112
f 2268/2268/2196 5289/5289/5112 5287/5287/5110
f 5290/5290/5113 5287/5287/5110 5289/5289/5112
f 2269/2269/382 2270/2270/2197 5291/5291/5114
f 2269/2269/382 5291/5291/5114 5289/5289/5112
f 5292/5292/5115 5289/5289/5112 5291/5291/5114
f 2312/2312/2238 2311/2311/2237 5293/5293/5116
f 5294/5294/5117 5295/5295/5118 5293/5293/5116
f 2312/2312/2238 5293/5293/5116 5295/5295/5118
f 2311/2311/2237 5296/5296/5119 5293/5293/5116
f 5297/5297/5120 5293/5293/5116 5296/5296/5119
f 2311/2311/2237 2313/2313/2239 5296/5296/5119
f 2313/2313/2239 5298/5298/5121 5296/5296/5119
f 2313/2313/2239 2314/2314/2240 5298/5298/5121
f 5299/5299/5122 5296/5296/5119 5298/5298/5121
f 2314/2314/2240 2315/2315/2241 5300/5300/5123
f 5301/5301/5124 5298/5298/5121 5300/5300/5123
f 2314/2314/2240 5300/5300/5123 5298/5298/5121
f 5302/5302/5125 5303/5303/5126 5304/5304/5127
f 2447/2447/2365 2446/2446/2364 5304/5304/5127
f 2447/2447/2365 5304/5304/5127 5303/5303/5126
f 2446/2446/2364 5305/5305/5128 5304/5304/5127
f 5306/5306/5129 5304/5304/5127 5305/5305/5128
f 2446/2446/2364 2448/2448/2366 5305/5305/5128
f 2448/2448/2366 5307/5307/5130 5305/5305/5128
f 5308/5308/5131 5305/5305/5128 5307/5307/5130
f 2448/2448/2366 2449/2449/2367 5307/5307/5130
f 2449/2449/2367 2450/2450/2368 5309/5309/5132
f 2449/2449/2367 5309/5309/5132 5307/5307/5130
f 5310/5310/5133 5307/5307/5130 5309/5309/5132
f 2492/2492/2408 2491/2491/2407 5311/5311/5134
f 5312/5312/5135 5313/5313/5136 5311/5311/5134
f 2492/2492/2408 5311/5311/5134 5313/5313/5136
f 2491/2491/2407 5314/5314/5137 5311/5311/5134
f 5315/5315/5138 5311/5311/5134 5314/5314/5137
f 2491/2491/2407 2493/2493/2409 5314/5314/5137
f 2493/2493/2409 5316/5316/5139 5314/5314/5137
f 2493/2493/2409 2494/2494/2410 5316/5316/5139
f 5317/5317/5140 5314/5314/5137 5316/5316/5139
f 5318/5318/5141 5316/5316/5139 5319/5319/5142
f 2494/2494/2410 5319/5319/5142 5316/5316/5139
f 2494/2494/2410 2495/2495/2411 5319/5319/5142
f 2537/2537/2452 2536/2536/2451 5320/5320/5143
f 5321/5321/5144 5322/5322/5145 5320/5320/5143
f 2537/2537/2452 5320/5320/5143 5322/5322/5145
f 2536/2536/2451 5323/5323/5146 5320/5320/5143
f 5324/5324/5147 5320/5320/5143 5323/5323/5146
f 2536/2536/2451 2538/2538/2453 5323/5323/5146
f 2538/2538/2453 5325/5325/5148 5323/5323/5146
f 2538/2538/2453 2539/2539/2454 5325/5325/5148
f 5326/5326/5149 5323/5323/5146 5325/5325/5148
f 5327/5327/5150 5325/5325/5148 5328/5328/5151
f 2539/2539/2454 5328/5328/5151 5325/5325/5148
f 2539/2539/2454 2540/2540/2455 5328/5328/5151
f 5329/5329/5152 5330/5330/5153 5331/5331/5154
f 2687/2687/2596 5331/5331/5154 5330/5330/5153
f 2687/2687/2596 2686/2686/2595 5331/5331/5154
f 5332/5332/5155 5331/5331/5154 5333/5333/5156
f 2686/2686/2595 2688/2688/2597 5333/5333/5156
f 2686/2686/2595 5333/5333/5156 5331/5331/5154
f 5334/5334/5157 5333/5333/5156 5335/5335/5158
f 2688/2688/2597 5335/5335/5158 5333/5333/5156
f 2688/2688/2597 2689/2689/2598 5335/5335/5158
f 2689/2689/2598 2690/2690/2599 5336/5336/5159
f 2689/2689/2598 5336/5336/5159 5335/5335/5158
f 5337/5337/5160 5335/5335/5158 5336/5336/5159
f 2734/2734/2641 2732/2732/2639 5338/5338/5161
f 5339/5339/5162 5340/5340/5163 5338/5338/5161
f 2734/2734/2641 5338/5338/5161 5340/5340/5163
f 2732/2732/2639 5341/5341/5164 5338/5338/5161
f 5342/5342/5165 5338/5338/5161 5341/5341/5164
f 2732/2732/2639 2736/2736/2643 5341/5341/5164
f 2736/2736/2643 5343/5343/5166 5341/5341/5164
f 2736/2736/2643 2737/2737/2644 5343/5343/5166
f 5344/5344/5167 5341/5341/5164 5343/5343/5166
f 2737/2737/2644 2739/2739/2646 5345/5345/5168
f 5346/5346/5169 5343/5343/5166 5345/5345/5168
f 2737/2737/2644 5345/5345/5168 5343/5343/5166
f 5347/5347/5170 5348/5348/5171 5349/5349/5172
f 2842/2842/722 2841/2841/2743 5349/5349/5172
f 2842/2842/722 5349/5349/5172 5348/5348/5171
f 2841/2841/2743 5350/5350/5173 5349/5349/5172
f 5351/5351/5174 5349/5349/5172 5350/5350/5173
f 2841/2841/2743 2843/2843/2744 5350/5350/5173
f 2843/2843/2744 5352/5352/5175 5350/5350/5173
f 5353/5353/5176 5350/5350/5173 5352/5352/5175
f 2843/2843/2744 2844/2844/2745 5352/5352/5175
f 2844/2844/2745 2845/2845/2746 5354/5354/5177
f 2844/2844/2745 5354/5354/5177 5352/5352/5175
f 5355/5355/5178 5352/5352/5175 5354/5354/5177
f 2889/2889/2790 2887/2887/2788 5356/5356/5179
f 5357/5357/5180 5358/5358/5181 5356/5356/5179
f 2889/2889/2790 5356/5356/5179 5358/5358/5181
f 2887/2887/2788 2890/2890/2791 5359/5359/5182
f 2887/2887/2788 5359/5359/5182 5356/5356/5179
f 5360/5360/5183 5356/5356/5179 5359/5359/5182
f 5361/5361/5184 5359/5359/5182 5362/5362/5185
f 2890/2890/2791 5362/5362/5185 5359/5359/5182
f 2890/2890/2791 2892/2892/2793 5362/5362/5185
f 2892/2892/2793 2894/2894/2795 5363/5363/5186
f 5364/5364/5187 5362/5362/5185 5363/5363/5186
f 2892/2892/2793 5363/5363/5186 5362/5362/5185
f 5365/5365/5188 5366/5366/5189 5367/5367/5190
f 3012/3012/2907 3011/3011/2906 5367/5367/5190
f 3012/3012/2907 5367/5367/5190 5366/5366/5189
f 3011/3011/2906 5368/5368/5191 5367/5367/5190
f 5369/5369/5192 5367/5367/5190 5368/5368/5191
f 3011/3011/2906 3013/3013/2908 5368/5368/5191
f 5370/5370/5193 5368/5368/5191 5371/5371/5194
f 3013/3013/2908 5371/5371/5194 5368/5368/5191
f 3013/3013/2908 3014/3014/2909 5371/5371/5194
f 3014/3014/2909 3015/3015/2910 5372/5372/5195
f 3014/3014/2909 5372/5372/5195 5371/5371/5194
f 5373/5373/5196 5371/5371/5194 5372/5372/5195
f 3064/3064/2958 3062/3062/2956 5374/5374/5197
f 5375/5375/5198 5376/5376/5199 5374/5374/5197
f 3064/3064/2958 5374/5374/5197 5376/5376/5199
f 3062/3062/2956 5377/5377/5200 5374/5374/5197
f 5378/5378/5201 5374/5374/5197 5377/5377/5200
f 3062/3062/2956 3066/3066/2960 5377/5377/5200
f 3066/3066/2960 5379/5379/5202 5377/5377/5200
f 3066/3066/2960 3067/3067/2961 5379/5379/5202
f 5380/5380/5203 5377/5377/5200 5379/5379/5202
f 5381/5381/5204 5379/5379/5202 5382/5382/5205
f 3067/3067/2961 5382/5382/5205 5379/5379/5202
f 3067/3067/2961 3069/3069/2963 5382/5382/5205
f 5383/5383/5206 5384/5384/5207 5385/5385/5208
f 3164/3164/3051 5385/5385/5208 5384/5384/5207
f 3164/3164/3051 3162/3162/3049 5385/5385/5208
f 5386/5386/5209 5385/5385/5208 5387/5387/5210
f 3162/3162/3049 3165/3165/3052 5387/5387/5210
f 3162/3162/3049 5387/5387/5210 5385/5385/5208
f 5388/5388/5211 5387/5387/5210 5389/5389/5212
f 3165/3165/3052 5389/5389/5212 5387/5387/5210
f 3165/3165/3052 3167/3167/3054 5389/5389/5212
f 3167/3167/3054 3170/3170/3057 5390/5390/5213
f 5391/5391/5214 5389/5389/5212 5390/5390/5213
f 3167/3167/3054 5390/5390/5213 5389/5389/5212
f 5392/5392/5215 5393/5393/5216 5394/5394/5217
f 3214/3214/3101 3212/3212/3099 5394/5394/5217
f 3214/3214/3101 5394/5394/5217 5393/5393/5216
f 3212/3212/3099 5395/5395/5218 5394/5394/5217
f 5396/5396/5219 5394/5394/5217 5395/5395/5218
f 3212/3212/3099 3215/3215/3102 5395/5395/5218
f 5397/5397/5220 5395/5395/5218 5398/5398/5221
f 3215/3215/3102 5398/5398/5221 5395/5395/5218
f 3215/3215/3102 3218/3218/3105 5398/5398/5221
f 3218/3218/3105 3219/3219/3106 5399/5399/5222
f 5400/5400/5223 5398/5398/5221 5399/5399/5222
f 3218/3218/3105 5399/5399/5222 5398/5398/5221
f 5401/5401/5224 5402/5402/5225 5403/5403/5226
f 3409/3409/3288 3407/3407/3286 5403/5403/5226
f 3409/3409/3288 5403/5403/5226 5402/5402/5225
f 3407/3407/3286 3410/3410/3289 5404/5404/5227
f 3407/3407/3286 5404/5404/5227 5403/5403/5226
f 5405/5405/5228 5403/5403/5226 5404/5404/5227
f 3410/3410/3289 3413/3413/3292 5406/5406/5229
f 5407/5407/5230 5404/5404/5227 5406/5406/5229
f 3410/3410/3289 5406/5406/5229 5404/5404/5227
f 5408/5408/5231 5406/5406/5229 5409/5409/5232
f 3413/3413/3292 5409/5409/5232 5406/5406/5229
f 3413/3413/3292 3414/3414/3293 5409/5409/5232
f 5410/5410/5233 5411/5411/5234 5412/5412/5235
f 3459/3459/3335 3457/3457/3333 5412/5412/5235
f 3459/3459/3335 5412/5412/5235 5411/5411/5234
f 3457/3457/3333 3460/3460/3336 5413/5413/5236
f 5414/5414/5237 5412/5412/5235 5413/5413/5236
f 3457/3457/3333 5413/5413/5236 5412/5412/5235
f 5415/5415/5238 5413/5413/5236 5416/5416/5239
f 3460/3460/3336 3462/3462/3338 5416/5416/5239
f 3460/3460/3336 5416/5416/5239 5413/5413/5236
f 5417/5417/5240 5416/5416/5239 5418/5418/5241
f 3462/3462/3338 5418/5418/5241 5416/5416/5239
f 3462/3462/3338 3464/3464/3340 5418/5418/5241
f 5419/5419/5242 5420/5420/5243 5421/5421/5244
f 3639/3639/1195 3637/3637/3503 5421/5421/5244
f 3639/3639/1195 5421/5421/5244 5420/5420/5243
f 3637/3637/3503 5422/5422/5245 5421/5421/5244
f 5423/5423/5246 5421/5421/5244 5422/5422/5245
f 3637/3637/3503 3640/3640/3504 5422/5422/5245
f 3640/3640/3504 5424/5424/5247 5422/5422/5245
f 5425/5425/5248 5422/5422/5245 5424/5424/5247
f 3640/3640/3504 3643/3643/3507 5424/5424/5247
f 3643/3643/3507 3644/3644/3508 5426/5426/5249
f 3643/3643/3507 5426/5426/5249 5424/5424/5247
f 5427/5427/5250 5424/5424/5247 5426/5426/5249
f 3759/3759/3617 3757/3757/3615 5428/5428/5251
f 5429/5429/5252 5430/5430/5253 5428/5428/5251
f 3759/3759/3617 5428/5428/5251 5430/5430/5253
f 3757/3757/3615 3761/3761/3619 5431/5431/5254
f 3757/3757/3615 5431/5431/5254 5428/5428/5251
f 5432/5432/5255 5428/5428/5251 5431/5431/5254
f 5433/5433/5256 5431/5431/5254 5434/5434/5257
f 3761/3761/3619 5434/5434/5257 5431/5431/5254
f 3761/3761/3619 3762/3762/3620 5434/5434/5257
f 5435/5435/5258 5434/5434/5257 5436/5436/5259
f 3762/3762/3620 3764/3764/1265 5436/5436/5259
f 3762/3762/3620 5436/5436/5259 5434/5434/5257
f 5437/5437/5260 5438/5438/5261 5439/5439/5262
f 3864/3864/3717 3862/3862/3715 5439/5439/5262
f 3864/3864/3717 5439/5439/5262 5438/5438/5261
f 3862/3862/3715 3865/3865/3718 5440/5440/5263
f 3862/3862/3715 5440/5440/5263 5439/5439/5262
f 5441/5441/5264 5439/5439/5262 5440/5440/5263
f 3865/3865/3718 3867/3867/1330 5442/5442/5265
f 5443/5443/5266 5440/5440/5263 5442/5442/5265
f 3865/3865/3718 5442/5442/5265 5440/5440/5263
f 5444/5444/5267 5442/5442/5265 5445/5445/5268
f 3867/3867/1330 3870/3870/3722 5445/5445/5268
f 3867/3867/1330 5445/5445/5268 5442/5442/5265
f 5446/5446/5269 5447/5447/5270 5448/5448/5271
f 4109/4109/3952 4107/4107/3950 5448/5448/5271
f 4109/4109/3952 5448/5448/5271 5447/5447/5270
f 4107/4107/3950 5449/5449/5272 5448/5448/5271
f 5450/5450/5273 5448/5448/5271 5449/5449/5272
f 4107/4107/3950 4110/4110/3953 5449/5449/5272
f 4110/4110/3953 5451/5451/5274 5449/5449/5272
f 4110/4110/3953 4112/4112/3955 5451/5451/5274
f 5452/5452/5275 5449/5449/5272 5451/5451/5274
f 4112/4112/3955 4114/4114/3957 5453/5453/5276
f 4112/4112/3955 5453/5453/5276 5451/5451/5274
f 5454/5454/5277 5451/5451/5274 5453/5453/5276
f 3282/3282/3169 5455/5455/5278 5456/5456/5279
f 5457/5457/5280 5456/5456/5279 5455/5455/5278
f 3282/3282/3169 3281/3281/3168 5455/5455/5278
f 5458/5458/5281 5455/5455/5278 5459/5459/5282
f 3281/3281/3168 3283/3283/3170 5459/5459/5282
f 3281/3281/3168 5459/5459/5282 5455/5455/5278
f 5460/5460/5283 5459/5459/5282 5461/5461/5284
f 3283/3283/3170 3284/3284/3171 5461/5461/5284
f 3283/3283/3170 5461/5461/5284 5459/5459/5282
f 3284/3284/3171 3285/3285/3172 5462/5462/5285
f 3284/3284/3171 5462/5462/5285 5461/5461/5284
f 5463/5463/5286 5461/5461/5284 5462/5462/5285
f 3327/3327/3213 3326/3326/3212 5464/5464/5287
f 5465/5465/5288 5466/5466/5289 5464/5464/5287
f 3327/3327/3213 5464/5464/5287 5466/5466/5289
f 3326/3326/3212 5467/5467/5290 5464/5464/5287
f 3326/3326/3212 3328/3328/3214 5467/5467/5290
f 5468/5468/5291 5464/5464/5287 5467/5467/5290
f 3328/3328/3214 3329/3329/3215 5469/5469/5292
f 5470/5470/5293 5467/5467/5290 5469/5469/5292
f 3328/3328/3214 5469/5469/5292 5467/5467/5290
f 3329/3329/3215 3330/3330/3216 5471/5471/5294
f 3329/3329/3215 5471/5471/5294 5469/5469/5292
f 5472/5472/5295 5469/5469/5292 5471/5471/5294
f 3522/3522/3397 3521/3521/3396 5473/5473/5296
f 5474/5474/5297 5475/5475/5298 5473/5473/5296
f 3522/3522/3397 5473/5473/5296 5475/5475/5298
f 3521/3521/3396 5476/5476/5299 5473/5473/5296
f 3521/3521/3396 3523/3523/3398 5476/5476/5299
f 5477/5477/5300 5473/5473/5296 5476/5476/5299
f 3523/3523/3398 5478/5478/5301 5476/5476/5299
f 5479/5479/5302 5476/5476/5299 5478/5478/5301
f 3523/3523/3398 3524/3524/3399 5478/5478/5301
f 5480/5480/5303 5478/5478/5301 5481/5481/5304
f 3524/3524/3399 3525/3525/3400 5481/5481/5304
f 3524/3524/3399 5481/5481/5304 5478/5478/5301
f 5482/5482/5305 5483/5483/5306 5484/5484/5307
f 3567/3567/3441 3566/3566/3440 5484/5484/5307
f 3567/3567/3441 5484/5484/5307 5483/5483/5306
f 3566/3566/3440 3568/3568/3442 5485/5485/5308
f 3566/3566/3440 5485/5485/5308 5484/5484/5307
f 5486/5486/5309 5484/5484/5307 5485/5485/5308
f 5487/5487/5310 5485/5485/5308 5488/5488/5311
f 3568/3568/3442 5488/5488/5311 5485/5485/5308
f 3568/3568/3442 3569/3569/3443 5488/5488/5311
f 3569/3569/3443 3570/3570/3444 5489/5489/5312
f 5490/5490/5313 5488/5488/5311 5489/5489/5312
f 3569/3569/3443 5489/5489/5312 5488/5488/5311
f 3932/3932/3779 3931/3931/3778 5491/5491/5314
f 5492/5492/5315 5493/5493/5316 5491/5491/5314
f 3932/3932/3779 5491/5491/5314 5493/5493/5316
f 3931/3931/3778 5494/5494/5317 5491/5491/5314
f 5495/5495/5318 5491/5491/5314 5494/5494/5317
f 3931/3931/3778 3933/3933/3780 5494/5494/5317
f 3933/3933/3780 5496/5496/5319 5494/5494/5317
f 3933/3933/3780 3934/3934/3781 5496/5496/5319
f 5497/5497/5320 5494/5494/5317 5496/5496/5319
f 3934/3934/3781 3935/3935/3782 5498/5498/5321
f 5499/5499/5322 5496/5496/5319 5498/5498/5321
f 3934/3934/3781 5498/5498/5321 5496/5496/5319
f 4012/4012/3858 4011/4011/3857 5500/5500/5323
f 5501/5501/5324 5502/5502/5325 5500/5500/5323
f 4012/4012/3858 5500/5500/5323 5502/5502/5325
f 4011/4011/3857 5503/5503/5326 5500/5500/5323
f 5504/5504/5327 5500/5500/5323 5503/5503/5326
f 4011/4011/3857 4013/4013/3859 5503/5503/5326
f 4013/4013/3859 5505/5505/5328 5503/5503/5326
f 4013/4013/3859 4014/4014/3860 5505/5505/5328
f 5506/5506/5329 5503/5503/5326 5505/5505/5328
f 5507/5507/5330 5505/5505/5328 5508/5508/5331
f 4014/4014/3860 5508/5508/5331 5505/5505/5328
f 4014/4014/3860 4015/4015/3861 5508/5508/5331
f 4057/4057/3902 4056/4056/3901 5509/5509/5332
f 5510/5510/5333 5511/5511/5334 5509/5509/5332
f 4057/4057/3902 5509/5509/5332 5511/5511/5334
f 4056/4056/3901 5512/5512/5335 5509/5509/5332
f 5513/5513/5336 5509/5509/5332 5512/5512/5335
f 4056/4056/3901 4058/4058/3903 5512/5512/5335
f 4058/4058/3903 5514/5514/5337 5512/5512/5335
f 4058/4058/3903 4059/4059/3904 5514/5514/5337
f 5515/5515/5338 5512/5512/5335 5514/5514/5337
f 4059/4059/3904 4060/4060/3905 5516/5516/5339
f 5517/5517/5340 5514/5514/5337 5516/5516/5339
f 4059/4059/3904 5516/5516/5339 5514/5514/5337
f 4177/4177/4018 4176/4176/4017 5518/5518/5341
f 5519/5519/5342 5520/5520/5343 5518/5518/5341
f 4177/4177/4018 5518/5518/5341 5520/5520/5343
f 4176/4176/4017 5521/5521/5344 5518/5518/5341
f 5522/5522/5345 5518/5518/5341 5521/5521/5344
f 4176/4176/4017 4178/4178/4019 5521/5521/5344
f 4178/4178/4019 5523/5523/5346 5521/5521/5344
f 4178/4178/4019 4179/4179/4020 5523/5523/5346
f 5524/5524/5347 5521/5521/5344 5523/5523/5346
f 4179/4179/4020 4180/4180/4021 5525/5525/5348
f 5526/5526/5349 5523/5523/5346 5525/5525/5348
f 4179/4179/4020 5525/5525/5348 5523/5523/5346
f 5527/5527/5350 5528/5528/5351 5529/5529/5352
f 4257/4257/4096 4256/4256/4095 5529/5529/5352
f 4257/4257/4096 5529/5529/5352 5528/5528/5351
f 4256/4256/4095 5530/5530/5353 5529/5529/5352
f 5531/5531/5354 5529/5529/5352 5530/5530/5353
f 4256/4256/4095 4258/4258/4097 5530/5530/5353
f 4258/4258/4097 5532/5532/5355 5530/5530/5353
f 5533/5533/5356 5530/5530/5353 5532/5532/5355
f 4258/4258/4097 4259/4259/4098 5532/5532/5355
f 4259/4259/4098 4260/4260/4099 5534/5534/5357
f 4259/4259/4098 5534/5534/5357 5532/5532/5355
f 5535/5535/5358 5532/5532/5355 5534/5534/5357
f 4302/4302/4140 4301/4301/4139 5536/5536/5359
f 5537/5537/5360 5538/5538/5361 5536/5536/5359
f 4302/4302/4140 5536/5536/5359 5538/5538/5361
f 4301/4301/4139 4303/4303/4141 5539/5539/5362
f 4301/4301/4139 5539/5539/5362 5536/5536/5359
f 5540/5540/5363 5536/5536/5359 5539/5539/5362
f 5541/5541/5364 5539/5539/5362 5542/5542/5365
f 4303/4303/4141 5542/5542/5365 5539/5539/5362
f 4303/4303/4141 4304/4304/4142 5542/5542/5365
f 4304/4304/4142 4305/4305/4143 5543/5543/5366
f 5544/5544/5367 5542/5542/5365 5543/5543/5366
f 4304/4304/4142 5543/5543/5366 5542/5542/5365
f 5545/5545/5368 5546/5546/5369 5547/5547/5370
f 3267/3267/3154 3266/3266/3153 5547/5547/5370
f 3267/3267/3154 5547/5547/5370 5546/5546/5369
f 3266/3266/3153 5548/5548/5371 5547/5547/5370
f 5549/5549/5372 5547/5547/5370 5548/5548/5371
f 3266/3266/3153 3268/3268/3155 5548/5548/5371
f 5550/5550/5373 5548/5548/5371 5551/5551/5374
f 3268/3268/3155 5551/5551/5374 5548/5548/5371
f 3268/3268/3155 3269/3269/3156 5551/5551/5374
f 3269/3269/3156 3270/3270/3157 5552/5552/5375
f 5553/5553/5376 5551/5551/5374 5552/5552/5375
f 3269/3269/3156 5552/5552/5375 5551/5551/5374
f 5554/5554/5377 5555/5555/5378 5556/5556/5379
f 3312/3312/3198 3311/3311/3197 5556/5556/5379
f 3312/3312/3198 5556/5556/5379 5555/5555/5378
f 3311/3311/3197 5557/5557/5380 5556/5556/5379
f 5558/5558/5381 5556/5556/5379 5557/5557/5380
f 3311/3311/3197 3313/3313/3199 5557/5557/5380
f 5559/5559/5382 5557/5557/5380 5560/5560/5383
f 3313/3313/3199 5560/5560/5383 5557/5557/5380
f 3313/3313/3199 3314/3314/3200 5560/5560/5383
f 3314/3314/3200 3315/3315/3201 5561/5561/5384
f 3314/3314/3200 5561/5561/5384 5560/5560/5383
f 5562/5562/5385 5560/5560/5383 5561/5561/5384
f 3507/3507/3382 3506/3506/3381 5563/5563/5386
f 5564/5564/5387 5565/5565/5388 5563/5563/5386
f 3507/3507/3382 5563/5563/5386 5565/5565/5388
f 3506/3506/3381 5566/5566/5389 5563/5563/5386
f 5567/5567/5390 5563/5563/5386 5566/5566/5389
f 3506/3506/3381 3508/3508/3383 5566/5566/5389
f 3508/3508/3383 3509/3509/3384 5568/5568/5391
f 3508/3508/3383 5568/5568/5391 5566/5566/5389
f 5569/5569/5392 5566/5566/5389 5568/5568/5391
f 3509/3509/3384 3510/3510/3385 5570/5570/5393
f 3509/3509/3384 5570/5570/5393 5568/5568/5391
f 5571/5571/5394 5568/5568/5391 5570/5570/5393
f 3552/3552/3426 3551/3551/3425 5572/5572/5395
f 5573/5573/5396 5574/5574/5397 5572/5572/5395
f 3552/3552/3426 5572/5572/5395 5574/5574/5397
f 3551/3551/3425 5575/5575/5398 5572/5572/5395
f 5576/5576/5399 5572/5572/5395 5575/5575/5398
f 3551/3551/3425 3553/3553/3427 5575/5575/5398
f 3553/3553/3427 5577/5577/5400 5575/5575/5398
f 3553/3553/3427 3554/3554/3428 5577/5577/5400
f 5578/5578/5401 5575/5575/5398 5577/5577/5400
f 5579/5579/5402 5577/5577/5400 5580/5580/5403
f 3554/3554/3428 5580/5580/5403 5577/5577/5400
f 3554/3554/3428 3555/3555/3429 5580/5580/5403
f 3689/3689/3553 3687/3687/3551 5581/5581/5404
f 5582/5582/5405 5583/5583/5406 5581/5581/5404
f 3689/3689/3553 5581/5581/5404 5583/5583/5406
f 3687/3687/3551 5584/5584/5407 5581/5581/5404
f 5585/5585/5408 5581/5581/5404 5584/5584/5407
f 3687/3687/3551 3690/3690/3554 5584/5584/5407
f 3690/3690/3554 5586/5586/5409 5584/5584/5407
f 3690/3690/3554 3692/3692/3556 5586/5586/5409
f 5587/5587/5410 5584/5584/5407 5586/5586/5409
f 5588/5588/5411 5586/5586/5409 5589/5589/5412
f 3692/3692/3556 5589/5589/5412 5586/5586/5409
f 3692/3692/3556 3695/3695/3559 5589/5589/5412
f 5590/5590/5413 5591/5591/5414 5592/5592/5415
f 3809/3809/3665 5592/5592/5415 5591/5591/5414
f 3809/3809/3665 3807/3807/3663 5592/5592/5415
f 5593/5593/5416 5592/5592/5415 5594/5594/5417
f 3807/3807/3663 3810/3810/3666 5594/5594/5417
f 3807/3807/3663 5594/5594/5417 5592/5592/5415
f 5595/5595/5418 5594/5594/5417 5596/5596/5419
f 3810/3810/3666 5596/5596/5419 5594/5594/5417
f 3810/3810/3666 3813/3813/3669 5596/5596/5419
f 3813/3813/3669 3814/3814/3670 5597/5597/5420
f 3813/3813/3669 5597/5597/5420 5596/5596/5419
f 5598/5598/5421 5596/5596/5419 5597/5597/5420
f 3914/3914/3762 3912/3912/3760 5599/5599/5422
f 5600/5600/5423 5601/5601/5424 5599/5599/5422
f 3914/3914/3762 5599/5599/5422 5601/5601/5424
f 3912/3912/3760 5602/5602/5425 5599/5599/5422
f 5603/5603/5426 5599/5599/5422 5602/5602/5425
f 3912/3912/3760 3915/3915/3763 5602/5602/5425
f 3915/3915/3763 3918/3918/3766 5604/5604/5427
f 3915/3915/3763 5604/5604/5427 5602/5602/5425
f 5605/5605/5428 5602/5602/5425 5604/5604/5427
f 3918/3918/3766 3919/3919/1361 5606/5606/5429
f 3918/3918/3766 5606/5606/5429 5604/5604/5427
f 5607/5607/5430 5604/5604/5427 5606/5606/5429
f 3964/3964/3811 3962/3962/3809 5608/5608/5431
f 5609/5609/5432 5610/5610/5433 5608/5608/5431
f 3964/3964/3811 5608/5608/5431 5610/5610/5433
f 3962/3962/3809 5611/5611/5434 5608/5608/5431
f 5612/5612/5435 5608/5608/5431 5611/5611/5434
f 3962/3962/3809 3966/3966/3813 5611/5611/5434
f 3966/3966/3813 5613/5613/5436 5611/5611/5434
f 3966/3966/3813 3967/3967/3814 5613/5613/5436
f 5614/5614/5437 5611/5611/5434 5613/5613/5436
f 5615/5615/5438 5613/5613/5436 5616/5616/5439
f 3967/3967/3814 5616/5616/5439 5613/5613/5436
f 3967/3967/3814 3969/3969/3816 5616/5616/5439
f 4159/4159/4000 4157/4157/3998 5617/5617/5440
f 5618/5618/5441 5619/5619/5442 5617/5617/5440
f 4159/4159/4000 5617/5617/5440 5619/5619/5442
f 4157/4157/3998 5620/5620/5443 5617/5617/5440
f 5621/5621/5444 5617/5617/5440 5620/5620/5443
f 4157/4157/3998 4161/4161/4002 5620/5620/5443
f 4161/4161/4002 5622/5622/5445 5620/5620/5443
f 4161/4161/4002 4162/4162/4003 5622/5622/5445
f 5623/5623/5446 5620/5620/5443 5622/5622/5445
f 4162/4162/4003 4164/4164/4005 5624/5624/5447
f 5625/5625/5448 5622/5622/5445 5624/5624/5447
f 4162/4162/4003 5624/5624/5447 5622/5622/5445
f 5626/5626/5449 5627/5627/5450 5628/5628/5451
f 4209/4209/1564 4207/4207/4047 5628/5628/5451
f 4209/4209/1564 5628/5628/5451 5627/5627/5450
f 4207/4207/4047 4210/4210/4049 5629/5629/5452
f 4207/4207/4047 5629/5629/5452 5628/5628/5451
f 5630/5630/5453 5628/5628/5451 5629/5629/5452
f 4210/4210/4049 4213/4213/4052 5631/5631/5454
f 5632/5632/5455 5629/5629/5452 5631/5631/5454
f 4210/4210/4049 5631/5631/5454 5629/5629/5452
f 5633/5633/5456 5631/5631/5454 5634/5634/5457
f 4213/4213/4052 5634/5634/5457 5631/5631/5454
f 4213/4213/4052 4214/4214/4053 5634/5634/5457
f 5635/5635/5458 5636/5636/5459 5637/5637/5460
f 5635/5635/5458 5638/5638/5461 5636/5636/5459
f 5638/5638/5461 5639/5639/5462 5636/5636/5459
f 5638/5638/5461 5640/5640/5463 5639/5639/5462
f 5637/5637/5460 5636/5636/5459 5641/5641/5464
f 5637/5637/5460 5641/5641/5464 5642/5642/5465
f 5636/5636/5459 5639/5639/5462 5643/5643/5466
f 5636/5636/5459 5643/5643/5466 5641/5641/5464
f 5644/5644/5467 5645/5645/5468 5646/5646/5469
f 5644/5644/5467 5647/5647/5470 5645/5645/5468
f 5647/5647/5470 5648/5648/5471 5645/5645/5468
f 5647/5647/5470 5649/5649/5472 5648/5648/5471
f 5646/5646/5469 5645/5645/5468 5650/5650/5473
f 5646/5646/5469 5650/5650/5473 5651/5651/5474
f 5645/5645/5468 5652/5652/5475 5650/5650/5473
f 5645/5645/5468 5648/5648/5471 5652/5652/5475
f 5653/5653/5476 5654/5654/5477 5655/5655/5478
f 5653/5653/5476 5656/5656/5479 5654/5654/5477
f 5656/5656/5479 5657/5657/5480 5654/5654/5477
f 5656/5656/5479 5658/5658/5481 5657/5657/5480
f 5655/5655/5478 5654/5654/5477 5659/5659/5482
f 5655/5655/5478 5659/5659/5482 5660/5660/5483
f 5654/5654/5477 5661/5661/5484 5659/5659/5482
f 5654/5654/5477 5657/5657/5480 5661/5661/5484
f 5662/5662/5485 5663/5663/5486 5664/5664/5487
f 5662/5662/5485 5665/5665/5488 5663/5663/5486
f 5665/5665/5488 5666/5666/5489 5663/5663/5486
f 5665/5665/5488 5667/5667/5490 5666/5666/5489
f 5664/5664/5487 5663/5663/5486 5668/5668/5491
f 5664/5664/5487 5668/5668/5491 5669/5669/5492
f 5663/5663/5486 5670/5670/5493 5668/5668/5491
f 5663/5663/5486 5666/5666/5489 5670/5670/5493
f 5671/5671/5494 5672/5672/5495 5673/5673/5496
f 5671/5671/5494 5674/5674/5497 5672/5672/5495
f 5674/5674/5497 5675/5675/5498 5672/5672/5495
f 5674/5674/5497 5676/5676/5499 5675/5675/5498
f 5673/5673/5496 5672/5672/5495 5677/5677/5500
f 5673/5673/5496 5677/5677/5500 5678/5678/5501
f 5672/5672/5495 5679/5679/5502 5677/5677/5500
f 5672/5672/5495 5675/5675/5498 5679/5679/5502
f 5680/5680/5503 5681/5681/5504 5682/5682/5505
f 5680/5680/5503 5683/5683/5506 5681/5681/5504
f 5683/5683/5506 5684/5684/5507 5681/5681/5504
f 5683/5683/5506 5685/5685/5508 5684/5684/5507
f 5682/5682/5505 5681/5681/5504 5686/5686/5509
f 5682/5682/5505 5686/5686/5509 5687/5687/5510
f 5681/5681/5504 5684/5684/5507 5688/5688/5511
f 5681/5681/5504 5688/5688/5511 5686/5686/5509
f 5689/5653/5512 5690/5654/5513 5691/5655/5514
f 5689/5653/5512 5692/5656/5515 5690/5654/5513
f 5692/5656/5515 5693/5657/5516 5690/5654/5513
f 5692/5656/5515 5694/5658/5517 5693/5657/5516
f 5691/5655/5514 5690/5654/5513 5695/5659/5518
f 5691/5655/5514 5695/5659/5518 5696/5660/5519
f 5690/5654/5513 5697/5661/5520 5695/5659/5518
f 5690/5654/5513 5693/5657/5516 5697/5661/5520
f 5698/5689/5521 5699/5690/5522 5700/5691/5523
f 5698/5689/5521 5701/5692/5524 5699/5690/5522
f 5701/5692/5524 5702/5693/5525 5699/5690/5522
f 5701/5692/5524 5703/5694/5526 5702/5693/5525
f 5700/5691/5523 5699/5690/5522 5704/5695/5527
f 5700/5691/5523 5704/5695/5527 5705/5696/5528
f 5699/5690/5522 5706/5697/5529 5704/5695/5527
f 5699/5690/5522 5702/5693/5525 5706/5697/5529
f 5707/5635/5530 5708/5636/5531 5709/5637/5532
f 5707/5635/5530 5710/5638/5533 5708/5636/5531
f 5710/5638/5533 5711/5639/5534 5708/5636/5531
f 5710/5638/5533 5712/5640/5535 5711/5639/5534
f 5709/5637/5532 5708/5636/5531 5713/5641/5536
f 5709/5637/5532 5713/5641/5536 5714/5642/5537
f 5708/5636/5531 5715/5643/5538 5713/5641/5536
f 5708/5636/5531 5711/5639/5534 5715/5643/5538
f 5716/5698/5539 5717/5699/5540 5718/5700/5541
f 5716/5698/5539 5719/5701/5542 5717/5699/5540
f 5719/5701/5542 5720/5702/5543 5717/5699/5540
f 5719/5701/5542 5721/5703/5544 5720/5702/5543
f 5718/5700/5541 5717/5699/5540 5722/5704/5545
f 5718/5700/5541 5722/5704/5545 5723/5705/5546
f 5717/5699/5540 5724/5706/5547 5722/5704/5545
f 5717/5699/5540 5720/5702/5543 5724/5706/5547
f 5725/5707/5548 5726/5708/5549 5727/5709/5550
f 5725/5707/5548 5728/5710/5551 5726/5708/5549
f 5728/5710/5551 5729/5711/5552 5726/5708/5549
f 5728/5710/5551 5730/5712/5553 5729/5711/5552
f 5727/5709/5550 5726/5708/5549 5731/5713/5554
f 5727/5709/5550 5731/5713/5554 5732/5714/5555
f 5726/5708/5549 5729/5711/5552 5733/5715/5556
f 5726/5708/5549 5733/5715/5556 5731/5713/5554
f 5734/5716/5557 5735/5717/5558 5736/5718/5559
f 5734/5716/5557 5737/5719/5560 5735/5717/5558
f 5737/5719/5560 5738/5720/5561 5735/5717/5558
f 5737/5719/5560 5739/5721/5562 5738/5720/5561
f 5736/5718/5559 5735/5717/5558 5740/5722/5563
f 5736/5718/5559 5740/5722/5563 5741/5723/5564
f 5735/5717/5558 5742/5724/5565 5740/5722/5563
f 5735/5717/5558 5738/5720/5561 5742/5724/5565
f 5743/5707/5566 5744/5708/5567 5745/5709/5568
f 5743/5707/5566 5746/5710/5569 5744/5708/5567
f 5746/5710/5569 5747/5711/5570 5744/5708/5567
f 5746/5710/5569 5748/5712/5571 5747/5711/5570
f 5745/5709/5568 5744/5708/5567 5749/5713/5572
f 5745/5709/5568 5749/5713/5572 5750/5714/5573
f 5744/5708/5567 5751/5715/5574 5749/5713/5572
f 5744/5708/5567 5747/5711/5570 5751/5715/5574
f 5752/5725/5575 5753/5726/5576 5754/5727/5577
f 5752/5725/5575 5755/5728/5578 5753/5726/5576
f 5755/5728/5578 5756/5729/5579 5753/5726/5576
f 5755/5728/5578 5757/5730/5580 5756/5729/5579
f 5754/5727/5577 5753/5726/5576 5758/5731/5581
f 5754/5727/5577 5758/5731/5581 5759/5732/5582
f 5753/5726/5576 5760/5733/5583 5758/5731/5581
f 5753/5726/5576 5756/5729/5579 5760/5733/5583
f 5761/5734/5584 5762/5735/5585 5763/5736/5586
f 5761/5734/5584 5764/5737/5587 5762/5735/5585
f 5764/5737/5587 5765/5738/5588 5762/5735/5585
f 5764/5737/5587 5766/5739/5589 5765/5738/5588
f 5763/5736/5586 5762/5735/5585 5767/5740/5590
f 5763/5736/5586 5767/5740/5590 5768/5741/5591
f 5762/5735/5585 5769/5742/5592 5767/5740/5590
f 5762/5735/5585 5765/5738/5588 5769/5742/5592
f 5770/5743/5593 5771/5744/5594 5772/5745/5595
f 5770/5743/5593 5773/5746/5596 5771/5744/5594
f 5773/5746/5596 5774/5747/5597 5771/5744/5594
f 5773/5746/5596 5775/5748/5598 5774/5747/5597
f 5772/5745/5595 5771/5744/5594 5776/5749/5599
f 5772/5745/5595 5776/5749/5599 5777/5750/5600
f 5771/5744/5594 5774/5747/5597 5778/5751/5601
f 5771/5744/5594 5778/5751/5601 5776/5749/5599
f 5779/5743/5602 5780/5744/5603 5781/5745/5604
f 5779/5743/5602 5782/5746/5605 5780/5744/5603
f 5782/5746/5605 5783/5747/5606 5780/5744/5603
f 5782/5746/5605 5784/5748/5607 5783/5747/5606
f 5781/5745/5604 5780/5744/5603 5785/5749/5608
f 5781/5745/5604 5785/5749/5608 5786/5750/5609
f 5780/5744/5603 5787/5751/5610 5785/5749/5608
f 5780/5744/5603 5783/5747/5606 5787/5751/5610
f 5788/5752/5611 5789/5753/5612 5790/5754/5613
f 5788/5752/5611 5791/5755/5614 5789/5753/5612
f 5791/5755/5614 5792/5756/5615 5789/5753/5612
f 5791/5755/5614 5793/5757/5616 5792/5756/5615
f 5790/5754/5613 5789/5753/5612 5794/5758/5617
f 5790/5754/5613 5794/5758/5617 5795/5759/5618
f 5789/5753/5612 5796/5760/5619 5794/5758/5617
f 5789/5753/5612 5792/5756/5615 5796/5760/5619
f 5797/5761/5620 5798/5762/5621 5799/5763/5622
f 5797/5761/5620 5800/5764/5623 5798/5762/5621
f 5800/5764/5623 5801/5765/5624 5798/5762/5621
f 5800/5764/5623 5802/5766/5625 5801/5765/5624
f 5799/5763/5622 5798/5762/5621 5803/5767/5626
f 5799/5763/5622 5803/5767/5626 5804/5768/5627
f 5798/5762/5621 5805/5769/5628 5803/5767/5626
f 5798/5762/5621 5801/5765/5624 5805/5769/5628
f 5806/5761/5629 5807/5762/5630 5808/5763/5631
f 5806/5761/5629 5809/5764/5632 5807/5762/5630
f 5809/5764/5632 5810/5765/5633 5807/5762/5630
f 5809/5764/5632 5811/5766/5634 5810/5765/5633
f 5808/5763/5631 5807/5762/5630 5812/5767/5635
f 5808/5763/5631 5812/5767/5635 5813/5768/5636
f 5807/5762/5630 5814/5769/5637 5812/5767/5635
f 5807/5762/5630 5810/5765/5633 5814/5769/5637
f 5815/5770/5638 5816/5771/5639 5817/5772/5640
f 5815/5770/5638 5818/5773/5641 5816/5771/5639
f 5818/5773/5641 5819/5774/5642 5816/5771/5639
f 5818/5773/5641 5820/5775/5643 5819/5774/5642
f 5817/5772/5640 5816/5771/5639 5821/5776/5644
f 5817/5772/5640 5821/5776/5644 5822/5777/5645
f 5816/5771/5639 5819/5774/5642 5823/5778/5646
f 5816/5771/5639 5823/5778/5646 5821/5776/5644
f 5824/5779/5647 5825/5780/5648 5826/5781/5649
f 5824/5779/5647 5827/5782/5650 5825/5780/5648
f 5827/5782/5650 5828/5783/5651 5825/5780/5648
f 5827/5782/5650 5829/5784/5652 5828/5783/5651
f 5826/5781/5649 5825/5780/5648 5830/5785/5653
f 5826/5781/5649 5830/5785/5653 5831/5786/5654
f 5825/5780/5648 5832/5787/5655 5830/5785/5653
f 5825/5780/5648 5828/5783/5651 5832/5787/5655
f 5833/5788/5656 5834/5789/5657 5835/5790/5658
f 5833/5788/5656 5836/5791/5659 5834/5789/5657
f 5836/5791/5659 5837/5792/5660 5834/5789/5657
f 5836/5791/5659 5838/5793/5661 5837/5792/5660
f 5835/5790/5658 5834/5789/5657 5839/5794/5662
f 5835/5790/5658 5839/5794/5662 5840/5795/5663
f 5834/5789/5657 5841/5796/5664 5839/5794/5662
f 5834/5789/5657 5837/5792/5660 5841/5796/5664
f 5842/5779/5665 5843/5780/5666 5844/5781/5667
f 5842/5779/5665 5845/5782/5668 5843/5780/5666
f 5845/5782/5668 5846/5783/5669 5843/5780/5666
f 5845/5782/5668 5847/5784/5670 5846/5783/5669
f 5844/5781/5667 5843/5780/5666 5848/5785/5671
f 5844/5781/5667 5848/5785/5671 5849/5786/5672
f 5843/5780/5666 5850/5787/5673 5848/5785/5671
f 5843/5780/5666 5846/5783/5669 5850/5787/5673
f 5851/5788/5674 5852/5789/5675 5853/5790/5676
f 5851/5788/5674 5854/5791/5677 5852/5789/5675
f 5854/5791/5677 5855/5792/5678 5852/5789/5675
f 5854/5791/5677 5856/5793/5679 5855/5792/5678
f 5853/5790/5676 5852/5789/5675 5857/5794/5680
f 5853/5790/5676 5857/5794/5680 5858/5795/5681
f 5852/5789/5675 5859/5796/5682 5857/5794/5680
f 5852/5789/5675 5855/5792/5678 5859/5796/5682
f 5860/5788/5683 5861/5789/5684 5862/5790/5685
f 5860/5788/5683 5863/5791/5686 5861/5789/5684
f 5863/5791/5686 5864/5792/5687 5861/5789/5684
f 5863/5791/5686 5865/5793/5688 5864/5792/5687
f 5862/5790/5685 5861/5789/5684 5866/5794/5689
f 5862/5790/5685 5866/5794/5689 5867/5795/5690
f 5861/5789/5684 5864/5792/5687 5868/5796/5691
f 5861/5789/5684 5868/5796/5691 5866/5794/5689
f 5869/5788/5692 5870/5789/5693 5871/5790/5694
f 5869/5788/5692 5872/5791/5695 5870/5789/5693
f 5872/5791/5695 5873/5792/5696 5870/5789/5693
f 5872/5791/5695 5874/5793/5697 5873/5792/5696
f 5871/5790/5694 5870/5789/5693 5875/5794/5698
f 5871/5790/5694 5875/5794/5698 5876/5795/5699
f 5870/5789/5693 5873/5792/5696 5877/5796/5700
f 5870/5789/5693 5877/5796/5700 5875/5794/5698
f 5878/5779/5701 5879/5780/5702 5880/5781/5703
f 5878/5779/5701 5881/5782/5704 5879/5780/5702
f 5881/5782/5704 5882/5783/5705 5879/5780/5702
f 5881/5782/5704 5883/5784/5706 5882/5783/5705
f 5880/5781/5703 5879/5780/5702 5884/5785/5707
f 5880/5781/5703 5884/5785/5707 5885/5786/5708
f 5879/5780/5702 5882/5783/5705 5886/5787/5709
f 5879/5780/5702 5886/5787/5709 5884/5785/5707
f 5887/5797/5710 5888/5798/5711 5889/5799/5712
f 5887/5797/5710 5890/5800/5713 5888/5798/5711
f 5890/5800/5713 5891/5801/5714 5888/5798/5711
f 5890/5800/5713 5892/5802/5715 5891/5801/5714
f 5889/5799/5712 5888/5798/5711 5893/5803/5716
f 5889/5799/5712 5893/5803/5716 5894/5804/5717
f 5888/5798/5711 5895/5805/5718 5893/5803/5716
f 5888/5798/5711 5891/5801/5714 5895/5805/5718
f 5896/5806/5719 5897/5807/5720 5898/5808/5721
f 5896/5806/5719 5899/5809/5722 5897/5807/5720
f 5899/5809/5722 5900/5810/5723 5897/5807/5720
f 5899/5809/5722 5901/5811/5724 5900/5810/5723
f 5898/5808/5721 5897/5807/5720 5902/5812/5725
f 5898/5808/5721 5902/5812/5725 5903/5813/5726
f 5897/5807/5720 5904/5814/5727 5902/5812/5725
f 5897/5807/5720 5900/5810/5723 5904/5814/5727
f 5905/5815/5728 5906/5816/5729 5907/5817/5730
f 5905/5815/5728 5908/5818/5731 5906/5816/5729
f 5908/5818/5731 5909/5819/5732 5906/5816/5729
f 5908/5818/5731 5910/5820/5733 5909/5819/5732
f 5907/5817/5730 5906/5816/5729 5911/5821/5734
f 5907/5817/5730 5911/5821/5734 5912/5822/5735
f 5906/5816/5729 5909/5819/5732 5913/5823/5736
f 5906/5816/5729 5913/5823/5736 5911/5821/5734
f 5914/5815/5737 5915/5816/5738 5916/5817/5739
f 5914/5815/5737 5917/5818/5740 5915/5816/5738
f 5917/5818/5740 5918/5819/5741 5915/5816/5738
f 5917/5818/5740 5919/5820/5742 5918/5819/5741
f 5916/5817/5739 5915/5816/5738 5920/5821/5743
f 5916/5817/5739 5920/5821/5743 5921/5822/5744
f 5915/5816/5738 5922/5823/5745 5920/5821/5743
f 5915/5816/5738 5918/5819/5741 5922/5823/5745
f 5923/5824/5746 5924/5825/5747 5925/5826/5748
f 5923/5824/5746 5926/5827/5749 5924/5825/5747
f 5926/5827/5749 5927/5828/5750 5924/5825/5747
f 5926/5827/5749 5928/5829/5751 5927/5828/5750
f 5925/5826/5748 5924/5825/5747 5929/5830/5752
f 5925/5826/5748 5929/5830/5752 5930/5831/5753
f 5924/5825/5747 5931/5832/5754 5929/5830/5752
f 5924/5825/5747 5927/5828/5750 5931/5832/5754
f 5932/5824/5755 5933/5825/5756 5934/5826/5757
f 5932/5824/5755 5935/5827/5758 5933/5825/5756
f 5935/5827/5758 5936/5828/5759 5933/5825/5756
f 5935/5827/5758 5937/5829/5760 5936/5828/5759
f 5934/5826/5757 5933/5825/5756 5938/5830/5761
f 5934/5826/5757 5938/5830/5761 5939/5831/5762
f 5933/5825/5756 5940/5832/5763 5938/5830/5761
f 5933/5825/5756 5936/5828/5759 5940/5832/5763
f 5941/5833/5764 5942/5834/5765 5943/5835/5766
f 5941/5833/5764 5944/5836/5767 5942/5834/5765
f 5944/5836/5767 5945/5837/5768 5942/5834/5765
f 5944/5836/5767 5946/5838/5769 5945/5837/5768
f 5943/5835/5766 5942/5834/5765 5947/5839/5770
f 5943/5835/5766 5947/5839/5770 5948/5840/5771
f 5942/5834/5765 5949/5841/5772 5947/5839/5770
f 5942/5834/5765 5945/5837/5768 5949/5841/5772
f 5950/5824/5773 5951/5825/5774 5952/5826/5775
f 5950/5824/5773 5953/5827/5776 5951/5825/5774
f 5953/5827/5776 5954/5828/5777 5951/5825/5774
f 5953/5827/5776 5955/5829/5778 5954/5828/5777
f 5952/5826/5775 5951/5825/5774 5956/5830/5779
f 5952/5826/5775 5956/5830/5779 5957/5831/5780
f 5951/5825/5774 5954/5828/5777 5958/5832/5781
f 5951/5825/5774 5958/5832/5781 5956/5830/5779
f 5959/5833/5782 5960/5834/5783 5961/5835/5784
f 5959/5833/5782 5962/5836/5785 5960/5834/5783
f 5962/5836/5785 5963/5837/5786 5960/5834/5783
f 5962/5836/5785 5964/5838/5787 5963/5837/5786
f 5961/5835/5784 5960/5834/5783 5965/5839/5788
f 5961/5835/5784 5965/5839/5788 5966/5840/5789
f 5960/5834/5783 5967/5841/5790 5965/5839/5788
f 5960/5834/5783 5963/5837/5786 5967/5841/5790
f 5968/5824/5791 5969/5825/5792 5970/5826/5793
f 5968/5824/5791 5971/5827/5794 5969/5825/5792
f 5971/5827/5794 5972/5828/5795 5969/5825/5792
f 5971/5827/5794 5973/5829/5795 5972/5828/5795
f 5970/5826/5793 5969/5825/5792 5974/5830/5796
f 5970/5826/5793 5974/5830/5796 5975/5831/5793
f 5969/5825/5792 5976/5832/5797 5974/5830/5796
f 5969/5825/5792 5972/5828/5795 5976/5832/5797
f 5977/5833/5798 5978/5834/5799 5979/5835/5800
f 5977/5833/5798 5980/5836/5801 5978/5834/5799
f 5980/5836/5801 5981/5837/5802 5978/5834/5799
f 5980/5836/5801 5982/5838/5803 5981/5837/5802
f 5979/5835/5800 5978/5834/5799 5983/5839/5804
f 5979/5835/5800 5983/5839/5804 5984/5840/5805
f 5978/5834/5799 5985/5841/5806 5983/5839/5804
f 5978/5834/5799 5981/5837/5802 5985/5841/5806
